identifier,logp_crippen,mol_weight,hb_donors,hb_acceptors,smiles
ABADOY,-1.0316999999999998,235.026291388,2,5,[NH3+]c1ccc(cc1)S(N)(=O)=O.O=N(=O)[O-]
ABAJAQ,-2.2251999999999965,374.060628296,2,6,O=S(=O)([O-])c1cccc2c1cccc2S(=O)(=O)[O-].[NH2+]1CC[NH2+]CC1
ABAQEB,-0.28979999999999806,266.126657056,2,4,OC(=O)C1CCCCC1C(=O)[O-].Nc1cc[nH+]cc1
ABEHOF,-0.1777000000000007,346.0760780279999,2,8,O=N(=O)c1cc(c([O-])c(c1)N(=O)=O)N(=O)=O.[NH3+]C(C(C)C)C(O)=O
ABEKUN,3.7448000000000023,292.121177752,2,4,Oc1cccc(O)c1.c1cc(ccn1)C=Cc1ccncc1
ABEKUN01,3.7448000000000023,292.121177752,2,4,Oc1cccc(O)c1.c1cc(ccn1)C=Cc1ccncc1
ABEKUN02,3.7448000000000015,292.121177752,2,4,c1cc(ccn1)C=Cc1ccncc1.Oc1cccc(O)c1
ABEKUN03,3.7448000000000023,292.121177752,2,4,Oc1cccc(O)c1.c1cc(ccn1)C=Cc1ccncc1
ABEKUN04,3.7448000000000023,292.121177752,2,4,Oc1cccc(O)c1.c1cc(ccn1)C=Cc1ccncc1
ABEKUN05,3.7448000000000023,292.121177752,2,4,Oc1cccc(O)c1.c1cc(ccn1)C=Cc1ccncc1
ABEKUN06,3.7448000000000023,292.121177752,2,4,Oc1cccc(O)c1.c1cc(ccn1)C=Cc1ccncc1
ABEKUN07,3.7448000000000023,292.121177752,2,4,Oc1cccc(O)c1.c1cc(ccn1)C=Cc1ccncc1
ABEKUN08,3.7448000000000023,292.121177752,2,4,Oc1cccc(O)c1.c1cc(ccn1)C=Cc1ccncc1
ABELIC,3.7448000000000023,292.121177752,2,4,Oc1cccc(O)c1.c1ccc(C=Cc2ccccn2)nc1
ABIREM,3.1390400000000005,437.163393976,2,8,CN1N=C2C=C(C=CC2=C1C)N(C)c1ccnc(Nc2ccc(C)c(c2)S(N)(=O)=O)n1
ABOQUF,4.485000000000002,346.131742436,3,3,Oc1ccc(O)cc1.NC(=O)N1c2ccccc2C=Cc2ccccc12
ABORAM,0.19189999999999918,252.111006992,3,4,NC(=O)CN1CCCC1=O.Oc1ccc(O)cc1
ABULEQ,2.4241000000000015,310.095356928,3,4,NC(=O)c1cccnc1.OC(=O)c1cc2ccccc2cc1O
ABULEQ02,2.4241000000000015,310.095356928,3,4,NC(=O)c1cccnc1.OC(=O)c1cc2ccccc2cc1O
ABULIU,0.3227999999999998,277.10625596,3,4,Nc1ccc(cc1)C(O)=O.NC(=O)c1cccnc1.O
ACABUD,-0.022300000000000375,250.075370432,2,4,Oc1ccc(F)cc1C(=O)[O-].Nc1cc[nH+]cc1
ACACAK,0.4432,357.98144021200005,2,4,Oc1ccc(I)cc1C(=O)[O-].Nc1cc[nH+]cc1
ACACEO,1.5248000000000002,437.02363937200005,2,5,Oc1ccc(I)cc1C(=O)[O-].Nc1cc[nH+]cc1.c1ccncc1
ACACIS,-0.9775000000000005,280.105921612,2,5,COc1ccc(O)c(c1)C(=O)[O-].Nc1cc[nH+]cc1.O
ACACOY,0.29404000000000086,492.200884616,4,8,Cc1ccc(O)c(c1)C(=O)[O-].Nc1cc[nH+]cc1.Cc1ccc(O)c(c1)C(=O)[O-].Nc1cc[nH+]cc1
ACACUE,-0.25320000000000026,277.06987045200003,2,6,Oc1ccc(cc1C(=O)[O-])N(=O)=O.Nc1cc[nH+]cc1
ACCHOB11,-2.740299999999997,225.036440852,0,2,[Br-].CC(=O)OCC[N+](C)(C)C
ACEQOQ,-2.8118999999999987,272.08691748399997,2,8,CN1N=NC2=C(N=CN2C1=O)C(N)=O.O.CC(O)=O
ACEQUW,-1.9871999999999987,254.0763528,2,8,CN1N=NC2=C(N=CN2C1=O)C(N)=O.CC(O)=O
ACERUX,-3.190999999999997,328.0767467239999,3,9,O.CN1N=NC2=C(N=CN2C1=O)C(N)=O.OC(=O)C=CC(O)=O
ACESEI,-2.9224999999999994,284.050531976,3,9,OC(=O)C(O)=O.CN1N=NC2=C(N=CN2C1=O)C(N)=O
ACESIL,3.2772000000000014,299.11575802400006,4,5,Oc1ccc(O)cc1.Oc1ccc(O)cc1.c1ccncc1
ACESOS,-1.812399999999999,350.09748216799994,3,9,CN1N=NC2=C(N=CN2C1=O)C(N)=O.OC(=O)c1ccc(O)cc1.O
ACESUY,-2.142299999999998,312.08183210399994,3,9,CN1N=NC2=C(N=CN2C1=O)C(N)=O.OC(=O)CCC(O)=O
ACETAF,-0.9876999999999996,332.08691748399997,3,9,OC(=O)c1ccccc1O.CN1N=NC2=C(N=CN2C1=O)C(N)=O
ACETAF01,-0.9876999999999996,332.08691748399997,3,9,OC(=O)c1ccccc1O.CN1N=NC2=C(N=CN2C1=O)C(N)=O
ACHOLC,-2.740299999999997,181.086956432,0,2,[Cl-].CC(=O)OCC[N+](C)(C)C
ACHOLC01,-2.740299999999996,181.086956432,0,2,CC(=O)OCC[N+](C)(C)C.[Cl-]
ACHOLP,0.25570000000000004,146.11755517209,0,2,CC(=O)OCC[N+](C)(C)C
ACHTAR10,-3.201599999999995,295.126716632,3,7,CC(=O)OCC[N+](C)(C)C.OC(C(O)C(=O)[O-])C(O)=O
ACHTPB,3.319700000000001,465.283909792,0,2,CC(=O)OCC[N+](C)(C)C.c1ccc(cc1)[B-](c1ccccc1)(c1ccccc1)c1ccccc1
ACIFAT,-0.5177999999999994,400.03249896399996,3,8,[NH3+]c1ccc(cc1)S(N)(=O)=O.OC(=O)c1cc(cc(c1[O-])N(=O)=O)N(=O)=O
ACOPOA,0.3714999999999998,277.06987045200003,4,6,NC(=O)c1cnccn1.OC(=O)c1cc(O)cc(O)c1
ACOPUG,1.0740999999999996,317.10117058000003,3,6,NC(=O)c1cnccn1.COc1cc(C=CC(O)=O)ccc1O
ACOYOG,3.3596000000000013,294.136827816,2,4,Oc1cccc(O)c1.C(Cc1ccncc1)c1ccncc1
ACOYOG01,3.359600000000002,294.136827816,2,4,C(Cc1ccncc1)c1ccncc1.Oc1cccc(O)c1
ACPRET,2.560600000000001,402.20423868,1,6,CC(=O)OCC(=O)C1(O)CCC2C3CCC4=CC(=O)CCC4(C)C3C(=O)CC12C
ACPRET03,2.560600000000001,402.20423868,1,6,CC(=O)OCC(=O)C1(O)CCC2C3CCC4=CC(=O)CCC4(C)C3C(=O)CC12C
ACRMSA,0.5433000000000003,461.117604928,3,5,COc1cc(NS(C)(=O)=O)ccc1Nc1c2ccccc2[nH+]c2ccccc12.[Cl-].CO
ACSALA,1.3101,180.042258736,1,3,CC(=O)Oc1ccccc1C(O)=O
ACSALA01,1.3101,180.042258736,1,3,CC(=O)Oc1ccccc1C(O)=O
ACSALA02,1.3101,180.042258736,1,3,CC(=O)Oc1ccccc1C(O)=O
ACSALA03,1.3101,180.042258736,1,3,CC(=O)Oc1ccccc1C(O)=O
ACSALA04,1.3101,180.042258736,1,3,CC(=O)Oc1ccccc1C(O)=O
ACSALA05,1.3101,180.042258736,1,3,CC(=O)Oc1ccccc1C(O)=O
ACSALA06,1.3101,180.042258736,1,3,CC(=O)Oc1ccccc1C(O)=O
ACSALA07,1.3101,180.042258736,1,3,CC(=O)Oc1ccccc1C(O)=O
ACSALA08,1.3101,180.042258736,1,3,CC(=O)Oc1ccccc1C(O)=O
ACSALA09,1.3101,180.042258736,1,3,CC(=O)Oc1ccccc1C(O)=O
ACSALA10,1.3101,180.042258736,1,3,CC(=O)Oc1ccccc1C(O)=O
ACSALA11,1.3101,180.042258736,1,3,CC(=O)Oc1ccccc1C(O)=O
ACSALA12,1.3101,180.042258736,1,3,CC(=O)Oc1ccccc1C(O)=O
ACSALA13,1.3101,180.042258736,1,3,CC(=O)Oc1ccccc1C(O)=O
ACSALA14,1.3101,180.042258736,1,3,CC(=O)Oc1ccccc1C(O)=O
ACSALA15,1.3101,180.042258736,1,3,CC(=O)Oc1ccccc1C(O)=O
ACSALA17,1.3101,180.042258736,1,3,CC(=O)Oc1ccccc1C(O)=O
ACSALA19,1.3101,180.042258736,1,3,CC(=O)Oc1ccccc1C(O)=O
ACSALA20,1.3101,180.042258736,1,3,CC(=O)Oc1ccccc1C(O)=O
ACSALA21,1.3101,180.042258736,1,3,CC(=O)Oc1ccccc1C(O)=O
ACSALA23,2.6202000000000005,360.08451747199996,2,6,CC(=O)Oc1ccccc1C(O)=O.CC(=O)Oc1ccccc1C(O)=O
ACSALA24,2.6202000000000005,360.08451747199996,2,6,CC(=O)Oc1ccccc1C(O)=O.CC(=O)Oc1ccccc1C(O)=O
ACSALA25,1.3101,180.042258736,1,3,CC(=O)Oc1ccccc1C(O)=O
ACSALA26,1.3101,180.042258736,1,3,CC(=O)Oc1ccccc1C(O)=O
ACSALA27,1.3101,180.042258736,1,3,CC(=O)Oc1ccccc1C(O)=O
ACSALA28,1.3101,180.042258736,1,3,CC(=O)Oc1ccccc1C(O)=O
ACSALA29,1.3101,180.042258736,1,3,CC(=O)Oc1ccccc1C(O)=O
ACSALA31,1.3101,180.042258736,1,3,CC(=O)Oc1ccccc1C(O)=O
ACSALA32,1.3101,180.042258736,1,3,CC(=O)Oc1ccccc1C(O)=O
ACSALA33,1.3101,180.042258736,1,3,CC(=O)Oc1ccccc1C(O)=O
ACSALA34,1.3101,180.042258736,1,3,CC(=O)Oc1ccccc1C(O)=O
ACSALA35,1.3101,180.042258736,1,3,CC(=O)Oc1ccccc1C(O)=O
ACSALA38,1.3101,180.042258736,1,3,CC(=O)Oc1ccccc1C(O)=O
ACSALA39,1.3101,180.042258736,1,3,CC(=O)Oc1ccccc1C(O)=O
ACSALA40,1.3101,180.042258736,1,3,CC(=O)Oc1ccccc1C(O)=O
ACSALA41,1.3101,180.042258736,1,3,CC(=O)Oc1ccccc1C(O)=O
ACSALA42,1.3101,180.042258736,1,3,CC(=O)Oc1ccccc1C(O)=O
ACSALA43,1.3101,180.042258736,1,3,CC(=O)Oc1ccccc1C(O)=O
ACSALA44,1.3101,180.042258736,1,3,CC(=O)Oc1ccccc1C(O)=O
ACTART11,-3.201599999999995,295.126716632,3,7,CC(=O)OCC[N+](C)(C)C.OC(C(O)C(=O)[O-])C(O)=O
ACTYSN,0.5239999999999998,223.084457896,3,3,CC(=O)NC(Cc1ccc(O)cc1)C(O)=O
ACUDAG,0.9415799999999996,284.090940244,3,5,NNC(=O)c1ccncc1.OC(=O)c1ccc(cc1)C#N
ACUDIO,0.9781,304.08076948400003,3,6,OC(=O)c1ccc(cc1)N(=O)=O.NNC(=O)c1ccncc1
ACXMAC,-1.313,93.042593084,2,2,CC(=O)NO.O
ADAJAT,-0.5088000000000001,129.033839968,2,3,NC1=NC(=O)NC=C1F
ADAJAT01,-0.5088000000000001,129.033839968,2,3,NC1=NC(=O)NC=C1F
ADEDIX,2.0295999999999994,334.05581768800005,2,5,Nc1ccc(cc1)S(=O)(=O)N=C1NC=CS1.c1ccncc1
ADEDIX01,2.0295999999999994,334.05581768800005,2,5,Nc1ccc(cc1)S(=O)(=O)N=C1NC=CS1.c1ccncc1
ADEDIX02,2.0295999999999994,334.05581768800005,2,5,Nc1ccc(cc1)S(=O)(=O)N=C1NC=CS1.c1ccncc1
ADEFOF,-0.162299999999999,471.101303232,3,7,NS(=O)(=O)c1cc2c(NCNS2(=O)=O)cc1Cl.CN(C)C(C)=O.CN(C)C(C)=O
ADENBH,-4.466499999999999,232.991221976,2,3,[Br-].O.Nc1[nH+]cnc2NC=Nc12
ADENCH,-4.466499999999999,189.041737556,2,3,O.[Cl-].Nc1[nH+]cnc2NC=Nc12
ADENCH01,-4.466499999999999,189.041737556,2,3,[Cl-].O.Nc1[nH+]cnc2NC=Nc12
ADENCH02,-4.466499999999999,189.041737556,2,3,[Cl-].Nc1[nH+]cnc2NC=Nc12.O
ADENCH03,-4.466499999999999,189.041737556,2,3,Nc1[nH+]cnc2NC=Nc12.[Cl-].O
ADENCH04,-4.466499999999999,189.041737556,2,3,[Cl-].O.Nc1[nH+]cnc2NC=Nc12
ADENDH,-7.2187,207.00785058399998,2,2,[Cl-].[Cl-].Nc1[nH+]cnc2NC=[NH+]c12
ADENDH02,-7.2187,207.00785058399998,2,2,[Cl-].[Cl-].Nc1[nH+]cnc2NC=[NH+]c12
ADENDH03,-7.2187,207.00785058399998,2,2,[Cl-].[Cl-].Nc1[nH+]cnc2NC=[NH+]c12
ADENDH04,-7.2187,207.00785058399998,2,2,[Cl-].[Cl-].NC1=C2[NH+]=CNC2=NC=[NH+]1
ADENIJ,2.0026,418.15624293199994,1,5,C[NH+](C)CCOC(c1ccccc1)c1ccccc1.CC1=CC(=O)[N-]S(=O)(=O)O1
ADENOH10,-2.3553999999999986,352.1224743480899,4,9,Nc1[nH+]cnc2NC=Nc12.Nc1[nH+]cnc2NC=Nc12.O=N(=O)[O-].O
ADENOP,-2.9979999999999976,292.095373992,3,4,CC1=CC(=O)[N-]S(=O)(=O)O1.CN(C)C(=[NH2+])N=C(N)N
ADENOS01,-1.9800000000000006,267.096753896,4,9,NC1=NC=NC2=C1N=CN2C1OC(CO)C(O)C1O
ADENOS10,-1.9799999999999998,267.096753896,4,9,Nc1ncnc2N(C=Nc12)C1OC(CO)C(O)C1O
ADENOS11,-1.9800000000000006,267.096753896,4,9,NC1=NC=NC2=C1N=CN2C1OC(CO)C(O)C1O
ADENOS12,-1.9800000000000006,267.096753896,4,9,NC1=NC=NC2=C1N=CN2C1OC(CO)C(O)C1O
ADENOS13,-1.9799999999999998,267.096753896,4,9,Nc1ncnc2N(C=Nc12)C1OC(CO)C(O)C1O
ADENOS14,-1.9799999999999998,267.096753896,4,9,Nc1ncnc2N(C=Nc12)C1OC(CO)C(O)C1O
ADENPH,-2.2063999999999995,233.031390366,4,5,OP(O)(=O)[O-].Nc1[nH+]cnc2NC=Nc12
ADENSL,-2.5646999999999993,233.021874704,2,6,O=S(=O)([O-])[O-].Nc1[nH+]cnc2NC=[NH+]c12
ADEQUW,-4.392199999999995,313.14258004409004,2,2,[Cl-].O.O.c1cnc2c(c1)ccc1cccnc21.[NH3+]CC[NH3+]
ADEQUW01,-4.392199999999997,313.1425800440899,2,2,c1cnc2c(c1)ccc1cccnc21.[NH3+]CC[NH3+].[Cl-].O.O
ADERUX,-5.545899999999997,245.10117058,2,5,[NH3+]CC[NH3+].O.O=C([O-])c1ccc(nc1)C(=O)[O-]
ADOSHC,-5.556899999999996,303.07343160799996,4,8,[Cl-].Nc1[nH+]cnc2N(C=Nc12)C1OC(CO)C(O)C1O
ADRENL,-1.3075999999999997,183.089543276,3,3,C[NH2+]CC(O)c1ccc(O)c([O-])c1
AEDTAH,-7.574800000000003,292.09066547199996,4,6,OC(=O)C[NH+](CC[NH+](CC(O)=O)CC(=O)[O-])CC(=O)[O-]
AETHRE,-3.272399999999999,119.058243148,2,3,[NH3+]C(C(C)O)C(=O)[O-]
AFEDIY,0.6946000000000001,295.03598348,1,5,Clc1cc(ccc1C(=O)[O-])N(=O)=O.Nc1cc[nH+]cc1
AFEDOE,0.6946000000000001,295.03598348,1,5,Clc1ccc(cc1C(=O)[O-])N(=O)=O.Nc1cc[nH+]cc1
AFEDUK,0.6946000000000001,295.03598348,1,5,Clc1ccc(c(c1)C(=O)[O-])N(=O)=O.Nc1cc[nH+]cc1
AFEFAS,0.6945999999999999,295.03598348,1,5,Clc1ccc(C(=O)[O-])c(c1)N(=O)=O.Nc1cc[nH+]cc1
AFEMIJ,0.9118999999999995,388.079467744,1,7,CN1C=NC2=C1C(=O)N(C)C(=O)N2C.OC(=O)c1cc(F)c(F)c(F)c1F
AFEQEJ,0.6336999999999995,352.098311368,1,7,CN1C=NC2=C1C(=O)N(C)C(=O)N2C.OC(=O)c1c(F)cccc1F
AFEQIN,0.6336999999999995,352.098311368,1,7,CN1C=NC2=C1C(=O)N(C)C(=O)N2C.OC(=O)c1cc(F)ccc1F
AFEQOT,0.6336999999999999,352.098311368,1,7,CN1C=NC2=C1C(=O)N(C)C(=O)N2C.OC(=O)c1cccc(F)c1F
AFEQUZ,0.4945999999999999,334.10773318,1,7,CN1C=NC2=C1C(=O)N(C)C(=O)N2C.OC(=O)c1cccc(F)c1
AFERAG,0.4946000000000001,334.10773318,1,7,CN1C=NC2=C1C(=O)N(C)C(=O)N2C.OC(=O)c1ccccc1F
AFEREK,0.35549999999999987,316.117154992,1,7,CN1C=NC2=C1C(=O)N(C)C(=O)N2C.OC(=O)c1ccccc1
AFESOU,1.8094000000000001,460.08980994399997,2,9,CCc1[nH+]c(N)nc(N)c1c1ccc(Cl)cc1.O=C([O-])c1cc(cc(c1)N(=O)=O)N(=O)=O
AFIGED,0.4795999999999997,225.11134134,3,5,Oc1ccc(cc1)N(=O)=O.C1CNCCN1
AFIRIU,4.730400000000003,415.15320615200005,3,3,CC(=O)Nc1ccc(cc1)C(O)=O.NC(=O)N1c2ccccc2C=Cc2ccccc12
AFIROA,4.730400000000003,415.153206152,3,3,NC(=O)N1c2ccccc2C=Cc2ccccc12.CC(=O)Nc1cccc(c1)C(O)=O
AFIXUM,0.6353999999999997,385.07438445199995,4,9,NC1=NC(=O)N(C=C1F)C1CSC(CO)O1.OC(=O)c1cccc(O)c1
AFIYEX,0.4135199999999997,401.10568457999995,3,8,NC1=NC(=O)N(C=C1F)C1CSC(CO)O1.Cc1ccc(cc1)C(O)=O.O
AFIYIB,0.7584999999999997,421.0510621639999,3,8,OC(=O)c1ccc(Cl)cc1.NC1=NC(=O)N(C=C1F)C1CSC(CO)O1.O
AFUNUM,-5.5485999999999995,271.986984688,2,6,[NH3+]c1ccc(cc1)S(N)(=O)=O.O=[Cl](=O)(=O)[O-]
AFUPAT,-5.0308399999999995,240.11798948017997,4,4,[S-]C#N.[S-]C#N.[NH3+]CC[NH3+].[NH3+]CC[NH3+]
AGEJAA,-5.226499999999998,261.11934606409,4,4,OC(=O)C1=NNC(=C1)C(=O)[O-].[NH2+]1CC[NH2+]CC1.O
AGLYSL,-2.6488999999999994,190.02595704,3,5,[NH3+]CC(O)=O.[NH4+].O=S(=O)([O-])[O-]
AGLYSL01,-2.6488999999999994,190.02595704,3,5,[NH3+]CC(O)=O.[NH4+].O=S(=O)([O-])[O-]
AHASUX,1.6886,231.089543276,2,2,OC(=O)Cc1ccccc1.O=C1NC=CC=C1
AJEYAQ01,4.073100000000002,315.027390868,1,2,FC(F)(F)C1(OC(=O)Nc2ccc(Cl)cc12)C#CC1CC1
AJEYAQ04,4.073100000000002,315.027390868,1,2,FC(F)(F)C1(OC(=O)Nc2ccc(Cl)cc12)C#CC1CC1
AKAXES,-1.9990000000000006,190.056286052,3,3,O=C(N=[N+]=[N-])[N-]N(=O)=O.NC(N)=[NH2+]
AKEMAF,0.06819999999999982,316.047755104,1,7,O=C1CN(N=CC2=CC=C(O2)N(=O)=O)C(=O)N1.CS(C)=O
AKEMEJ,0.06819999999999982,316.047755104,1,7,O=C1CN(N=CC2=CC=C(O2)N(=O)=O)C(=O)N1.CS(C)=O
AKEMIN,0.1679999999999997,325.1022332,1,7,O=C1CN(N=CC2=CC=C(O2)N(=O)=O)C(=O)N1.CN(C)C(C)=O
AKEMIN01,0.1679999999999997,325.1022332,1,7,O=C1CN(N=CC2=CC=C(O2)N(=O)=O)C(=O)N1.CN(C)C(C)=O
AKEMUZ,0.2625000000000006,412.17064710799997,1,8,O=C1CN(N=CC2=CC=C(O2)N(=O)=O)C(=O)N1.CN(C)C(C)=O.CN(C)C(C)=O
AKENEK,1.0718999999999992,431.11894588399997,3,9,CC(=O)Nc1cccc(NC(C)=O)n1.O=C1CN(N=CC2=CC=C(O2)N(=O)=O)C(=O)N1
AKIZAV,-1.826299999999999,217.07383178809,2,2,Clc1ccc(cc1)C(=O)[O-].[NH3+]CC[NH3+]
AKOCIO,3.2018000000000013,266.105527688,2,3,Nc1ccc(cc1)C(O)=O.c1ccc2ncccc2c1
AKOFUD,0.08690000000000075,383.064333772,2,7,CCNC1CN(CCCOC)S(=O)(=O)C2=C1C=C(S2)S(N)(=O)=O
ALIGUZ,1.2364999999999997,410.1489292959999,1,6,Fc1ccc(cc1)C1CC[NH2+]CC1COc1ccc2OCOc2c1.O=N(=O)[O-].O
ALISUN,2.460399999999999,452.18667046800005,2,4,Clc1ccc(cc1)C1CCC(CC1)C1=C([O-])C(=O)c2ccccc2C1=O.[NH2+]1CCNCC1
ALIWID,-3.8347999999999995,145.085126592,3,2,O=C([O-])C1CC1.NC(N)=[NH2+]
ALOPUR,-0.35380000000000006,136.038510748,2,3,O=C1NC=NC2=C1C=NN2
ALOPUR01,-0.35380000000000006,136.038510748,2,3,O=C1NC=NC2=C1C=NN2
ALOQIC,-2.169699999999998,243.08948185209,2,2,Clc1ccccc1C(=O)[O-].[NH2+]1CC[NH2+]CC1
ALOQOI,-2.169699999999997,243.08948185209,2,2,[NH2+]1CC[NH2+]CC1.Clc1cccc(c1)C(=O)[O-]
ALOQUO,-2.169699999999997,243.08948185209,2,2,[NH2+]1CC[NH2+]CC1.Clc1ccc(cc1)C(=O)[O-]
AMAKUV,-1.3985999999999954,425.1620565839999,3,5,C[NH+](C)CCC1=CNc2ccc(CS(=O)(=O)N3CCCC3)cc12.OC(=O)C(=O)[O-]
AMATIT,-6.584099999999993,323.06053392809,1,5,[OH2][Mg+2]([OH2])([OH2])([OH2])([OH2])[OH2].O=S(=O)([O-])[O-].Nc1cc[nH+]cc1
AMAVIT,0.2882000000000006,303.91460403199994,2,4,NS(=O)(=O)c1cc(Cl)c(Cl)c(c1)S(N)(=O)=O
AMAVOZ,4.103100000000004,466.1922300239999,1,5,CCC(=O)OC1(C(C)CC2C3CCC4=CC(=O)C=CC4(C)C3(F)C(O)CC12C)C(=O)CCl
AMBNAC,0.9670000000000001,137.047678464,2,2,Nc1ccc(cc1)C(O)=O
AMBNAC01,1.934,274.095356928,4,4,Nc1ccc(cc1)C(O)=O.Nc1ccc(cc1)C(O)=O
AMBNAC04,0.9670000000000001,137.047678464,2,2,Nc1ccc(cc1)C(O)=O
AMBNAC06,1.934,274.095356928,4,4,Nc1ccc(cc1)C(O)=O.Nc1ccc(cc1)C(O)=O
AMBNAC07,1.934,274.095356928,4,4,Nc1ccc(cc1)C(O)=O.Nc1ccc(cc1)C(O)=O
AMBNAC08,0.9670000000000001,137.047678464,2,2,Nc1ccc(cc1)C(O)=O
AMBNAC09,1.934,274.095356928,4,4,Nc1ccc(cc1)C(O)=O.Nc1ccc(cc1)C(O)=O
AMBNAC12,0.9670000000000001,137.047678464,2,2,Nc1ccc(cc1)C(O)=O
AMBNAC13,1.934,274.095356928,4,4,Nc1ccc(cc1)C(O)=O.Nc1ccc(cc1)C(O)=O
AMBNAC14,0.9670000000000001,137.047678464,2,2,Nc1ccc(cc1)C(O)=O
AMBNAC15,0.9670000000000001,137.047678464,2,2,Nc1ccc(cc1)C(O)=O
AMBNAC16,0.9670000000000001,137.047678464,2,2,Nc1ccc(cc1)C(O)=O
AMBNAC17,0.9670000000000001,137.047678464,2,2,Nc1ccc(cc1)C(O)=O
AMBNAC18,0.9670000000000001,137.047678464,2,2,Nc1ccc(cc1)C(O)=O
AMBNAC19,1.934,274.095356928,4,4,Nc1ccc(cc1)C(O)=O.Nc1ccc(cc1)C(O)=O
AMBNAC22,1.934,274.095356928,4,4,Nc1ccc(cc1)C(O)=O.Nc1ccc(cc1)C(O)=O
AMBSAM10,1.6760999999999995,363.1794209,4,5,CCC1(CCC(C)C)C(=O)NC(=O)NC1=O.NC(=O)c1ccccc1O
AMBZCL,-3.235399999999996,353.12729701999996,3,3,CC[NH+](CC)CCNC(=O)c1cc(Cl)c(N)cc1OC.[Cl-].O
AMBZCL01,-3.235399999999996,353.12729701999996,3,3,CC[NH+](CC)CCNC(=O)c1cc(Cl)c(N)cc1OC.[Cl-].O
AMCAPR01,-1.4613999999999996,131.094628656,1,2,[NH3+]CCCCCC(=O)[O-]
AMCAPR10,-1.4613999999999996,131.094628656,1,2,[NH3+]CCCCCC(=O)[O-]
AMCAPR11,-1.4613999999999996,131.094628656,1,2,[NH3+]CCCCCC(=O)[O-]
AMCILL,-1.7333999999999958,349.109627088,2,5,[NH3+]C(C(=O)NC1C2SC(C)(C)C(N2C1=O)C(=O)[O-])c1ccccc1
AMCILL02,-1.7333999999999958,349.109627088,2,5,[NH3+]C(C(=O)NC1C2SC(C)(C)C(N2C1=O)C(=O)[O-])c1ccccc1
AMCILL03,-1.7333999999999958,349.109627088,2,5,[NH3+]C(C(=O)NC1C2SC(C)(C)C(N2C1=O)C(=O)[O-])c1ccccc1
AMDPYR10,3.1008400000000016,462.27432432800003,0,8,CN(C)C1=C(C)N(C)N(c2ccccc2)C1=O.CN(C)C1=C(C)N(C)N(c2ccccc2)C1=O
AMEPUD,2.449900000000001,370.2368762,3,3,CCN(CC)C(=O)NC1CN(C)C2CC3=CNc4cccc(C2=C1)c34.CO
AMEQAK,2.0167,356.221226136,2,2,CCN(CC)C(=O)NC1CN(C)C2CC3=CNc4cccc(C2=C1)c34.O
AMEQEO,2.840000000000002,384.252526264,3,3,CCN(CC)C(=O)NC1CN(C)C2CC3=CNc4cccc(C2=C1)c34.CCO
AMEVAP,2.4335000000000013,430.983496608,2,6,NS(=O)(=O)c1cc2c(NC(=NS2(=O)=O)CSCc2ccccc2)cc1Cl
AMHBZO,0.42629999999999957,139.063328528,1,2,[NH4+].O=C([O-])c1ccccc1
AMHSAH,0.3976,311.10050188400004,4,5,O.Oc1ccccc1C(=O)[O-].OC(=O)c1ccccc1O.[NH4+]
AMIYUR,0.3992200000000014,428.15182624799985,3,7,C[NH+]1CCN(CC1)C1=Nc2ccccc2NC2=C1C=C(C)S2.OC(=O)C=CC(=O)[O-]
AMMCHC10,-1.2153999999999996,157.11027872,1,2,[NH3+]CC1CCC(CC1)C(=O)[O-]
AMMCHC11,-1.2153999999999996,157.11027872,1,2,[NH3+]CC1CCC(CC1)C(=O)[O-]
AMOXAP,3.4292000000000025,313.098189812,1,4,Clc1ccc2Oc3ccccc3N=C(N3CCNCC3)c2c1
AMOXCT10,-4.501899999999995,419.1362357599999,3,6,[NH3+]C(C(=O)NC1C2SC(C)(C)C(N2C1=O)C(=O)[O-])c1ccc(O)cc1.O.O.O
AMOXCT11,-4.501899999999995,419.1362357599999,3,6,[NH3+]C(C(=O)NC1C2SC(C)(C)C(N2C1=O)C(=O)[O-])c1ccc(O)cc1.O.O.O
AMOXCT12,-4.501899999999995,419.1362357599999,3,6,[NH3+]C(C(=O)NC1C2SC(C)(C)C(N2C1=O)C(=O)[O-])c1ccc(O)cc1.O.O.O
AMPCIH01,-4.207499999999995,403.14132113999995,2,5,[NH3+]C(C(=O)NC1C2SC(C)(C)C(N2C1=O)C(=O)[O-])c1ccccc1.O.O.O
AMPCIH02,-4.207499999999995,403.14132113999995,2,5,[NH3+]C(C(=O)NC1C2SC(C)(C)C(N2C1=O)C(=O)[O-])c1ccccc1.O.O.O
AMPCIH03,-4.207499999999995,403.14132113999995,2,5,[NH3+]C(C(=O)NC1C2SC(C)(C)C(N2C1=O)C(=O)[O-])c1ccccc1.O.O.O
AMPCYB,2.799620000000001,467.253254536,2,7,CN(C)C1=C(C)N(C)N(c2ccccc2)C1=O.CCC1(C(=O)NC(=O)NC1=O)C1=CCCCC1
AMPETP,-0.7010999999999996,233.081694622,3,2,OP(O)(=O)[O-].[NH3+]C(C)Cc1ccccc1
AMPETS02,-0.4784999999999988,232.06490250791,1,4,O=S(=O)([O-])[O-].[NH3+]C(C)Cc1ccccc1
AMPYRE,0.6638000000000001,94.053098192,1,2,Nc1ccncc1
AMPYRE01,0.6638000000000001,94.053098192,1,2,Nc1ccncc1
AMPYRE02,0.6638000000000001,94.053098192,1,2,Nc1ccncc1
AMSALA,0.6726000000000001,153.042593084,3,3,Nc1ccc(C(O)=O)c(O)c1
AMSALA01,0.6726000000000001,153.042593084,3,3,Nc1ccc(C(O)=O)c(O)c1
AMSALA02,0.6726000000000001,153.042593084,3,3,Nc1ccc(C(O)=O)c(O)c1
AMUTOT,1.2295199999999997,270.02451756,2,6,CC1=NN=C(NS(=O)(=O)c2ccc(N)cc2)S1
AMXBPM10,1.2575999999999998,290.13789043599996,2,7,COc1cc(Cc2cnc(N)nc2N)cc(OC)c1OC
AMXBPM11,1.2575999999999998,290.13789043599996,2,7,COc1cc(Cc2cnc(N)nc2N)cc(OC)c1OC
AMXBPM12,1.2575999999999998,290.13789043599996,2,7,COc1cc(Cc2cnc(N)nc2N)cc(OC)c1OC
AMXBPM13,1.2575999999999998,290.13789043599996,2,7,COc1cc(Cc2cnc(N)nc2N)cc(OC)c1OC
AMYTAL10,1.1849999999999998,226.131742436,2,3,CCC1(CCC(C)C)C(=O)NC(=O)NC1=O
AMYTAL11,2.37,452.263484872,4,6,CCC1(CCC(C)C)C(=O)NC(=O)NC1=O.CCC1(CCC(C)C)C(=O)NC(=O)NC1=O
AMYTAL12,2.37,452.263484872,4,6,CCC1(CCC(C)C)C(=O)NC(=O)NC1=O.CCC1(CCC(C)C)C(=O)NC(=O)NC1=O
ANENOX,-4.817099999999997,360.12010887591003,3,4,O.O=C([O-])c1ccc(cc1)C#Cc1ccc(cc1)C(=O)[O-].O.NC(N)=[NH2+]
ANENUD,-4.046499999999996,362.13575893991003,3,4,O=C([O-])c1ccc(C=Cc2ccc(cc2)C(=O)[O-])cc1.O.O.NC(N)=[NH2+]
ANENUD01,-4.046499999999998,362.13575893991003,3,4,O=C([O-])c1ccc(C=Cc2ccc(cc2)C(=O)[O-])cc1.NC(N)=[NH2+].O.O
ANEPAL,-3.801499999999999,364.12625687591003,3,6,O=C([O-])c1ccc(cc1)N=Nc1ccc(cc1)C(=O)[O-].NC(N)=[NH2+].O.O
ANIKEQ,1.3367999999999995,448.18927437599996,2,7,Nc1ccc(cc1)S(=O)(=O)Nc1ncccn1.CN1CCCC1=O.CN1CCCC1=O
ANILIV,1.6563999999999999,322.10996143599994,2,6,Nc1ccc(cc1)S(=O)(=O)Nc1ncccn1.C1CCOC1
ANINAO,-1.1183999999999998,157.03750770399998,2,4,OO.O=C([O-])c1c[nH+]ccc1
ANSTER10,3.5431000000000026,306.21949481999997,1,3,CC1(O)CCC2C3CCC4CC(=O)OCC4(C)C3CCC12C
ANTHLN10,2.233000000000001,226.06299418,2,3,Oc1cccc2Cc3cccc(O)c3C(=O)c12
ANTPYR,1.4844199999999999,188.094963004,0,3,CN1N(C(=O)C=C1C)c1ccccc1
ANTPYR10,1.4844199999999999,188.094963004,0,3,CN1N(C(=O)C=C1C)c1ccccc1
ANTPYR11,1.4844199999999999,188.094963004,0,3,CN1N(C(=O)C=C1C)c1ccccc1
ANUNED,2.6259000000000006,255.089543276,3,3,O=C1NC=C2C=CC=CC2=C1.Oc1cccc(O)c1
ANUPOQ01,-4.143299999999996,252.11437812,2,5,[NH3+]C(CC)C(=O)[O-].[NH3+]C(CCSC)C(=O)[O-]
APALUZ,0.8175000000000003,403.18959165999996,2,5,C[NH+]1CCN2C(C1)c1ccccc1Cc1cccnc21.Oc1ccccc1C(=O)[O-]
APIQEW,2.8377000000000008,309.03218878191,1,1,CCc1[nH+]ccc(c1)C(N)=S.F[Si-2](F)(F)(F)(F)F
APITOK,-5.671800000000001,160.082106876,4,5,NN1N=N[N-]C1=O.NC(N)=[NH2+]
APOKUM,-6.3310999999999975,288.09575085200004,2,6,O=C([O-])C1=CC(=O)C=C(O1)C(=O)[O-].O.[NH2+]1CC[NH2+]CC1
APOLAT,-4.171699999999998,271.09246262009003,3,5,OC(=O)C1=CC(=O)C=C(O1)C(=O)[O-].[NH2+]1CC[NH2+]CC1
APOMAU,-1.1612999999999987,416.00839287591003,3,8,NC(N)=[NH2+].O=S(=O)([O-])CCCCS(=O)(=O)[O-].S1C=CC2=C1C=CS2
APOSAB,-0.6495799999999947,452.23180788400003,4,4,CN(C)C(=[NH2+])N=C(N)N.Cc1ccc(cc1)S(=O)(=O)[N-]C(=O)NN1CC2CCCC2C1
APYRDN,-4.0093,288.06253257599997,2,7,Nc1cc[nH+]cc1.Nc1ccncc1.O=[Cl](=O)(=O)[O-]
APYRDN01,-4.009299999999998,288.062532576,2,7,O=[Cl](=O)(=O)[O-].Nc1cc[nH+]cc1.Nc1ccncc1
APYRDN02,-4.009299999999998,288.062532576,2,7,O=[Cl](=O)(=O)[O-].Nc1cc[nH+]cc1.Nc1ccncc1
APYSAL,2.5748200000000003,326.126657056,2,5,CN1N(C(=O)C=C1C)c1ccccc1.OC(=O)c1ccccc1O
AQEJEO,1.5815,275.07937251600003,4,4,NC(=O)c1ccccc1O.OC(=O)c1ccccc1O
AQMEDA,-15.573200000000009,422.1234452119998,2,8,O=C([O-])C[NH+](CC[NH+](CC(=O)[O-])CC(=O)[O-])CC(=O)[O-].[OH2][Mg+2]([OH2])([OH2])([OH2])([OH2])[OH2]
AQMEDA01,-15.573199999999993,422.12344521199987,2,8,[OH2][Mg+2]([OH2])([OH2])([OH2])([OH2])[OH2].O=C([O-])C[NH+](CC[NH+](CC(=O)[O-])CC(=O)[O-])CC(=O)[O-]
AQOCEQ,-1.7876999999999978,224.116092372,2,4,Nc1ccc(cc1)C(=O)[O-].[NH2+]1CCOCC1
AQOCEQ01,-1.7876999999999978,224.116092372,2,4,Nc1ccc(cc1)C(=O)[O-].[NH2+]1CCOCC1
AQOMAU,1.7898200000000006,348.16199700799996,1,5,CN1CCN(CC1)C1=Nc2ccccc2NC2=C1C=C(C)S2.O.O
AQOMAU01,1.7898200000000006,348.16199700799996,1,5,CN1CCN(CC1)C1=Nc2ccccc2NC2=C1C=C(C)S2.O.O
AQOMAU03,1.7898199999999995,348.16199700799996,1,5,O.O.CN1CCN(CC1)C1=Nc2ccccc2NC2=C1C=C(C)S2
AQOMEY,0.9651200000000006,366.17256169199993,1,5,CN1CCN(CC1)C1=Nc2ccccc2NC2=C1C=C(C)S2.O.O.O
AQOMEY01,0.9651199999999995,366.172561692,1,5,O.O.O.CN1CCN(CC1)C1=Nc2ccccc2NC2=C1C=C(C)S2
AQOMEY02,0.9651200000000006,366.17256169199993,1,5,CN1CCN(CC1)C1=Nc2ccccc2NC2=C1C=C(C)S2.O.O.O
AQOMEY03,0.9651200000000006,366.17256169199993,1,5,CN1CCN(CC1)C1=Nc2ccccc2NC2=C1C=C(C)S2.O.O.O
AQOMIF,3.925060000000002,395.1732728999999,2,3,Cc1ccc2c(C)c(Cc3ccccc3)[n+]([O-])c(C)c2c1.OC(=O)CCC(O)=O
AQSCCA,-8.322099999999997,326.0172994078199,0,8,[Ca+2].O=C([O-])CCC(=O)[O-].O=C([O-])CCC(=O)[O-].O.O.O
ARADEN10,-1.9799999999999998,267.096753896,4,9,Nc1ncnc2N(C=Nc12)C1OC(CO)C(O)C1O
ARAFOR,2.7012,302.126657056,4,4,CC(=O)Nc1cccc(O)c1.CC(=O)Nc1ccc(O)cc1
ARBCYT10,-2.5629999999999993,243.085520516,4,8,NC1=NC(=O)N(C=C1)C1OC(CO)C(O)C1O
ARFCYT10,-6.1398999999999955,279.062198228,4,7,[Cl-].NC1=[NH+]C(=O)N(C=C1)C1OC(CO)C(O)C1O
ARFUAD,-5.556899999999996,303.07343160799996,4,8,[Cl-].Nc1[nH+]cnc2N(C=Nc12)C1OC(CO)C(O)C1O
ARIFUE,0.40279999999999977,379.092811388,1,9,CN1C=NC2=C1C(=O)N(C)C(=O)N2C.OC(=O)c1ccc(F)c(c1)N(=O)=O
AROWUA,-7.577600000000005,306.13845015218,4,4,O=S(=O)([O-])[S-].[NH2+]1CC[NH2+]CC1.[NH2+]1CC[NH2+]CC1.O
ASALAC,-3.0321999999999996,189.019270796,3,2,[Cl-].[NH3+]c1ccc(C(O)=O)c(O)c1
ASATOD,2.2088,434.1689157919999,1,9,COC(=O)C1=C(C)NC(=C(C1c1ccccc1N(=O)=O)C(=O)OC)C.C1COCCO1
ASATOD01,2.2088,434.1689157919999,1,9,COC(=O)C1=C(C)NC(=C(C1c1ccccc1N(=O)=O)C(=O)OC)C.C1COCCO1
ASATOD02,2.2088,434.1689157919999,1,9,COC(=O)C1=C(C)NC(=C(C1c1ccccc1N(=O)=O)C(=O)OC)C.C1COCCO1
ASPARM,-4.602499999999999,150.0640568,2,3,[NH3+]C(CC(N)=O)C(=O)[O-].O
ASPARM02,-4.602499999999999,150.0640568,2,3,[NH3+]C(CC(N)=O)C(=O)[O-].O
ASPARM03,-4.602499999999999,150.0640568,2,3,[NH3+]C(CC(N)=O)C(=O)[O-].O
ASPARM05,-4.602499999999999,150.0640568,2,3,[NH3+]C(CC(N)=O)C(=O)[O-].O
ASPARM06,-4.602499999999999,150.0640568,2,3,[NH3+]C(CC(N)=O)C(=O)[O-].O
ASPARM07,-4.602499999999999,150.0640568,2,3,[NH3+]C(CC(N)=O)C(=O)[O-].O
ASPARM08,-4.602499999999999,150.0640568,2,3,[NH3+]C(CC(N)=O)C(=O)[O-].O
ASPARM09,-4.602499999999999,150.0640568,2,3,[NH3+]C(CC(N)=O)C(=O)[O-].O
ASPARM10,-4.602499999999999,150.0640568,2,3,[NH3+]C(CC(N)=O)C(=O)[O-].O
ASPARM12,-4.602499999999999,150.0640568,2,3,[NH3+]C(CC(N)=O)C(=O)[O-].O
ASPARM13,-4.602499999999999,150.0640568,2,3,[NH3+]C(CC(N)=O)C(=O)[O-].O
ASPARM15,-4.602499999999999,150.0640568,2,3,[NH3+]C(CC(N)=O)C(=O)[O-].O
ASPARM16,-4.602499999999999,150.0640568,2,3,[NH3+]C(CC(N)=O)C(=O)[O-].O
ASPARM17,-4.602499999999999,150.0640568,2,3,[NH3+]C(CC(N)=O)C(=O)[O-].O
ASPARM18,-4.602499999999999,150.0640568,2,3,[NH3+]C(CC(N)=O)C(=O)[O-].O
ASPARM19,-4.602499999999999,150.0640568,2,3,[NH3+]C(CC(N)=O)C(=O)[O-].O
ASPARM20,-4.602499999999999,150.0640568,2,3,[NH3+]C(CC(N)=O)C(=O)[O-].O
ASPARM21,-4.602499999999999,150.0640568,2,3,[NH3+]C(CC(N)=O)C(=O)[O-].O
ASPARM22,-4.602499999999999,150.0640568,2,3,[NH3+]C(CC(N)=O)C(=O)[O-].O
ASPARM23,-4.602499999999999,150.0640568,2,3,[NH3+]C(CC(N)=O)C(=O)[O-].O
ASPARM24,-4.602499999999999,150.0640568,2,3,[NH3+]C(CC(N)=O)C(=O)[O-].O
ASPARM25,-4.602499999999999,150.0640568,2,3,[NH3+]C(CC(N)=O)C(=O)[O-].O
ASPARM26,-4.602499999999999,150.0640568,2,3,[NH3+]C(CC(N)=O)C(=O)[O-].O
ASPARM27,-4.602499999999999,150.0640568,2,3,[NH3+]C(CC(N)=O)C(=O)[O-].O
ASPARM29,-4.602499999999999,150.0640568,2,3,[NH3+]C(CC(N)=O)C(=O)[O-].O
ASPART10,-4.839799999999999,169.014185416,3,2,[NH3+]C(CC(O)=O)C(O)=O.[Cl-]
ASUFUS,0.931,447.20055026799986,1,7,COCCOc1cc2ncnc(Nc3cccc(c3)C#C)c2cc1OCCOC.O.O.O
ATAYEC01,3.088700000000001,398.1179392760001,1,4,CCCNC(=O)[N-]S(=O)(=O)c1ccc(Cl)cc1.CN(C)c1cc[nH+]cc1
ATAYIG,3.8815000000000026,432.1022892120001,2,5,CCCNC(=O)NS(=O)(=O)c1ccc(Cl)cc1.c1cc(ccn1)c1ccncc1
ATDZSA,-0.8561000000000003,221.988132052,2,6,CC(=O)NC1=NN=C(S1)S(N)(=O)=O
ATDZSA01,-0.8561000000000003,221.988132052,2,6,CC(=O)NC1=NN=C(S1)S(N)(=O)=O
ATDZSA02,-0.8561000000000003,221.988132052,2,6,CC(=O)NC1=NN=C(S1)S(N)(=O)=O
ATDZSA03,-0.8561000000000003,221.988132052,2,6,CC(=O)NC1=NN=C(S1)S(N)(=O)=O
ATDZSA04,-0.8561000000000003,221.988132052,2,6,CC(=O)NC1=NN=C(S1)S(N)(=O)=O
ATOFOF,2.689120000000002,433.1283118439999,2,5,Cc1c(CS(=O)C2=Nc3ccccc3N2)nccc1OCC(F)(F)F.CCO.O
ATOLUR04,-3.1137999999999986,280.991276624,3,2,[NH3+]CCc1ccc(O)c(O)c1.[I-]
ATOMAY,-2.055999999999999,267.074287136,4,6,OC1=C([O-])C(=O)C1=O.[NH3+]CCc1ccc(O)c(O)c1
ATOMEC,-2.268499999999997,278.10339619191,2,5,O=C1C(=O)C(=C1[O-])[O-].C[NH2+]C(C)C(O)c1ccccc1
ATONAZ,-1.4528999999999985,348.05534258399996,3,9,[NH3+]C(C(C)O)C(O)=O.O=N(=O)c1cc(c([O-])c(c1)N(=O)=O)N(=O)=O
ATPRCL01,4.852300000000005,416.2021305039999,0,5,CC(=O)SC1CC2=CC(=O)CCC2(C)C2CCC3(C)C(CCC43CCC(=O)O4)C12
ATPRCL10,4.852300000000005,416.2021305039999,0,5,CC(=O)SC1CC2=CC(=O)CCC2(C)C2CCC3(C)C(CCC43CCC(=O)O4)C12
ATPRCL13,4.852300000000005,416.2021305039999,0,5,CC(=O)SC1CC2=CC(=O)CCC2(C)C2CCC3(C)C(CCC43CCC(=O)O4)C12
ATPRCL15,4.852300000000005,416.2021305039999,0,5,CC(=O)SC1CC2=CC(=O)CCC2(C)C2CCC3(C)C(CCC43CCC(=O)O4)C12
ATPRCL16,4.852300000000005,416.2021305039999,0,5,CC(=O)SC1CC2=CC(=O)CCC2(C)C2CCC3(C)C(CCC43CCC(=O)O4)C12
AVEHER,2.800600000000002,468.22603674399994,2,4,OC(=O)c1ccccc1O.O=C1CN(CC2N1CCc1ccccc21)C(=O)C1CCCCC1.O
AVEPEX,4.505200000000005,388.3089785199999,3,3,CC1(O)CCC2C3CCC4CC5=NNC=C5CC4(C)C3CCC12C.CC(C)O
AVEPIB,4.895300000000005,402.3246285839999,3,3,CC1(O)CCC2C3CCC4CC5=NNC=C5CC4(C)C3CCC12C.CCC(C)O
AVEPUN,2.8558000000000034,424.3301078879999,3,3,CC1(O)CCC2C3CCC4CC5=NNC=C5CC4(C)C3CCC12C.CC(C)O.O.O
AVEQAU,3.2934000000000028,346.26202832800004,2,2,CC1(O)CCC2C3CCC4CC5=C(CC4(C)C3CCC12C)C=NN5.O
AVEQEY,4.299900000000003,448.29372237999985,4,4,CC1(O)CCC2C3CCC4CC5=NNC=C5CC4(C)C3CCC12C.CC(O)=O.CC(O)=O
AVILOH,-0.9328999999999981,336.1452610039099,2,5,[NH3+]CC1(CCCCC1)CC(O)=O.O=C([O-])c1ccc(cc1)C(=O)[O-]
AVILUN,-0.7246999999999998,399.1529313799999,4,5,OC(=O)c1cc(cc(c1)C(O)=O)C(O)=O.[NH3+]CC1(CCCCC1)CC(=O)[O-].O
AVUMEM,-2.259299999999998,275.11173526400006,4,5,[NH4+].OC(=O)C1CCC(=O)N1.O=C([O-])C1CCC(=O)N1
AWEROL,1.5233999999999999,382.142259876,4,4,OP(O)(=O)CCCCCCCCCP(O)(=O)[O-].Nc1cc[nH+]cc1
AWIDER,-3.397299999999997,303.143035392,2,5,O=N(=O)c1ccc([O-])cc1.[NH3+]CCCCC([NH3+])C(=O)[O-].O
AWIDER01,-3.397299999999997,303.143035392,2,5,[NH3+]CCCCC([NH3+])C(=O)[O-].O=N(=O)c1ccc([O-])cc1.O
AWIHIY,-3.4760999999999997,179.042987008,3,4,[NH3+]CC(O)=O.OC(=O)CC(=O)[O-]
AWIHOE,-2.6958999999999973,207.074287136,3,4,[NH3+]CC(=O)[O-].OC(=O)CCCC(O)=O
AWIHOE01,-2.6958999999999973,207.074287136,3,4,[NH3+]CC(=O)[O-].OC(=O)CCCC(O)=O
AWIHOE02,-2.6958999999999973,207.074287136,3,4,[NH3+]CC(=O)[O-].OC(=O)CCCC(O)=O
AWIHOE03,-2.6958999999999973,207.074287136,3,4,[NH3+]CC(=O)[O-].OC(=O)CCCC(O)=O
AWIHOE04,-2.6958999999999973,207.074287136,3,4,[NH3+]CC(=O)[O-].OC(=O)CCCC(O)=O
AWIHOE05,-2.6958999999999973,207.074287136,3,4,[NH3+]CC(=O)[O-].OC(=O)CCCC(O)=O
AWITOS,2.9271200000000004,395.1005018839999,3,5,CC1=CN(C(=O)C=C1)c1ccccc1.OC(=O)c1cc(cc(c1)C(O)=O)C(O)=O
AWUDEB,1.9809999999999999,335.03896424799996,2,7,OC(=O)c1cccnc1.OC(=O)c1cc(cc(c1)N(=O)=O)N(=O)=O
AWUWIY,-3.1671999999999967,225.11317118,2,1,[Cl-].[NH3+]CC1(CCCCC1)CC(O)=O.O
AWUWIY01,-3.1671999999999967,225.11317118,2,1,[Cl-].[NH3+]CC1(CCCCC1)CC(O)=O.O
AWUWIY02,-3.1671999999999976,225.11317118,2,1,[NH3+]CC1(CCCCC1)CC(O)=O.[Cl-].O
AXASIB,4.349800000000004,363.06959211599997,2,5,CN1SC(=CC1=O)Cl.CC(c1ccc(O)cc1)c1ccc(O)cc1
AXASOH,1.6902000000000001,333.00738578399995,3,8,CN1SC(=CC1=O)Cl.COC(=O)c1cc(O)c(O)c(O)c1
AXIGIZ,-5.434299999999998,348.0414911439999,2,5,Nc1cc[nH+]cc1.[NH3+]c1cc[nH+]cc1.O=[As]([O-])([O-])[O-].O
AXILUQ,4.794400000000005,386.1630425639999,2,5,O=C1C(CCCC1=Cc1ccncc1)=Cc1ccncc1.Oc1ccc(O)cc1
AXUFIJ,3.323800000000002,297.10010796,2,3,OC(=O)CCC(O)=O.c1ccc2c(c1)cnc1ccccc21
AYEPUR,3.1139000000000028,410.1276313680001,2,6,Oc1ccc(Cl)cc1.Oc1ccc(Cl)cc1.C1CN2CN3CN1CN(C2)C3
AYEQAY,4.347580000000004,466.1902316239999,2,6,C1CN2CN3CN1CN(C2)C3.Cc1cc(O)cc(C)c1Cl.Cc1cc(O)cc(C)c1Cl
AYICOC,-3.6605999999999996,233.045485544,4,3,[NH3+]C(Cc1ccc(O)c(O)c1)C(O)=O.[Cl-]
AYIWAI,0.16710000000000014,300.11100699199994,2,4,Nc1cccc2[nH+]cccc12.Oc1ccccc1C(=O)[O-].O
AYOROW,-0.6620999999999986,399.11788326400006,1,9,OC(=O)CN1C(=O)c2ccccc2C1=O.CN1C=NC2=C1C(=O)N(C)C(=O)N2C
AYOYIX,-5.566940000000001,248.04252725191,3,6,O=C1C(=C(C#N)C(=O)C(=C1C#N)[O-])[O-].NC(N)=[NH2+]
AYUBEC,-3.430299999999998,310.05831978799995,2,7,CN1C(=O)N(C)C2=C([N+](=CN2)C)C1=O.OS(=O)(=O)[O-].O
AYUBEC01,-3.430299999999998,310.058319788,1,8,OS(=O)(=O)[O-].CN1C=[NH+]C2=C1C(=O)N(C)C(=O)N2C.O
AYUNUE,-0.39369999999999705,421.20198618399996,3,3,COc1cccc(c1)C1(O)CCCCC1C[NH+](C)C.OC(=O)c1ccccc1.[Cl-]
AYUQAN,1.9514,427.14111724399993,3,6,CCc1[nH+]c(N)nc(N)c1c1ccc(Cl)cc1.CC(=O)Nc1ccccc1C(=O)[O-]
AZAXIK,2.2171000000000003,394.1025675480001,1,8,O=C1CN(N=CC2=CC=C(O2)N(=O)=O)C(=O)N1.c1ccc(nc1)c1ccccn1
AZAXOQ,2.8565000000000014,418.102567548,1,8,O=C1CN(N=CC2=CC=C(O2)N(=O)=O)C(=O)N1.c1cnc2c(c1)ccc1cccnc21
AZEKAU,1.9020000000000004,480.138878616,2,7,CC1(C)C2CCC1(CS(=O)(=O)[O-])C(=O)C2.[NH3+]c1ccc(cc1)S(=O)(=O)c1ccc(N)cc1
AZELAC01,1.8863,188.104858992,2,2,OC(=O)CCCCCCCC(O)=O
AZELAC03,1.8863,188.104858992,2,2,OC(=O)CCCCCCCC(O)=O
AZELAC04,1.8863,188.104858992,2,2,OC(=O)CCCCCCCC(O)=O
AZELAC05,1.8863,188.104858992,2,2,OC(=O)CCCCCCCC(O)=O
AZELAC10,1.8863,188.104858992,2,2,OC(=O)CCCCCCCC(O)=O
AZELAC11,1.8863,188.104858992,2,2,OC(=O)CCCCCCCC(O)=O
AZELAC12,1.8863,188.104858992,2,2,OC(=O)CCCCCCCC(O)=O
AZELAC13,1.8863,188.104858992,2,2,OC(=O)CCCCCCCC(O)=O
AZELAC14,1.8863,188.104858992,2,2,OC(=O)CCCCCCCC(O)=O
AZELAC15,1.8863,188.104858992,2,2,OC(=O)CCCCCCCC(O)=O
AZELAC16,1.8863,188.104858992,2,2,OC(=O)CCCCCCCC(O)=O
AZELAC17,1.8863,188.104858992,2,2,OC(=O)CCCCCCCC(O)=O
AZOQAI,2.341500000000001,441.1567673079999,3,6,CCc1[nH+]c(N)nc(N)c1c1ccc(Cl)cc1.CCC(=O)Nc1ccccc1C(=O)[O-]
AZTHPN,-0.5036000000000003,313.05932283199996,1,8,CN1C=NC(=C1Sc1ncnc2NC=Nc12)N(=O)=O.O.O
BABYIN,1.4778799999999996,296.04016762400005,2,5,Nc1ccc(cc1)S(=O)(=O)N=C1NC=CS1.CC#N
BADYAL,-3.037119999999999,160.048406736,2,4,[NH3+]CC(=O)[O-].OC(=O)CC#N
BAFCEV,-5.200679999999996,233.10117058,2,4,[NH3+]C(CC(=O)[O-])C(=O)[O-].O.CC1=[NH+]C=CN1
BAFCIZ,-4.430299999999997,227.090605896,2,5,[NH3+]C(CC(=O)[O-])C(=O)[O-].Nc1[nH+]cccc1
BAFLON,-5.830799999999998,202.095356928,2,4,O=C([O-])C=CC(=O)[O-].[NH2+]1CC[NH2+]CC1
BAFMEE,-2.9148999999999976,254.11353241209,2,4,O=C([O-])c1ccc(cc1)N(=O)=O.[NH2+]1CC[NH2+]CC1
BAFTAD10,-1.734699999999999,149.10519334,3,4,OCCN(CCO)CCO
BAFVOT,-0.7949999999999999,233.035793452,1,4,CC1(C)C(N2C(CC2=O)S1(=O)=O)C(O)=O
BAGJIC10,-4.826599999999997,232.14230712,2,4,O=C([O-])CCCCC(=O)[O-].[NH2+]1CC[NH2+]CC1
BAGJOI,-4.646099999999994,280.199821996,2,4,[NH2+]1CC[NH2+]CC1.O=C([O-])CCCCCCC(=O)[O-].O.[H].[H]
BAGKAV10,-2.1664999999999957,217.19105446009,2,2,CCCCCCC(=O)[O-].[NH2+]1CC[NH2+]CC1
BAGVUA,-3.920099999999997,222.022976272,2,2,[Cl-].[NH3+]Cc1ccc(cc1)S(N)(=O)=O
BAHDET,-0.010899999999997023,345.24345707199996,1,2,CC[NH+](CC)CCOC(=O)C1(CCCCC1)C1CCCCC1.[Cl-]
BAHFAR01,-1.150999999999996,337.144471308,3,3,[Cl-].CC([NH2+]C(C)C(O)c1ccc(O)cc1)COc1ccccc1
BAHLEC,-1.8456999999999977,233.0899372,2,4,C[N+](C)(C)CC(O)=O.OC(=O)C=CC(=O)[O-]
BAHMAB,-4.671199999999999,111.053157768,1,2,[NH3+]CC(=O)[O-].O.O
BAJXAP,0.7680999999999992,303.085520516,4,5,NNC(=O)c1ccncc1.OC(=O)c1cccc(c1)C(O)=O
BAJXET,-1.449299999999999,347.07534975600004,4,6,OC(=O)c1cc(cc(c1)C(=O)[O-])C(O)=O.NNC(=O)c1cc[nH+]cc1
BAKYES,-3.117499999999997,225.12336882409,3,3,Oc1ccccc1C(=O)[O-].[NH2+]1CC[NH2+]CC1
BAKYES01,-3.117499999999997,225.12336882409,3,3,Oc1ccccc1C(=O)[O-].[NH2+]1CC[NH2+]CC1
BALDOL,-1.2652999999999985,295.153206152,1,5,O.O=C([O-])c1ccccc1.NC1=N[N+]2(CCOCC2)CC1
BAMXAR,-2.34,168.05136061990999,3,6,OO.[NH4+].O=C([O-])CCC(=O)[O-]
BAMZUN01,1.0977999999999999,110.036779432,2,2,Oc1ccc(O)cc1
BAMZUN02,1.0977999999999999,110.036779432,2,2,Oc1ccc(O)cc1
BAMZUN03,1.0977999999999999,110.036779432,2,2,Oc1ccc(O)cc1
BAMZUN04,1.0977999999999999,110.036779432,2,2,Oc1ccc(O)cc1
BAMZUN05,1.0977999999999999,110.036779432,2,2,Oc1ccc(O)cc1
BAMZUN06,1.0977999999999999,110.036779432,2,2,Oc1ccc(O)cc1
BAMZUN07,0.7986,156.042258736,3,3,Oc1ccc(O)cc1.OC=O
BANBEB,-3.0604999999999993,243.950056364,0,1,[Cs+].[O-]c1ccccc1.O
BANBOK,0.7986,156.042258736,3,3,Oc1ccc(O)cc1.OC=O
BANFII,1.0977999999999999,110.036779432,2,2,Oc1ccc(O)cc1
BANMOT,4.704520000000005,431.14995061199994,2,5,COc1ccc2N(C(=C(CC(O)=O)c2c1)C)C(=O)c1ccc(Cl)cc1.CC(C)(C)O
BANMOT01,4.704520000000005,431.14995061199994,2,5,COc1ccc2N(C(=C(CC(O)=O)c2c1)C)C(=O)c1ccc(Cl)cc1.CC(C)(C)O
BANMUZ,3.5358200000000024,389.10300041999994,2,5,COc1ccc2N(C(=C(CC(O)=O)c2c1)C)C(=O)c1ccc(Cl)cc1.CO
BANPUC,-0.4588999999999999,310.95526190399994,2,4,[NH3+]C(CCSC)C(O)=O.ClC(Cl)(Cl)C(=O)[O-]
BAPKOV,-9.626400000000004,299.99605968782,3,5,[NH3+]CCCC([NH3+])C(O)=O.O=S(=O)([O-])[O-].[Cl-].[Cl-]
BAPKUB,-9.626400000000004,387.89502852782005,3,5,[NH3+]CCCC([NH3+])C(O)=O.O=S(=O)([O-])[O-].[Br-].[Br-]
BAPLOT01,-1.0397000000000005,180.064725496,1,5,CN1C(=O)N(C)C2=C(NC=N2)C1=O
BAPLOT04,-1.0397000000000005,180.064725496,1,5,CN1C(=O)N(C)C2=C(NC=N2)C1=O
BAPLOT05,-1.0397000000000005,180.064725496,1,5,CN1C(=O)N(C)C2=C(NC=N2)C1=O
BAPLOT06,-1.0397000000000005,180.064725496,1,5,CN1C(=O)N(C)C2=C(NC=N2)C1=O
BAPLOT07,-1.0397000000000005,180.064725496,1,5,CN1C(=O)N(C)C2=C(N=CN2)C1=O
BAPLOT08,-1.0397000000000005,180.064725496,1,5,CN1C(=O)N(C)C2=C(NC=N2)C1=O
BAPLOT09,-1.0397000000000005,180.064725496,1,5,CN1C(=O)N(C)C2=C(NC=N2)C1=O
BAPLOT10,-1.0397000000000005,180.064725496,1,5,CN1C(=O)N(C)C2=C(NC=N2)C1=O
BAPLOT11,-1.0397000000000005,180.064725496,1,5,CN1C(=O)N(C)C2=C(NC=N2)C1=O
BAPLOT12,-1.0397000000000005,180.064725496,1,5,CN1C(=O)N(C)C2=C(NC=N2)C1=O
BAPLOT13,-1.0397000000000005,180.064725496,1,5,CN1C(=O)N(C)C2=C(NC=N2)C1=O
BAPLOT14,-1.0397000000000005,180.064725496,1,5,CN1C(=O)N(C)C2=C(NC=N2)C1=O
BAPLOT15,-1.0397000000000005,180.064725496,1,5,CN1C(=O)N(C)C2=C(NC=N2)C1=O
BAQDOQ,1.9358000000000004,393.194008344,1,3,CC(C(=O)[O-])c1cccc(c1)C(=O)c1ccccc1.[NH3+]C(C)c1ccccc1.O
BAQDUW,2.7605000000000013,375.18344366,1,3,CC(C(=O)[O-])c1cccc(c1)C(=O)c1ccccc1.[NH3+]C(C)c1ccccc1
BAQFAE,2.7605000000000013,375.18344366,1,3,CC(C(=O)[O-])c1cccc(c1)C(=O)c1ccccc1.[NH3+]C(C)c1ccccc1
BAQFOS,2.691300000000001,351.18344366,1,3,COc1ccc2cc(ccc2c1)C(C)C(=O)[O-].[NH3+]C(C)c1ccccc1
BAQPAN,-1.723199999999999,404.14443235999994,4,4,O=C1NC(=O)C(=C[N-]1)N(=O)=O.[NH2+]=C(Nc1ccccc1)Nc1ccccc1.O.O
BAQPER,-0.05390000000000128,352.15354049999996,3,3,[NH2+]=C(Nc1ccccc1)Nc1ccccc1.O=C([O-])c1cccnc1.O
BAQQIX,-0.567499999999999,229.10790937000002,1,5,COP(=O)([O-])OC.C[N+](C)(C)CCO
BAQRUJ,-7.840200000000008,272.15072908818,4,5,O=C([O-])CSCC(=O)[O-].[NH3+]CC[NH3+].[NH3+]CC[NH3+]
BARJOT10,4.477900000000005,392.29265975999994,3,3,CC(CCC(O)=O)C1CCC2C3CCC4CC(O)CCC4(C)C3CC(O)C12C
BARLAK,-3.9602999999999993,192.068096624,4,3,NC(=[NH2+])NC(N)=S.CCC(=O)[O-]
BARPUG,2.8285000000000027,428.3137891279999,3,3,CC(CCC(O)=O)C1CCC2C3CCC4CC(O)CCC4(C)C3CC(O)C12C.O.O
BATFIN,-0.6208799999999994,335.1005018839999,3,5,Cc1[nH+]c2ccccc2cc1.OC(=O)CC(O)(CC(=O)[O-])C(O)=O
BAVBIL,-1.9286999999999976,268.13882764791,1,9,C[N+](C)(C)CCO.N1=NC(=N[N-]1)N=NC1=N[N-]N=N1
BAVDIL,0.2807000000000004,301.167793596,2,3,OC(C(=O)[O-])c1ccccc1.C[NH2+]C(C)Cc1ccccc1
BAWBAF,-15.655799999999989,411.86283204,2,6,O=I(=O)[O-].O=I(=O)[O-].[NH3+]CC[NH3+]
BAWBAF01,-9.092800000000002,236.97306660009,2,3,O=I(=O)[O-].[NH3+]CC[NH3+]
BAWBAF03,-9.092800000000002,236.97306660009,2,3,[NH3+]CC[NH3+].O=I(=O)[O-]
BAYCIO,-7.937200000000006,252.06896464018,4,3,[NH3+]CC[NH3+].[NH3+]CC[NH3+].O=[Se]([O-])[O-]
BAYCOT,-0.21599999999999575,287.26930478009,2,2,CCCCCCCCCCCC(=O)[O-].[NH2+]1CC[NH2+]CC1
BAZCLH,3.9302000000000032,491.94098751199994,2,4,CN1C(=O)CN=C(c2ccccc2)c2cc(Br)ccc12.OC(O)C(Cl)(Cl)Cl
BAZJIV,-0.9699000000000002,120.035733876,3,2,CNC(=S)NCO
BEBCET,-2.705599999999997,408.1281135999999,4,6,OC(=O)c1nccnc1C(=O)[O-].[NH3+]C(CC1=CNc2ccccc12)C(O)=O.O.O
BECYIT,-1.6564799999999982,254.10339619191,1,5,CCc1[nH+]c(C)ccc1O.O=C([O-])CCC(=O)[O-]
BEDDEW,2.839900000000001,438.16132831199997,1,4,O=C1[N-]S(=O)(=O)c2ccccc12.C[NH+](C)CCOC(c1ccccc1)c1ccccc1
BEDMIG,1.7379,276.033540956,2,3,CCCNC(=O)NS(=O)(=O)c1ccc(Cl)cc1
BEDMIG01,1.7379,276.033540956,2,3,CCCNC(=O)NS(=O)(=O)c1ccc(Cl)cc1
BEDMIG02,1.7379,276.033540956,2,3,CCCNC(=O)NS(=O)(=O)c1ccc(Cl)cc1
BEDMIG03,1.7379,276.033540956,2,3,CCCNC(=O)NS(=O)(=O)c1ccc(Cl)cc1
BEDMIG04,1.7379,276.033540956,2,3,CCCNC(=O)NS(=O)(=O)c1ccc(Cl)cc1
BEDMIG05,1.7379,276.033540956,2,3,CCCNC(=O)NS(=O)(=O)c1ccc(Cl)cc1
BEDMIG06,1.7379,276.033540956,2,3,CCCNC(=O)NS(=O)(=O)c1ccc(Cl)cc1
BEDMIG07,1.7379,276.033540956,2,3,CCCNC(=O)NS(=O)(=O)c1ccc(Cl)cc1
BEDMIG08,1.7379,276.033540956,2,3,CCCNC(=O)NS(=O)(=O)c1ccc(Cl)cc1
BEDMIG09,1.7379,276.033540956,2,3,CCCNC(=O)NS(=O)(=O)c1ccc(Cl)cc1
BEDMIG10,1.7379,276.033540956,2,3,CCCNC(=O)NS(=O)(=O)c1ccc(Cl)cc1
BEDMIG13,1.7379,276.033540956,2,3,CCCNC(=O)NS(=O)(=O)c1ccc(Cl)cc1
BEDMIG14,1.7379,276.033540956,2,3,CCCNC(=O)NS(=O)(=O)c1ccc(Cl)cc1
BEDMIG15,1.7379,276.033540956,2,3,CCCNC(=O)NS(=O)(=O)c1ccc(Cl)cc1
BEDMIG16,1.7379,276.033540956,2,3,CCCNC(=O)NS(=O)(=O)c1ccc(Cl)cc1
BEDMIG19,1.7379,276.033540956,2,3,CCCNC(=O)NS(=O)(=O)c1ccc(Cl)cc1
BEDMIG20,1.7379,276.033540956,2,3,CCCNC(=O)NS(=O)(=O)c1ccc(Cl)cc1
BEDMIG22,1.7379,276.033540956,2,3,CCCNC(=O)NS(=O)(=O)c1ccc(Cl)cc1
BEFGIG,-0.7963999999999982,347.148120772,1,5,O=N(=O)c1ccc(cc1)N1CC[NH2+]CC1.O=C([O-])c1ccccc1.O
BEFHIH,3.6993000000000027,488.2410181119999,1,8,CCOC(=O)OC1(CCC2C3CCC4=CC(=O)C=CC4(C)C3C(O)CC12C)C(=O)COC(=O)CC
BEGHOK10,4.477900000000005,392.29265975999994,3,3,CC(CCC(O)=O)C1CCC2C3CCC4CC(O)CCC4(C)C3CC(O)C12C
BEGJAY10,4.477900000000005,392.29265975999994,3,3,CC(CCC(O)=O)C1CCC2C3CCC4CC(O)CCC4(C)C3CC(O)C12C
BEGPEM,-4.0978999999999965,320.14845511999994,3,5,[NH3+]C(Cc1ccccc1)C(=O)[O-].[NH3+]C(CC1=CNC=N1)C(=O)[O-]
BEHKEF,3.212640000000001,475.304621412,3,7,CC1=CC(=O)N(O)C(=C1)C1CCCCC1.CC1=CC(=O)N([O-])C(=C1)C1CCCCC1.[NH3+]CCO
BEJBAX,-5.067399999999999,216.085854864,4,3,O=C([O-])C1=CC=CNC1=O.O.NC(N)=[NH2+]
BEKNUE,-7.553100000000005,314.92398491200004,1,5,O=[I](=O)(=O)[O-].OC(=O)c1c[nH+]ccc1
BELGUX,-6.972299999999995,299.12083714791,2,7,Nc1[nH+]cnc(N)c1.O=C([O-])CCC(=O)[O-].O.O.O.O
BENPRL,3.7687000000000017,381.185255228,1,4,Fc1ccc(cc1)C(=O)CCCN1CCC(CC1)N1C(=O)Nc2ccccc12
BENPRL01,3.7687000000000017,381.185255228,1,4,Fc1ccc(cc1)C(=O)CCCN1CCC(CC1)N1C(=O)Nc2ccccc12
BENZAC,1.3848,122.036779432,1,1,OC(=O)c1ccccc1
BENZAC01,1.3848,122.036779432,1,1,OC(=O)c1ccccc1
BENZAC02,1.3848,122.036779432,1,1,OC(=O)c1ccccc1
BENZAC07,1.3848,122.036779432,1,1,OC(=O)c1ccccc1
BENZAC08,1.3848,122.036779432,1,1,OC(=O)c1ccccc1
BENZAC09,1.3848,122.036779432,1,1,OC(=O)c1ccccc1
BENZAC10,1.3848,122.036779432,1,1,OC(=O)c1ccccc1
BENZAC11,1.3848,122.036779432,1,1,OC(=O)c1ccccc1
BENZAC12,1.3848,122.036779432,1,1,OC(=O)c1ccccc1
BENZAC13,1.3848,122.036779432,1,1,OC(=O)c1ccccc1
BENZAC14,1.3848,122.036779432,1,1,OC(=O)c1ccccc1
BENZAC15,1.3848,122.036779432,1,1,OC(=O)c1ccccc1
BENZAC16,1.3848,122.036779432,1,1,OC(=O)c1ccccc1
BENZAC17,1.3848,122.036779432,1,1,OC(=O)c1ccccc1
BENZAC18,1.3848,122.036779432,1,1,OC(=O)c1ccccc1
BENZAC19,1.3848,122.036779432,1,1,OC(=O)c1ccccc1
BENZAC20,1.3848,122.036779432,1,1,OC(=O)c1ccccc1
BENZAC21,1.3848,122.036779432,1,1,OC(=O)c1ccccc1
BENZAC22,1.3848,122.036779432,1,1,OC(=O)c1ccccc1
BENZAC23,2.7696000000000005,244.073558864,2,2,OC(=O)c1ccccc1.OC(=O)c1ccccc1
BENZAC24,1.3848,122.036779432,1,1,OC(=O)c1ccccc1
BENZAC25,1.3848,122.036779432,1,1,OC(=O)c1ccccc1
BENZAC26,1.3848,122.036779432,1,1,OC(=O)c1ccccc1
BEPTAT,1.0041199999999997,386.14778642399995,3,6,CN1C=C[N+](=C1C)C.OC(=O)c1ccccc1O.Oc1ccccc1C(=O)[O-]
BEQGIN,4.887800000000005,382.144805656,0,3,CCOC(=O)N1CCC(CC1)=C1c2ccc(Cl)cc2CCc2cccnc12
BEQGIN01,4.887800000000005,382.144805656,0,3,CCOC(=O)N1CCC(CC1)=C1c2ccc(Cl)cc2CCc2cccnc12
BEQGIN02,4.887800000000005,382.144805656,0,3,CCOC(=O)N1CCC(CC1)=C1c2ccc(Cl)cc2CCc2cccnc12
BEQGIN03,4.887800000000005,382.144805656,0,3,CCOC(=O)N1CCC(CC1)=C1c2ccc(Cl)cc2CCc2cccnc12
BEQGIN04,4.887800000000005,382.144805656,0,3,CCOC(=O)N1CCC(CC1)=C1c2ccc(Cl)cc2CCc2cccnc12
BEQGIN05,4.887800000000005,382.144805656,0,3,CCOC(=O)N1CCC(CC1)=C1c2ccc(Cl)cc2CCc2cccnc12
BEQGIN06,4.887800000000005,382.144805656,0,3,CCOC(=O)N1CCC(CC1)=C1c2ccc(Cl)cc2CCc2cccnc12
BEQGIN07,4.887800000000005,382.144805656,0,3,CCOC(=O)N1CCC(CC1)=C1c2ccc(Cl)cc2CCc2cccnc12
BEQGIN08,4.887800000000005,382.144805656,0,3,CCOC(=O)N1CCC(CC1)=C1c2ccc(Cl)cc2CCc2cccnc12
BERNIV,-3.5071999999999957,280.145678248,2,5,[NH3+]C(CC(C)C)C(=O)[O-].[NH3+]C(CCSC)C(=O)[O-]
BERNIV01,-3.5071999999999957,280.145678248,2,5,[NH3+]C(CCSC)C(=O)[O-].[NH3+]C(CC(C)C)C(=O)[O-]
BERQAQ,-4.2403999999999975,220.14230712,2,4,[NH3+]C(C(C)C)C(=O)[O-].[NH3+]C(CC)C(=O)[O-]
BERQEU,-3.850299999999997,234.157957184,2,4,[NH3+]C(C(C)C)C(=O)[O-].[NH3+]C(CCC)C(=O)[O-]
BERQIY,-3.897299999999996,266.130028184,2,5,[NH3+]C(C(C)C)C(=O)[O-].[NH3+]C(CCSC)C(=O)[O-]
BESJES,0.9897999999999996,323.09174876799995,4,6,NC1=NC(=O)NC=C1F.COc1cc(C=CC(O)=O)ccc1O
BETANB,-3.2187999999999963,197.005140724,1,1,[Br-].C[N+](C)(C)CC(O)=O
BETANB01,-3.2187999999999963,197.005140724,1,1,[Br-].C[N+](C)(C)CC(O)=O
BETANC,-3.2187999999999963,153.055656304,1,1,[Cl-].C[N+](C)(C)CC(O)=O
BETANC01,-3.2187999999999963,153.055656304,1,1,[Cl-].C[N+](C)(C)CC(O)=O
BETANC02,-3.2187999999999963,153.055656304,1,1,[Cl-].C[N+](C)(C)CC(O)=O
BETANC03,-3.2187999999999963,153.055656304,1,1,[Cl-].C[N+](C)(C)CC(O)=O
BETXON,-2.803199999999997,344.15028495999996,4,3,[Cl-].CCC([NH2+]C(C)C)C(O)c1ccc(O)c2NC(=O)C=Cc12.O
BEVMIY,-3.028079999999995,315.16818752,4,6,Cc1ccccc1OCC(=O)[O-].OCC[NH+](CCO)CCO
BEVMIY01,-3.028079999999994,315.16818752,4,6,OCC[NH+](CCO)CCO.Cc1ccccc1OCC(=O)[O-]
BEWKUJ,0.8864999999999997,249.057197592,2,3,Nc1ccc(cc1)S(=O)(=O)N=C1NC=CC=C1
BEWKUJ04,0.8864999999999997,249.057197592,2,3,Nc1ccc(cc1)S(=O)(=O)N=C1NC=CC=C1
BEWKUJ05,0.8864999999999997,249.057197592,2,3,Nc1ccc(cc1)S(=O)(=O)N=C1NC=CC=C1
BEWKUJ11,0.8864999999999997,249.057197592,2,3,Nc1ccc(cc1)S(=O)(=O)N=C1NC=CC=C1
BEWKUJ12,0.8864999999999997,249.057197592,2,3,Nc1ccc(cc1)S(=O)(=O)N=C1NC=CC=C1
BEWKUJ13,1.7729999999999995,498.114395184,4,6,Nc1ccc(cc1)S(=O)(=O)N=C1NC=CC=C1.Nc1ccc(cc1)S(=O)(=O)N=C1NC=CC=C1
BEWKUJ14,2.3510999999999997,498.114395184,4,7,Nc1ccc(cc1)S(=O)(=O)N=C1NC=CC=C1.Nc1ccc(cc1)S(=O)(=O)Nc1ccccn1
BEWKUJ15,0.8864999999999997,249.057197592,2,3,Nc1ccc(cc1)S(=O)(=O)N=C1NC=CC=C1
BEWKUM,-0.8277999999999999,277.11748934,4,7,NC1=NC2=C(N=CN2C2CC(O)C(CO)C2=C)C(=O)N1
BEWKUM01,-0.8277999999999999,277.11748934,4,7,NC1=NC2=C(N=CN2C2CC(O)C(CO)C2=C)C(=O)N1
BEWYIL,1.7673999999999999,236.15247788,1,4,CCN(CC)CCOC(=O)c1ccc(N)cc1
BEWYIL01,1.7673999999999999,236.15247788,1,4,CCN(CC)CCOC(=O)c1ccc(N)cc1
BEWZOS01,-4.116999999999996,147.11280414009,2,2,[NH2+]1CC[NH2+]CC1.CC(=O)[O-]
BEWZOS02,-4.116999999999998,147.11280414009,2,2,CC(=O)[O-].[NH2+]1CC[NH2+]CC1
BEXCEM10,-0.9961999999999958,259.23800465209,2,2,CCCCCCCCCC(=O)[O-].[NH2+]1CC[NH2+]CC1
BEXDAJ01,0.564200000000002,315.30060490808995,2,2,[NH2+]1CC[NH2+]CC1.CCCCCCCCCCCCCC(=O)[O-]
BEXDIR01,1.3444000000000011,343.33190503608995,2,2,[NH2+]1CC[NH2+]CC1.CCCCCCCCCCCCCCCC(=O)[O-]
BEYTUW,-0.32609999999999933,363.16818751999995,2,4,O=C([O-])C1[NH2+]CCC1.COc1ccc2cc(ccc2c1)C(C)C(O)=O.O
BEYWAF,-5.9771,186.960645192,3,0,NC(N)=[NH2+].[I-]
BEZNUR,1.4779000000000002,260.05469805391,2,1,F[Si-2](F)(F)(F)(F)F.[NH3+]C(C(C)C)C(O)=O
BEZPAZ,1.9887999999999997,474.1409530979999,4,2,F[Si-2](F)(F)(F)(F)F.[NH3+]C(Cc1ccccc1)C(O)=O.[NH3+]C(Cc1ccccc1)C(O)=O
BEZPED,-0.5905999999999999,308.0990882859999,3,1,F[Si-2](F)(F)(F)(F)F.[NH3+]CCCCC([NH3+])C(O)=O.O
BEZQAA,-0.37139999999999984,236.01831254591,2,1,F[Si-2](F)(F)(F)(F)F.[NH3+]CC(O)=O.O
BEZQEE,0.6866999999999998,290.02887722990994,3,2,F[Si-2](F)(F)(F)(F)F.[NH3+]C(CCC(O)=O)C(O)=O
BEZQII,1.9176000000000002,260.05469805391,1,1,F[Si-2](F)(F)(F)(F)F.C[N+](C)(C)CC(O)=O
BEZQII01,0.5829,259.04742160182,0,2,F[Si-2](F)(F)(F)(F)F.C[N+](C)(C)CC(=O)[O-]
BEZQII02,0.36010000000000164,377.13367664591004,1,3,C[N+](C)(C)CC(O)=O.C[N+](C)(C)CC(=O)[O-].F[Si-2](F)(F)(F)(F)F
BEZQOO,-0.9806999999999999,294.0834382219999,3,1,F[Si-2](F)(F)(F)(F)F.[NH3+]CCCC([NH3+])C(O)=O.O
BGUHCL,-6.6624,137.04682293599998,4,0,[Cl-].NC(N)=NC(N)=[NH2+]
BHHPHE,1.3059999999999998,239.152143532,4,4,CC(C)(C)NCC(O)c1ccc(O)c(CO)c1
BIBSEK,4.534700000000004,419.0896192960001,1,3,OC1(CCN(CCCC(=O)c2ccc(F)cc2)CC1)c1ccc(Br)cc1
BIBVOB,-4.384699999999998,248.932047496,3,2,[I-].[NH3+]C(CS)C(O)=O
BIBVOB01,-4.384699999999998,248.932047496,3,2,[I-].[NH3+]C(CS)C(O)=O
BIBVUH,-5.209399999999997,266.94261217999997,3,2,[I-].[NH3+]C(CS)C(O)=O.O
BIBVUH01,-5.209399999999997,266.94261217999997,3,2,[I-].[NH3+]C(CS)C(O)=O.O
BICCIZ,2.1756,346.11648629599995,1,7,COC(=O)C1=C(C)NC(=C(C1c1ccccc1N(=O)=O)C(=O)OC)C
BICCIZ05,2.1756,346.11648629599995,1,7,COC(=O)C1=C(C)NC(=C(C1c1ccccc1N(=O)=O)C(=O)OC)C
BICCIZ06,2.1756,346.11648629599995,1,7,COC(=O)C1=C(C)NC(=C(C1c1ccccc1N(=O)=O)C(=O)OC)C
BICCIZ07,2.1756,346.11648629599995,1,7,COC(=O)C1=C(C)NC(=C(C1c1ccccc1N(=O)=O)C(=O)OC)C
BICCIZ12,2.1756,346.11648629599995,1,7,COC(=O)C1=C(C)NC(=C(C1c1ccccc1N(=O)=O)C(=O)OC)C
BICCIZ13,2.1756,346.11648629599995,1,7,COC(=O)C1=C(C)NC(=C(C1c1ccccc1N(=O)=O)C(=O)OC)C
BICCIZ14,2.1756,346.11648629599995,1,7,COC(=O)C1=C(C)NC(=C(C1c1ccccc1N(=O)=O)C(=O)OC)C
BICCIZ15,2.1756,346.11648629599995,1,7,COC(=O)C1=C(C)NC(=C(C1c1ccccc1N(=O)=O)C(=O)OC)C
BICCIZ16,2.1756,346.11648629599995,1,7,COC(=O)C1=C(C)NC(=C(C1c1ccccc1N(=O)=O)C(=O)OC)C
BICCIZ17,2.1756,346.11648629599995,1,7,COC(=O)C1=C(C)NC(=C(C1c1ccccc1N(=O)=O)C(=O)OC)C
BICCIZ18,2.1756,346.11648629599995,1,7,COC(=O)C1=C(C)NC(=C(C1c1ccccc1N(=O)=O)C(=O)OC)C
BICCIZ19,2.1756,346.11648629599995,1,7,COC(=O)C1=C(C)NC(=C(C1c1ccccc1N(=O)=O)C(=O)OC)C
BICQUB01,-0.0492000000000008,293.10117058000003,4,5,OC(=O)c1ccc(O)cc1.O.NNC(=O)c1ccncc1
BIDFUQ,0.012499999999999956,411.11681258799996,2,2,OC1(CC[NH+](CCCC(=O)c2ccc(F)cc2)CC1)c1ccc(Cl)cc1.[Cl-]
BIDFUQ01,0.012499999999999956,411.11681258799996,2,2,OC1(CC[NH+](CCCC(=O)c2ccc(F)cc2)CC1)c1ccc(Cl)cc1.[Cl-]
BIDRUB10,-1.7048999999999996,261.045780944,2,8,Nc1[nH+]cnc2NC=[NH+]c12.O=N(=O)[O-].O=N(=O)[O-]
BIDRUB11,-1.7049000000000005,261.045780944,2,8,O=N(=O)[O-].O=N(=O)[O-].Nc1[nH+]cnc2NC=[NH+]c12
BIDRUB12,-1.7048999999999996,261.045780944,2,8,Nc1[nH+]cnc2NC=[NH+]c12.O=N(=O)[O-].O=N(=O)[O-]
BIFDOJ,-2.7655999999999996,396.00644833199993,2,6,[Sr+2].Nc1ccc(cc1)C(=O)[O-].Nc1ccc(cc1)C(=O)[O-].O.O
BIFJOR,-0.45625999999999567,350.18417193199997,3,4,OC(=O)C=CC(=O)[O-].CC[NH+](CC)CC(=O)Nc1c(C)cccc1C
BIGUAN,-1.84673,101.07014522399999,4,1,NC(N)=NC(N)=N
BIGUAN01,-1.84673,101.07014522399999,4,1,NC(N)=NC(N)=N
BIHWEX,1.9309,289.167793596,1,4,CN1C2CCC1CC(C2)OC(=O)C(CO)c1ccccc1
BIHYEW10,2.637100000000001,226.110613068,0,3,CC(C)(c1cccnc1)C(=O)c1cccnc1
BIHYEX,-4.459099999999997,248.067821852,3,5,O=S(=O)([O-])[O-].[NH3+]CCCC([NH3+])C(O)=O.O
BIKHIN01,-0.25669999999999993,230.031454932,3,3,FC1=CNC(=O)NC1=O.OCC(F)(F)F
BIKPUG,-9.354300000000004,405.04659388409,0,6,[OH2][Mg+2]([OH2])([OH2])([OH2])([OH2])[OH2].[Br-].CN1C=NC2=C1C(=O)N(C)C(=O)N2C
BILJEN,-0.272219999999997,461.206304344,1,8,[NH3+]C1CCCN(C1)C1=CC(=O)N(C)C(=O)N1Cc1ccccc1C#N.O=C([O-])c1ccccc1
BILJEN01,1.7792800000000006,461.206304344,2,8,CN1C(=O)C=C(N2CCCC(N)C2)N(Cc2ccccc2C#N)C1=O.OC(=O)c1ccccc1
BINDIL,-0.21640000000000037,266.137890436,3,7,Oc1cccc(O)c1O.C1N2CN3CN1CN(C2)C3
BINXOO,-0.11925999999999803,302.18630342809,3,3,Cc1cccc(Nc2ccccc2C(=O)[O-])c1C.[NH3+]CC[NH3+]
BINXUU,2.3415399999999993,342.2307282,2,3,Cc1cccc(Nc2ccccc2C(=O)[O-])c1C.CC[NH+](CC)CC
BINYAB,0.9057400000000001,341.21032710400004,2,4,Cc1cccc(Nc2ccccc2C(=O)[O-])c1C.CN1CC[NH2+]CC1
BINYEF,0.9905399999999994,328.17869262799996,2,4,Cc1cccc(Nc2ccccc2C(=O)[O-])c1C.[NH2+]1CCOCC1
BINZIH,-5.216500000000001,336.10397657991,2,2,[Cl-].[Cl-].C1C[NH+]=C(CN(Cc2ccccc2)c2ccccc2)N1
BIOTIN01,0.7968000000000001,244.088163372,3,3,OC(=O)CCCCC1SCC2NC(=O)NC12
BIOTIN10,0.7968000000000001,244.088163372,3,3,OC(=O)CCCCC1SCC2NC(=O)NC12
BIOTIN12,0.7968000000000001,244.088163372,3,3,OC(=O)CCCCC1SCC2NC(=O)NC12
BIOTIN13,0.7968000000000001,244.088163372,3,3,OC(=O)CCCCC1SCC2NC(=O)NC12
BIOTIN14,0.7968000000000001,244.088163372,3,3,OC(=O)CCCCC1SCC2NC(=O)NC12
BIOTIN15,0.7968000000000001,244.088163372,3,3,OC(=O)CCCCC1SCC2NC(=O)NC12
BIOTIN19,0.7968000000000001,244.088163372,3,3,OC(=O)CCCCC1SCC2NC(=O)NC12
BIOTIN20,0.7968000000000001,244.088163372,3,3,OC(=O)CCCCC1SCC2NC(=O)NC12
BIOTIN21,0.7968000000000001,244.088163372,3,3,OC(=O)CCCCC1SCC2NC(=O)NC12
BIPBUB,2.1603000000000003,335.107040244,2,3,CCCNC(=O)[N-]S(=O)(=O)c1ccc(Cl)cc1.[NH3+]CCC
BIPCIQ,1.2831000000000001,364.09720383200005,4,4,CCCNC(=O)NS(=O)(=O)c1ccc(Cl)cc1.CNC(=O)NC
BIQNEW,2.6750000000000007,459.0736355039999,4,8,Nc1ccc(cc1)S(=O)(=O)c1ccc(N)cc1.OC(=O)c1cc(cc(c1)N(=O)=O)C(O)=O
BIQNIA,0.4251000000000001,494.07436377599987,3,9,[NH3+]c1ccc(cc1)S(=O)(=O)c1ccc(N)cc1.OC(=O)c1cc(cc(c1[O-])N(=O)=O)N(=O)=O.O
BIRMEU,-2.6670000000000007,294.08880930399994,4,6,NC1=NC(=O)NC=C1F.NC1=NC(=O)NC=C1F.O.O
BIRMEU01,-2.6670000000000007,294.08880930399994,4,6,NC1=NC(=O)NC=C1F.NC1=NC(=O)NC=C1F.O.O
BIRMEU02,-2.6670000000000007,294.08880930399994,4,6,NC1=NC(=O)NC=C1F.NC1=NC(=O)NC=C1F.O.O
BIRMEU03,-1.3335000000000001,147.044404652,2,3,NC1=NC(=O)NC=C1F.O
BISHIY,4.276800000000002,306.111675688,1,5,c1cc(ccn1)N=Nc1ccncc1.OC(=O)c1ccccc1
BISHIY01,4.276800000000002,306.111675688,1,5,c1cc(ccn1)N=Nc1ccncc1.OC(=O)c1ccccc1
BISHIY02,4.276800000000002,306.111675688,1,5,c1cc(ccn1)N=Nc1ccncc1.OC(=O)c1ccccc1
BISHIY03,4.276800000000002,306.111675688,1,5,c1cc(ccn1)N=Nc1ccncc1.OC(=O)c1ccccc1
BISHIY04,4.276800000000002,306.111675688,1,5,c1cc(ccn1)N=Nc1ccncc1.OC(=O)c1ccccc1
BISHIY05,4.276800000000003,306.111675688,1,5,OC(=O)c1ccccc1.c1cc(ccn1)N=Nc1ccncc1
BISHIY06,4.276800000000003,306.111675688,1,5,OC(=O)c1ccccc1.c1cc(ccn1)N=Nc1ccncc1
BISHIY07,4.276800000000003,306.111675688,1,5,OC(=O)c1ccccc1.c1cc(ccn1)N=Nc1ccncc1
BISHIY08,4.276800000000003,306.111675688,1,5,OC(=O)c1ccccc1.c1cc(ccn1)N=Nc1ccncc1
BISHIY09,4.276800000000003,306.111675688,1,5,OC(=O)c1ccccc1.c1cc(ccn1)N=Nc1ccncc1
BISHIY10,4.276800000000003,306.111675688,1,5,OC(=O)c1ccccc1.c1cc(ccn1)N=Nc1ccncc1
BISHOE,4.276800000000002,306.111675688,1,5,c1cc(ccn1)N=Nc1ccncc1.OC(=O)c1ccccc1
BISMEV,-0.9059000000000004,142.07422756,1,2,NC(=O)CN1CCCC1=O
BISMEV01,-0.9059000000000004,142.07422756,1,2,NC(=O)CN1CCCC1=O
BISMEV02,-0.9059000000000004,142.07422756,1,2,NC(=O)CN1CCCC1=O
BISMEV03,-0.9059000000000004,142.07422756,1,2,NC(=O)CN1CCCC1=O
BISMEV04,-0.9059000000000004,142.07422756,1,2,NC(=O)CN1CCCC1=O
BISMEV05,-0.9059000000000004,142.07422756,1,2,NC(=O)CN1CCCC1=O
BISMEV06,-0.9059000000000004,142.07422756,1,2,NC(=O)CN1CCCC1=O
BISMEV07,-0.9059000000000004,142.07422756,1,2,NC(=O)CN1CCCC1=O
BISMEV08,-0.9059000000000004,142.07422756,1,2,NC(=O)CN1CCCC1=O
BISMEV09,-0.9059000000000004,142.07422756,1,2,NC(=O)CN1CCCC1=O
BISMEV10,-0.9059000000000004,142.07422756,1,2,NC(=O)CN1CCCC1=O
BISMEV11,-0.9059000000000004,142.07422756,1,2,NC(=O)CN1CCCC1=O
BISMEV12,-0.9059000000000004,142.07422756,1,2,NC(=O)CN1CCCC1=O
BISMEV13,-0.9059000000000004,142.07422756,1,2,NC(=O)CN1CCCC1=O
BISMEV14,-1.8117999999999967,284.14845512,2,4,NC(=O)CN1CCCC1=O.NC(=O)CN1CCCC1=O
BITZAF,0.08021999999999985,169.073893212,3,4,Cc1ncc(CO)c(CO)c1O
BIVKAS,4.477900000000005,392.29265975999994,3,3,CC(CCC(O)=O)C1CCC2C3CCC4CC(O)CCC4(C)C3CC(O)C12C
BIXBOC,4.090200000000002,423.1807582920001,3,6,NC(=O)N1c2ccccc2C=Cc2ccccc12.Nc1nc(N)nc(n1)c1ccccc1
BIXBUI,2.4664,465.09206243999995,2,7,[NH2+]=C(O)N1c2ccccc2C=Cc2ccccc12.O=N(=O)c1cc(c([O-])c(c1)N(=O)=O)N(=O)=O
BIXXIQ,-3.2166999999999977,298.10336165209003,3,5,OC(=O)c1cccc(c1C(=O)[O-])N(=O)=O.[NH2+]1CC[NH2+]CC1
BIXYUG,-3.3207000000000004,260.06097125191,3,8,O=N(=O)[N-]c1nnc(nn1)[N-]N(=O)=O.NC(N)=[NH2+]
BIYDEU,-0.9519999999999995,378.9925003040901,2,1,Fc1c(F)c([O-])c(F)c(F)c1I.[NH2+]1CC[NH2+]CC1
BIYGEX,-0.7941,331.00636440409005,2,1,Fc1c(F)c([O-])c(F)c(F)c1Br.[NH2+]1CC[NH2+]CC1
BIYSEH,1.5810000000000002,331.062676896,2,5,CN1C(=C(O)c2ccccc2S1(=O)=O)C(=O)Nc1ccccn1
BIYSEH01,1.5810000000000002,331.062676896,2,5,CN1C(=C(O)c2ccccc2S1(=O)=O)C(=O)Nc1ccccn1
BIYSEH02,1.5810000000000002,331.062676896,2,5,CN1C(=C(O)c2ccccc2S1(=O)=O)C(=O)Nc1ccccn1
BIYSEH03,1.5810000000000002,331.062676896,2,5,CN1C(=C(O)c2ccccc2S1(=O)=O)C(=O)Nc1ccccn1
BIYSEH04,1.5810000000000002,331.062676896,2,5,CN1C(=C(O)c2ccccc2S1(=O)=O)C(=O)Nc1ccccn1
BIYSEH05,1.5810000000000002,331.062676896,2,5,CN1C(=C(O)c2ccccc2S1(=O)=O)C(=O)Nc1ccccn1
BIYSEH06,1.5810000000000002,331.062676896,2,5,CN1C(=C(O)c2ccccc2S1(=O)=O)C(=O)Nc1ccccn1
BIYSEH07,1.5810000000000002,331.062676896,2,5,CN1C(=C(O)c2ccccc2S1(=O)=O)C(=O)Nc1ccccn1
BIYSEH08,1.5810000000000002,331.062676896,2,5,CN1C(=C(O)c2ccccc2S1(=O)=O)C(=O)Nc1ccccn1
BIYSEH09,1.5810000000000002,331.062676896,2,5,CN1C(=C(O)c2ccccc2S1(=O)=O)C(=O)Nc1ccccn1
BIYSEH10,1.5810000000000002,331.062676896,2,5,CN1C(=C(O)c2ccccc2S1(=O)=O)C(=O)Nc1ccccn1
BIYSEH11,1.5810000000000002,331.062676896,2,5,CN1C(=C(O)c2ccccc2S1(=O)=O)C(=O)Nc1ccccn1
BIYSEH13,1.5810000000000002,331.062676896,2,5,CN1C(=C(O)c2ccccc2S1(=O)=O)C(=O)Nc1ccccn1
BIYSEH14,1.5810000000000002,331.062676896,2,5,CN1C(=C(O)c2ccccc2S1(=O)=O)C(=O)Nc1ccccn1
BIYSEH17,1.5810000000000002,331.062676896,2,5,CN1C(=C(O)c2ccccc2S1(=O)=O)C(=O)Nc1ccccn1
BIYSEH20,1.5810000000000002,331.062676896,2,5,CN1C(=C(O)c2ccccc2S1(=O)=O)C(=O)Nc1ccccn1
BIZPUW,-0.9080999999999981,399.2257023959999,4,5,C[NH+](C)CC(c1ccc(O)cc1)C1(O)CCCCC1.OC(=O)CCC(=O)[O-].O
BIZPUW02,-0.9080999999999981,399.2257023959999,4,5,C[NH+](C)CC(c1ccc(O)cc1)C1(O)CCCCC1.OC(=O)CCC(=O)[O-].O
BIZYOA,1.9736999999999998,295.9854434,3,4,COc1ccc(C(O)=O)c(O)c1.OC(=O)C(Cl)Cl
BIZYOA01,1.9736999999999998,295.9854434,3,4,OC(=O)C(Cl)Cl.COc1ccc(C(O)=O)c(O)c1
BMCBIB,-0.6047000000000002,375.02185340799997,2,3,COC(=O)NC1=[NH+]c2ccc(cc2N1)C(=O)c1ccccc1.[Br-]
BNQCLP,2.2962,236.024021828,1,3,Oc1ccc(Cl)cc1.O=C1C=CC(=O)C=C1
BNQCLP01,2.2962,236.024021828,1,3,Oc1ccc(Cl)cc1.O=C1C=CC(=O)C=C1
BNQDCP,2.2962,236.024021828,1,3,Oc1ccc(Cl)cc1.O=C1C=CC(=O)C=C1
BNQDCP02,2.2962,236.024021828,1,3,Oc1ccc(Cl)cc1.O=C1C=CC(=O)C=C1
BOBCIF,3.123100000000002,460.2461034919999,1,7,COC(=O)C1CC2=CC(=O)CCC2(C)C23OC2CC2(C)C(CCC42CCC(=O)O4)C13.CCO
BOCLIO,-8.089900000000014,306.22560828018,4,4,O=C([O-])CCCC(=O)[O-].[NH2+]1CC[NH2+]CC1.[NH2+]1CC[NH2+]CC1
BOCYAV,4.413800000000004,467.303558792,2,5,COC12CCC3(CC1C(C)(O)C(C)(C)C)C1Cc4ccc(O)c5OC2C3(CCN1CC1CC1)c45
BODDIL,-2.7402999999999977,301.05461431200007,2,7,OC(=O)C(=O)[O-].O=C(NCCON(=O)=O)c1c[nH+]ccc1
BODDIL01,-2.7402999999999977,301.05461431200007,2,7,OC(=O)C(=O)[O-].O=C(NCCON(=O)=O)c1c[nH+]ccc1
BODDIL02,-2.7402999999999986,301.054614312,2,7,O=C(NCCON(=O)=O)c1c[nH+]ccc1.OC(=O)C(=O)[O-]
BODSAO,0.1216000000000001,170.06914218,4,3,Oc1cccc(O)c1.NC(N)=O
BODSUL,2.4674000000000005,380.060427964,3,9,Oc1c(cc(cc1N(=O)=O)N(=O)=O)N(=O)=O.CC(=O)Nc1ccc(O)cc1
BOFCOR,0.996999999999999,403.227807008,1,1,[Cl-].CC12CCC(O)CC1=CCC1C2CCC2(C)C1CC=C2c1c[nH+]ccc1.O
BOFCOR01,0.997000000000001,403.227807008,1,1,O.CC12CCC(O)CC1=CCC1C2CCC2(C)C1CC=C2c1c[nH+]ccc1.[Cl-]
BOFWEC,2.5613,399.08649482800007,3,6,OC(=O)c1ccc(Cl)c(Cl)c1.Nc1cc(nc(N)[n+]1[O-])N1CCCCC1
BOGFUZ,3.2433000000000014,265.08849772,2,4,CCCSc1ccc2NC(=Nc2c1)NC(=O)OC
BOHHOV,0.7346999999999988,369.180089596,1,5,CN1CCN(CC1)CC(=O)N1c2ccccc2C(=O)Nc2cccnc12.O
BOHNUH,-5.4328999999999965,220.032358516,1,3,[Br-].C1[NH+]2CN3CN1CN(C2)C3
BOHNUH01,-5.4328999999999965,220.032358516,1,3,[Br-].C1[NH+]2CN3CN1CN(C2)C3
BOHNUH03,-5.4328999999999965,220.032358516,1,3,[Br-].C1[NH+]2CN3CN1CN(C2)C3
BOHNUH04,-5.4328999999999965,220.032358516,1,3,[Br-].C1[NH+]2CN3CN1CN(C2)C3
BOJGEN,1.3880000000000001,371.114902496,2,6,CCc1[nH+]c(N)nc(N)c1c1ccc(Cl)cc1.O=C([O-])c1ccccn1
BOKHAM,4.034300000000003,486.0764683880001,3,7,NS(=O)(=O)c1cc(C(O)=O)c(NCC2=CC=CO2)cc1Cl.c1cc(ccn1)c1ccncc1
BOKHAM01,4.034300000000003,486.0764683880001,3,7,NS(=O)(=O)c1cc(C(O)=O)c(NCC2=CC=CO2)cc1Cl.c1cc(ccn1)c1ccncc1
BOKHAM02,4.034300000000003,486.0764683880001,3,7,NS(=O)(=O)c1cc(C(O)=O)c(NCC2=CC=CO2)cc1Cl.c1cc(ccn1)c1ccncc1
BOLDIP10,-7.7371,159.004683352,3,4,O=[Cl](=O)(=O)[O-].NC(N)=[NH2+]
BOLDIP11,-7.7371,159.004683352,3,4,O=[Cl](=O)(=O)[O-].NC(N)=[NH2+]
BOLDIP12,-7.7371,159.004683352,3,4,O=[Cl](=O)(=O)[O-].NC(N)=[NH2+]
BOLDIP13,-7.7371,159.004683352,3,4,O=[Cl](=O)(=O)[O-].NC(N)=[NH2+]
BOLDIP14,-7.7371,159.004683352,3,4,O=[Cl](=O)(=O)[O-].NC(N)=[NH2+]
BOLDIP15,-7.7371,159.004683352,3,4,O=[Cl](=O)(=O)[O-].NC(N)=[NH2+]
BOLDIP16,-7.7371,159.004683352,3,4,O=[Cl](=O)(=O)[O-].NC(N)=[NH2+]
BOLDIP17,-7.7371,159.004683352,3,4,O=[Cl](=O)(=O)[O-].NC(N)=[NH2+]
BOLDIP18,-7.7371,159.004683352,3,4,O=[Cl](=O)(=O)[O-].NC(N)=[NH2+]
BOLDIP19,-7.7371,159.004683352,3,4,O=[Cl](=O)(=O)[O-].NC(N)=[NH2+]
BOLDIP20,-7.7371,159.004683352,3,4,O=[Cl](=O)(=O)[O-].NC(N)=[NH2+]
BOLDIP21,-7.7371,159.004683352,3,4,O=[Cl](=O)(=O)[O-].NC(N)=[NH2+]
BOLDIP22,-7.7371,159.004683352,3,4,O=[Cl](=O)(=O)[O-].NC(N)=[NH2+]
BOLDIP23,-7.7371,159.004683352,3,4,O=[Cl](=O)(=O)[O-].NC(N)=[NH2+]
BOLDIP24,-7.7371,159.004683352,3,4,O=[Cl](=O)(=O)[O-].NC(N)=[NH2+]
BOLDIP25,-7.7371,159.004683352,3,4,O=[Cl](=O)(=O)[O-].NC(N)=[NH2+]
BOLDIP26,-7.7371,159.004683352,3,4,O=[Cl](=O)(=O)[O-].NC(N)=[NH2+]
BOLDOX,-3.6487,233.0899372,3,4,[NH3+]C(Cc1ccc(O)c(O)c1)C(=O)[O-].O.O
BOLLUK,0.7605799999999999,233.060054716,2,3,FC1=CNC(=O)NC1=O.N#Cc1ccccc1
BOLMAR,-1.6962000000000004,175.039319272,3,3,FC1=CNC(=O)NC1=O.NC=O
BOLPUN,-3.2442999999999973,244.072907232,3,5,O=S(=O)([O-])[O-].[NH3+]CCCCC([NH3+])C(O)=O
BOMDUC,3.1732000000000014,324.183778008,1,4,COc1ccc2nccc(C(O)C3CC4CCN3CC4C=C)c2c1
BOMKOD,-0.6611,198.948019772,2,4,OCC(Br)(CO)N(=O)=O
BOMKOD01,-0.6611,198.948019772,2,4,OCC(Br)(CO)N(=O)=O
BOMKOD02,-0.6611,198.948019772,2,4,OCC(Br)(CO)N(=O)=O
BOMKOD03,-0.6611,198.948019772,2,4,OCC(Br)(CO)N(=O)=O
BOMKOD04,-0.6611,198.948019772,2,4,OCC(Br)(CO)N(=O)=O
BOMKOD05,-0.6611,198.948019772,2,4,OCC(Br)(CO)N(=O)=O
BOMKOD06,-0.6611,198.948019772,2,4,OCC(Br)(CO)N(=O)=O
BOPBEO,-5.118899999999997,420.0848048159999,2,9,CCN1C=C(C(O)=O)C(=O)c2cc(F)c(nc12)N1CC[NH2+]CC1.O=[Cl](=O)(=O)[O-]
BOPBER,3.3922000000000017,294.19434269199996,2,3,NC(=O)c1cccnc1.CCCCCCCCCC(O)=O
BOQCUF,-2.7233999999999994,121.019749464,2,3,[NH3+]C(CS)C(=O)[O-]
BOQFES,-6.268099999999998,218.090271548,2,4,O=C1C(=O)C(=C1[O-])[O-].[NH2+]1CC[NH2+]CC1.O
BOQFES01,-6.268099999999998,218.090271548,2,4,O=C1C(=O)C(=C1[O-])[O-].[NH2+]1CC[NH2+]CC1.O
BORROP,-3.4966799999999987,249.000055344,3,3,[Br-].Cc1[nH+]cc(CO)c(CO)c1O
BOSVUA,-3.7444999999999986,308.91395331199993,1,3,[Ba+2].[Cl-].Nc1ccc(cc1)C(=O)[O-]
BOTSEJ,-7.736500000000002,260.01920496391,2,6,Nc1[nH+]cnc2NC=[NH+]c12.O=C([O-])C(=O)[O-].[Cl-]
BOTTEK,-1.261679999999999,200.079706864,2,3,OC(=O)CCC(=O)[O-].CC1=[NH+]C=CN1
BOTTEK01,-1.261679999999999,200.079706864,2,3,OC(=O)CCC(=O)[O-].CC1=[NH+]C=CN1
BOVDUM,0.7602,359.1492636439999,3,8,CCCCCOC(=O)NC1=NC(=O)N(C=C1F)C1OC(C)C(O)C1O
BOVTEM,-0.28479999999999916,231.100776656,2,4,O=C([O-])c1ccccc1.Nc1[nH+]cccc1N
BOVTOV,-11.911800000000015,436.18054309599984,4,8,[NH3+]CC[NH2+]CC[NH2+]CC[NH3+].O=C([O-])c1cc(C(=O)[O-])c(cc1C(=O)[O-])C(=O)[O-].O.O
BOVWIT,-1.7337999999999987,227.090605896,3,5,OC(=O)CCC(=O)[O-].Nc1c[nH+]ccc1N
BOWKOO,-3.567799999999999,211.015058008,4,5,[NH3+]C(CS)C(O)=O.OC(=O)C(=O)[O-]
BOWKOO01,-3.567799999999999,211.015058008,4,5,[NH3+]C(CS)C(O)=O.OC(=O)C(=O)[O-]
BOWKOO02,-3.567799999999999,211.015058008,4,5,[NH3+]C(CS)C(O)=O.OC(=O)C(=O)[O-]
BOWKOO03,-3.567799999999999,211.015058008,4,5,[NH3+]C(CS)C(O)=O.OC(=O)C(=O)[O-]
BOWKOO04,-3.567799999999999,211.015058008,4,5,[NH3+]C(CS)C(O)=O.OC(=O)C(=O)[O-]
BOWKOO05,-3.567799999999999,211.015058008,4,5,[NH3+]C(CS)C(O)=O.OC(=O)C(=O)[O-]
BOWKOO06,-3.567799999999999,211.015058008,4,5,[NH3+]C(CS)C(O)=O.OC(=O)C(=O)[O-]
BOWKOO07,-3.567799999999999,211.015058008,4,5,[NH3+]C(CS)C(O)=O.OC(=O)C(=O)[O-]
BOWKOO08,-3.567799999999999,211.015058008,4,5,[NH3+]C(CS)C(O)=O.OC(=O)C(=O)[O-]
BOXMUZ,3.907300000000002,353.02216325600006,2,4,OC(=O)COC(=O)Cc1ccccc1Nc1c(Cl)cccc1Cl
BOYDUO,-1.3705999999999974,314.149123816,2,7,[NH3+]CCN1C=Nc2c(N)ncnc12.O=C([O-])Cc1ccccc1
BPMPAL,-4.977299999999994,406.02143075199996,1,0,C[NH+](C)CC=C(c1c[nH+]ccc1)c1ccc(Br)cc1.[Cl-].[Cl-].O
BRPRBZ,1.2272,353.95785195200006,0,2,BrCCC(=O)N1CCN(CC1)C(=O)CCBr
BUBCIM,1.5506000000000004,333.1477268480001,2,3,O=C([O-])c1c2ccccc2cc2ccccc12.[NH3+]CCC1=CN=CN1
BUBCOT,3.2182000000000013,372.18714913599996,2,3,NC(N)=S.CC12CCC3C(CC(=C)C4=CC(=O)C=CC34C)C1CCC2=O
BUCJAN,-1.6113999999999984,344.14333520017993,4,6,[NH3+]c1ccc([NH3+])cc1.[NH3+]c1ccc([NH3+])cc1.O=N(=O)[O-].O=N(=O)[O-]
BUCTIF,0.7284000000000002,292.051777864,1,3,O=S(=O)([O-])c1ccc2NC(=[NH+]c2c1)c1ccccc1.O
BUDVUR10,-2.9692,319.10290189600005,3,8,O=C([O-])CCN1C=CC(=O)NC1=O.Nc1[nH+]cnc2NC=Nc12
BUDWEC,1.5653000000000004,244.084792244,2,3,NC(=O)c1ccncc1.OC(=O)c1ccccc1
BUFPAV,-1.7784999999999944,299.165206752,2,2,COc1cccc(c1)C1(O)CCCCC1C[NH+](C)C.[Cl-]
BUFPAV01,-1.7784999999999944,299.165206752,2,2,COc1cccc(c1)C1(O)CCCCC1C[NH+](C)C.[Cl-]
BUFROK,-0.7964999999999995,220.999407944,2,4,OS(=O)(=O)[O-].OC(=O)c1c[nH+]ccc1
BUGJES,2.6240000000000014,426.29813906399994,4,4,CC(CCC(O)=O)C1CCC2C3C(O)CC4CC(O)CCC4(C)C3CC(O)C12C.O
BUGJES01,2.6240000000000014,426.29813906399994,4,4,CC(CCC(O)=O)C1CCC2C3C(O)CC4CC(O)CCC4(C)C3CC(O)C12C.O
BUGJOC,3.8371800000000027,311.18852904000005,1,3,CC12CCC3=C4CCC(=O)C=C4CCC3C1CCC2(O)CC#N
BUHCIQ,-0.7762999999999987,267.100161884,1,0,[Cl-].CC[NH2+]C(C)Cc1cccc(c1)C(F)(F)F
BUHNUP,-1.0932999999999986,258.100442308,3,3,Oc1ccccc1C(=O)[O-].NC(=[NH2+])c1ccccc1
BUHPAX,-1.4038999999999986,243.100776656,2,3,O=C([O-])c1cccnc1.NC(=[NH2+])c1ccccc1
BUKGIA,3.146920000000003,420.09105583199994,2,6,Cc1ccc(cn1)c1ncc(Cl)cc1c1ccc(cc1)S(C)(=O)=O.OCCO
BUKGOG,3.5354200000000033,434.10670589599994,2,6,Cc1ccc(cn1)c1ncc(Cl)cc1c1ccc(cc1)S(C)(=O)=O.CC(O)CO
BUKGUM,3.277420000000001,403.07574011599996,1,5,Cc1ccc(cn1)c1ncc(Cl)cc1c1ccc(cc1)S(C)(=O)=O.NC=O
BUKHAT,3.784420000000004,390.08049114799996,1,5,Cc1ccc(cn1)c1ncc(Cl)cc1c1ccc(cc1)S(C)(=O)=O.CO
BUKHEX,4.170620000000004,436.068212212,0,5,Cc1ccc(cn1)c1ncc(Cl)cc1c1ccc(cc1)S(C)(=O)=O.CS(C)=O
BUKHIB,4.414520000000004,457.12269030799996,0,5,Cc1ccc(cn1)c1ncc(Cl)cc1c1ccc(cc1)S(C)(=O)=O.CN1CCCC1=O
BUKTEK,3.1328000000000022,444.24129288399996,1,3,NC(=O)C(C1CCN(CCc2ccc3OCCc3c2)C1)(c1ccccc1)c1ccccc1.O
BULCUG,2.16538,228.05033838399999,2,4,CN1C=CNC1=S.CN1C=CNC1=S
BULCUG01,2.16538,228.05033838399999,2,4,CN1C=CNC1=S.CN1C=CNC1=S
BULCUG02,2.16538,228.05033838399999,2,4,CN1C=CNC1=S.CN1C=CNC1=S
BULCUG03,2.16538,228.05033838399999,2,4,CN1C=CNC1=S.CN1C=CNC1=S
BULCUG04,3.248070000000001,342.075507576,3,6,CN1C=CNC1=S.CN1C=CNC1=S.CN1C=CNC1=S
BULCUG05,3.248070000000001,342.075507576,3,6,CN1C=CNC1=S.CN1C=CNC1=S.CN1C=CNC1=S
BULCUG06,2.16538,228.05033838399999,2,4,CN1C=CNC1=S.CN1C=CNC1=S
BULGEU,-6.056199999999998,269.930463792,2,2,[Cs+].[F-].OC(=O)CCC(O)=O
BULJID,3.9824000000000024,322.10659030799997,2,6,c1cc(ccn1)N=Nc1ccncc1.OC(=O)c1ccccc1O
BULKOK,3.7374000000000023,320.11609237199997,2,4,c1cc(ccn1)C=Cc1ccncc1.OC(=O)c1ccccc1O
BULLAX,3.9898000000000025,294.111675688,2,6,Oc1cccc(O)c1.c1cc(ccn1)N=Nc1ccncc1
BULLAX01,3.9898000000000025,294.111675688,2,6,Oc1cccc(O)c1.c1cc(ccn1)N=Nc1ccncc1
BULLAX02,3.9898000000000025,294.111675688,2,6,Oc1cccc(O)c1.c1cc(ccn1)N=Nc1ccncc1
BULLAX03,3.9898000000000025,294.111675688,2,6,Oc1cccc(O)c1.c1cc(ccn1)N=Nc1ccncc1
BULLAX04,3.9898000000000025,294.111675688,2,6,Oc1cccc(O)c1.c1cc(ccn1)N=Nc1ccncc1
BULLAX05,3.9898000000000025,294.111675688,2,6,Oc1cccc(O)c1.c1cc(ccn1)N=Nc1ccncc1
BULLAX06,3.9898000000000025,294.111675688,2,6,Oc1cccc(O)c1.c1cc(ccn1)N=Nc1ccncc1
BUNREH02,-2.4860999999999978,218.07470403599999,3,6,[2H]OP(O[2H])(O[2H])=O.C[N+](C)(C)CC(=O)[O-]
BUNREH03,-2.4860999999999978,218.07470403599999,3,6,[2H]OP(O[2H])(O[2H])=O.C[N+](C)(C)CC(=O)[O-]
BUQQAF01,-0.5441000000000001,297.143704088,1,7,Oc1ccc(cc1)N(=O)=O.C1N2CN3CN1CN(C2)C3.O
BUQQEM,-1.8808999999999954,470.11391651600013,3,9,NS(=O)(=O)c1cc(C(=O)[O-])c(NCC2=CC=CO2)cc1Cl.C1[NH+]2CN3CN1CN(C2)C3
BUQTAL,-1.8808999999999954,470.11391651600013,3,9,NS(=O)(=O)c1cc(C(=O)[O-])c(NCC2=CC=CO2)cc1Cl.C1[NH+]2CN3CN1CN(C2)C3
BURWEQ,-5.606799999999998,204.111006992,2,4,O=C([O-])CCC(=O)[O-].[NH2+]1CC[NH2+]CC1
BURWEQ01,-5.606799999999998,204.111006992,2,4,O=C([O-])CCC(=O)[O-].[NH2+]1CC[NH2+]CC1
BUSPAG,1.63329,151.063328528,2,2,C[N+]#[C-].Oc1ccc(O)cc1
BUTBOJ,-4.2643999999999975,219.03790162800001,4,6,OC1=C([O-])C(=O)C1=O.[NH3+]C(CO)C(O)=O
BUTXIB,-0.6445999999999914,490.3254164319998,4,6,[NH3+]CC(CC(C)C)CC(=O)[O-].[NH3+]CC(CC(C)C)CC(=O)[O-].CC=CC(O)=O.CC=CC(O)=O
BUTXIB01,-0.6445999999999927,490.3254164319999,4,6,[NH3+]CC(CC(C)C)CC(=O)[O-].CC=CC(O)=O.[NH3+]CC(CC(C)C)CC(=O)[O-].CC=CC(O)=O
BUTXOH,0.4154000000000004,281.162708216,2,3,[NH3+]CC(CC(C)C)CC(=O)[O-].OC(=O)c1ccccc1
BUTXUN,0.8150000000000011,307.17835828,2,3,[NH3+]CC(CC(C)C)CC(=O)[O-].OC(=O)C=Cc1ccccc1
BUTYEY,1.462099999999999,303.240958536,2,3,[NH3+]CC(CC(C)C)CC(=O)[O-].CCCCCCCC(O)=O
BUTYIC,2.2422999999999984,331.272258664,2,3,[NH3+]CC(CC(C)C)CC(=O)[O-].CCCCCCCCCC(O)=O
BUTYOI,3.022499999999999,359.303558792,2,3,[NH3+]CC(CC(C)C)CC(=O)[O-].CCCCCCCCCCCC(O)=O
BUTYUO,0.49270000000000586,462.3668873199999,3,5,[NH3+]CC(CC(C)C)CC(=O)[O-].[NH3+]CC(CC(C)C)CC(=O)[O-].CCCCCCCC(O)=O
BUTZAV,1.272900000000005,490.3981874479999,3,5,[NH3+]CC(CC(C)C)CC(=O)[O-].[NH3+]CC(CC(C)C)CC(=O)[O-].CCCCCCCCCC(O)=O
BUVBEC,3.721800000000003,362.1300281839999,2,6,CC(C)COc1ccc(cc1C#N)C1=NC(=C(S1)C(O)=O)C.CCO
BUVBIG,2.1981,398.122634296,3,7,OC(=O)c1ccccc1O.O=C(CN1C=CN=C1N(=O)=O)NCc1ccccc1
BUVBIG01,2.1981000000000006,398.12263429599994,3,7,O=C(CN1C=CN=C1N(=O)=O)NCc1ccccc1.OC(=O)c1ccccc1O
BUVBIG02,2.1981,398.122634296,3,7,OC(=O)c1ccccc1O.O=C(CN1C=CN=C1N(=O)=O)NCc1ccccc1
BUVCAZ,2.7279800000000005,439.14918339200005,3,8,OC(=O)c1ccccc1O.O=C(CN1C=CN=C1N(=O)=O)NCc1ccccc1.CC#N
BUWNOZ,0.5236000000000034,385.20742363609,0,0,[I-].C[N+](C)(C)CCCCCCCCCC[N+](C)(C)C
BUWNUF,0.5236000000000034,385.20742363609,0,0,[I-].C[N+](C)(C)CCCCCCCCCC[N+](C)(C)C
BUWYOH,1.4181899999999998,258.103813436,2,4,CCCC1=CC(=O)NC(=S)N1.C1COCCO1
BUXZUT,3.9532000000000007,472.0027364720001,2,5,Clc1cc(Cl)c(c(Cl)c1)C(=O)[O-].CCc1[nH+]c(N)nc(N)c1c1ccc(Cl)cc1
BUYBOQ,0.9808000000000001,416.12513283199996,2,6,CCc1[nH+]c(N)nc(N)c1c1ccc(Cl)cc1.O=Cc1ccc(cc1)C(=O)[O-].O
BUYBUW,3.1870000000000003,440.04766679600004,2,6,Clc1ccc(cc1)S(=O)(=O)[O-].CCc1[nH+]c(N)nc(N)c1c1ccc(Cl)cc1
BUZFUX,-6.051999999999997,248.986191244,4,3,[I-].[NH3+]C(CO)(CO)CO
BUZGAE,-6.051999999999997,201.000055344,4,3,[Br-].[NH3+]C(CO)(CO)CO
BUZSUK,-1.9697999999999978,351.09072148399997,4,6,Clc1ccc(SCC(=O)[O-])cc1.OCC[NH+](CCO)CCO
BZASUC,0.7213,239.079372516,3,3,OC(=O)CCC(O)=O.NC(=O)c1ccccc1
BZPENK01,-3.4698999999999955,372.054609704,1,5,[K+].CC1(C)SC2C(NC(=O)Cc3ccccc3)C(=O)N2C1C(=O)[O-]
BZQRES,1.3483999999999996,218.0579088,2,4,O=C1C=CC(=O)C=C1.Oc1cccc(O)c1
BZTRMS,1.3374000000000015,421.19229409200005,1,4,CS(=O)(=O)[O-].O.C[NH+]1C2CCC1CC(C2)OC(c1ccccc1)c1ccccc1
CABCUD,1.77392,311.13036253200005,2,4,Cc1ccc(cc1)S(=O)(=O)NC(=O)NN1CCCCCC1
CABCUD01,1.77392,311.13036253200005,2,4,Cc1ccc(cc1)S(=O)(=O)NC(=O)NN1CCCCCC1
CABCUD02,1.77392,311.13036253200005,2,4,Cc1ccc(cc1)S(=O)(=O)NC(=O)NN1CCCCCC1
CABCUD04,1.77392,311.13036253200005,2,4,Cc1ccc(cc1)S(=O)(=O)NC(=O)NN1CCCCCC1
CABCUD06,1.77392,311.13036253200005,2,4,Cc1ccc(cc1)S(=O)(=O)NC(=O)NN1CCCCCC1
CABCUD08,1.77392,311.13036253200005,2,4,Cc1ccc(cc1)S(=O)(=O)NC(=O)NN1CCCCCC1
CABCUD09,1.77392,311.13036253200005,2,4,Cc1ccc(cc1)S(=O)(=O)NC(=O)NN1CCCCCC1
CABCUD10,1.77392,311.13036253200005,2,4,Cc1ccc(cc1)S(=O)(=O)NC(=O)NN1CCCCCC1
CABCUD11,1.77392,311.13036253200005,2,4,Cc1ccc(cc1)S(=O)(=O)NC(=O)NN1CCCCCC1
CABCUD12,1.77392,311.13036253200005,2,4,Cc1ccc(cc1)S(=O)(=O)NC(=O)NN1CCCCCC1
CABCUD13,1.77392,311.13036253200005,2,4,Cc1ccc(cc1)S(=O)(=O)NC(=O)NN1CCCCCC1
CABCUD14,1.77392,311.13036253200005,2,4,Cc1ccc(cc1)S(=O)(=O)NC(=O)NN1CCCCCC1
CABCUD15,1.77392,311.13036253200005,2,4,Cc1ccc(cc1)S(=O)(=O)NC(=O)NN1CCCCCC1
CABCUD16,1.77392,311.13036253200005,2,4,Cc1ccc(cc1)S(=O)(=O)NC(=O)NN1CCCCCC1
CABCUD17,1.77392,311.13036253200005,2,4,Cc1ccc(cc1)S(=O)(=O)NC(=O)NN1CCCCCC1
CABCUD18,1.77392,311.13036253200005,2,4,Cc1ccc(cc1)S(=O)(=O)NC(=O)NN1CCCCCC1
CABCUD19,1.77392,311.13036253200005,2,4,Cc1ccc(cc1)S(=O)(=O)NC(=O)NN1CCCCCC1
CABCUD20,1.77392,311.13036253200005,2,4,Cc1ccc(cc1)S(=O)(=O)NC(=O)NN1CCCCCC1
CABCUD21,1.77392,311.13036253200005,2,4,Cc1ccc(cc1)S(=O)(=O)NC(=O)NN1CCCCCC1
CABCUD22,1.77392,311.13036253200005,2,4,Cc1ccc(cc1)S(=O)(=O)NC(=O)NN1CCCCCC1
CABCUD23,1.77392,311.13036253200005,2,4,Cc1ccc(cc1)S(=O)(=O)NC(=O)NN1CCCCCC1
CABCUD24,1.77392,311.13036253200005,2,4,Cc1ccc(cc1)S(=O)(=O)NC(=O)NN1CCCCCC1
CABCUD25,1.77392,311.13036253200005,2,4,Cc1ccc(cc1)S(=O)(=O)NC(=O)NN1CCCCCC1
CABCUD26,1.77392,311.13036253200005,2,4,Cc1ccc(cc1)S(=O)(=O)NC(=O)NN1CCCCCC1
CABCUD27,1.77392,311.13036253200005,2,4,Cc1ccc(cc1)S(=O)(=O)NC(=O)NN1CCCCCC1
CABCUD28,1.77392,311.13036253200005,2,4,Cc1ccc(cc1)S(=O)(=O)NC(=O)NN1CCCCCC1
CABCUD29,1.77392,311.13036253200005,2,4,Cc1ccc(cc1)S(=O)(=O)NC(=O)NN1CCCCCC1
CABCUD30,1.77392,311.13036253200005,2,4,Cc1ccc(cc1)S(=O)(=O)NC(=O)NN1CCCCCC1
CABCUD31,1.77392,311.13036253200005,2,4,Cc1ccc(cc1)S(=O)(=O)NC(=O)NN1CCCCCC1
CABCUD32,1.77392,311.13036253200005,2,4,Cc1ccc(cc1)S(=O)(=O)NC(=O)NN1CCCCCC1
CABCUD33,1.77392,311.13036253200005,2,4,Cc1ccc(cc1)S(=O)(=O)NC(=O)NN1CCCCCC1
CABCUD34,1.77392,311.13036253200005,2,4,Cc1ccc(cc1)S(=O)(=O)NC(=O)NN1CCCCCC1
CABCUD35,1.77392,311.13036253200005,2,4,Cc1ccc(cc1)S(=O)(=O)NC(=O)NN1CCCCCC1
CABCUD36,1.77392,311.13036253200005,2,4,Cc1ccc(cc1)S(=O)(=O)NC(=O)NN1CCCCCC1
CABCUD37,1.77392,311.13036253200005,2,4,Cc1ccc(cc1)S(=O)(=O)NC(=O)NN1CCCCCC1
CABCUD38,1.77392,311.13036253200005,2,4,Cc1ccc(cc1)S(=O)(=O)NC(=O)NN1CCCCCC1
CABCUD39,1.77392,311.13036253200005,2,4,Cc1ccc(cc1)S(=O)(=O)NC(=O)NN1CCCCCC1
CABPOK,3.3521,474.147698116,2,4,Clc1ccc(cc1Cl)C(CCC(=O)[O-])c1ccccn1.C[NH2+]C(C)C(O)c1ccccc1
CABQOL,4.3702900000000025,456.2841022240001,1,1,Oc1c[c]ccc1.CCCCCCCCCCCCCCCC[N+](C)(C)C.[Br-]
CABQUR,4.8785200000000035,471.30757731999995,1,1,[Br-].CCCCCCCCCCCCCCCC[N+](C)(C)C.Cc1ccc(O)cc1
CABRUS,3.177900000000001,363.250062444,0,0,CCCCCCCCCCCCCCCC[N+](C)(C)C.[Br-]
CACBOY,-0.33209999999999873,422.18014917199986,3,9,COc1cc(Cc2c[nH+]c(N)nc2N)cc(OC)c1OC.OC(=O)CCCC(=O)[O-]
CACWEK,0.34130000000000177,380.2311221239999,3,5,C[NH2+]C(C)C(O)c1ccccc1.CC(C)(C)OC(=O)NC1CC1CC(=O)[O-]
CADJIA,-21.360100000000017,307.11982054008996,1,7,OC(CC(=O)[O-])(CC(=O)[O-])C(=O)[O-].[Li+].[Li+].[Li+].[Li+].O.O.O.O.O
CADJIA01,-21.360100000000017,307.11982054008996,1,7,OC(CC(=O)[O-])(CC(=O)[O-])C(=O)[O-].[Li+].[Li+].O.[Li+].[Li+].O.O.O.O
CADLIC10,-3.478699999999999,274.99138446800004,2,8,[Ca+2].NCC(O)=O.O=N(=O)[O-].O=N(=O)[O-].O.O
CADLIC20,-5.530199999999997,274.99138446800004,1,8,[Ca+2].[NH3+]CC(=O)[O-].O=N(=O)[O-].O=N(=O)[O-].O.O
CADLOL,2.5937400000000004,436.18206375599993,2,5,Cc1ccc(Sc2ccccc2N2CC[NH2+]CC2)c(C)c1.Oc1ccccc1C(=O)[O-]
CADLUQ,-0.18629999999999658,418.168700496,3,3,[NH3+]C(Cc1ccccc1)C(O)=O.[NH3+]C(Cc1ccccc1)C(=O)[O-].F[B-](F)(F)F
CADMAY,2.7252400000000003,479.18787740799996,1,6,Cc1ccc(Sc2ccccc2N2CC[NH2+]CC2)c(C)c1.O=C([O-])Cc1ccc(cc1)N(=O)=O
CADMIF,-0.48029999999999684,322.168700496,1,3,C[N+](C)(C)CC(O)=O.C[N+](C)(C)CC(=O)[O-].F[B-](F)(F)F
CADVIM,-3.8041999999999945,306.10295790800006,3,3,O.[Cl-].CNC(NCCSCC1=C(C)NC=[NH+]1)=NC#N
CADVUY,-3.6130999999999993,165.063722452,2,3,[NH3+]C(CCC(O)=O)C(=O)[O-].O
CAEADP,-4.2863999999999995,279.94259614,3,5,[Ca+2].CC(O)(P(O)(=O)[O-])P(O)(=O)[O-].O.O
CAFFCD,-6.255599999999998,266.07818264,0,5,[Cl-].CN1C=[NH+]C2=C1C(=O)N(C)C(=O)N2C.O.O
CAFINE,-1.8539999999999996,212.090940244,0,6,CN1C=NC2=C1C(=O)N(C)C(=O)N2C.O
CAFINE01,-1.8539999999999996,212.090940244,0,6,CN1C=NC2=C1C(=O)N(C)C(=O)N2C.O
CAFSAL,0.7144999999999995,366.07309726000005,2,8,OC(=O)c1cc(Cl)ccc1O.CN1C=NC2=C1C(=O)N(C)C(=O)N2C
CAFVOW,2.1734,304.058302724,4,4,OC(=O)c1cc(cc(c1)C(O)=O)C(O)=O.Oc1ccccc1
CAGLCL10,-8.324600000000002,238.98734108000002,1,4,[Ca+2].[Cl-].[NH3+]C(CCC(=O)[O-])C(=O)[O-].O
CAGLUT10,-6.261199999999996,239.03179273600003,1,5,[Ca+2].NC(CCC(=O)[O-])C(=O)[O-].O.O.O
CAGRAH,1.0673999999999992,462.1427010439999,2,6,Oc1ccc2c(OC3=CC(=O)C=CC3=C2c2ccccc2C(=O)[O-])c1.Nc1cc[nH+]cc1.O.O
CAGRIP,2.7168,426.121571676,2,6,Oc1ccc2c(OC3=CC(=O)C=CC3=C2c2ccccc2C(=O)[O-])c1.Nc1cc[nH+]cc1
CAGWOW,2.6336000000000004,315.00072404,1,3,Brc1ccc2NC(=O)CN=C(c3ccccn3)c2c1
CAGWUC,2.5477000000000007,313.08626946399994,0,4,CN1C(=O)CN=C(c2ccccc2F)c2cc(ccc12)N(=O)=O
CAGXUD,-2.0749799999999974,317.12948994,3,3,Cc1ccc(cc1)N(CC1=[NH+]CCN1)c1cccc(O)c1.[Cl-]
CAHAPY,-3.6523799999999964,327.00551656409004,0,7,[Ca+2].O=[Cl](=O)(=O)[O-].CN1N(C(=O)C=C1C)c1ccccc1
CAHCIT,-6.772799999999997,284.005637564,2,6,[Ca+2].OC(=O)C(O)(CC(=O)[O-])CC(=O)[O-].O.O.O
CAJTEP,-0.3398000000000003,277.05863707200007,3,5,Oc1cccc(O)c1C(=O)[O-].OC(=O)c1c[nH+]ccc1
CAKZAR,2.652120000000002,446.1316985799999,3,7,CC1=NN=C2CN=C(c3ccccc3)c3cc(Cl)ccc3N12.OB(O)c1ccc(O)cc1
CAKZEV,4.677920000000005,418.11965352799996,2,6,CC1=NN=C2CN=C(c3ccccc3)c3cc(Cl)ccc3N12.Oc1ccc(O)cc1
CAKZUL,1.0418200000000002,480.1411768199998,2,6,CC1=NN=C2CN=C(c3ccccc3)c3cc(Cl)ccc3N12.O.O.O.OC(=O)CCC(O)=O
CALFAY,2.5185000000000004,326.09680990799995,2,5,CCc1nc(N)nc(N)c1c1ccc(Cl)cc1.CS(C)=O
CANDED,-3.3683999999999985,157.06413969609,2,3,CS(=O)(=O)[O-].[NH3+]CC[NH3+]
CANDIN,0.6436,196.073558864,0,4,CC12C3CCC(O3)C1(C)C(=O)OC2=O
CANDIN01,0.6436,196.073558864,0,4,CC12C3CCC(O3)C1(C)C(=O)OC2=O
CANDIN02,0.6436,196.073558864,0,4,CC12C3CCC(O3)C1(C)C(=O)OC2=O
CANDUR,2.6422000000000008,252.089877624,1,2,NC(=O)N1c2ccccc2CC(=O)c2ccccc12
CANDUR01,2.6422000000000008,252.089877624,1,2,NC(=O)N1c2ccccc2CC(=O)c2ccccc12
CANDUR02,2.6422000000000008,252.089877624,1,2,NC(=O)N1c2ccccc2CC(=O)c2ccccc12
CANDUR03,2.6422000000000008,252.089877624,1,2,NC(=O)N1c2ccccc2CC(=O)c2ccccc12
CANFAC,-3.2635799999999984,301.07976644,4,7,OC1=C([O-])C(=O)C1=O.Cc1[nH+]cc(CO)c(CO)c1O.O
CANFED,0.9607999999999993,238.095356928,2,4,NC(=O)OCC(COC(N)=O)c1ccccc1
CAPRAM,-8.969000000000007,283.13795001200003,3,6,[NH3+]CCCC([NH3+])C(=O)[O-].[NH3+]C(CC(=O)[O-])C(=O)[O-].O
CAPTAZ,0.48130000000000117,354.072425,1,2,[Cl-].C[NH+](C)CCCN1c2ccccc2Sc2ccc(Cl)cc12
CAPTAZ01,0.4813000000000007,354.07242499999995,1,2,C[NH+](C)CCCN1c2ccccc2Sc2ccc(Cl)cc12.[Cl-]
CAQPIX,2.2859,415.112797884,4,9,NNC(=O)c1ccncc1.Oc1ccc(cc1)N(=O)=O.Oc1ccc(cc1)N(=O)=O
CARTAS,3.6674000000000007,461.9610755559999,2,5,CSC1=[NH+]c2cc(Cl)c(Oc3cccc(Cl)c3Cl)cc2N1.OC(=O)CC(=O)[O-]
CARWUP,1.5225,330.102470752,2,5,CN1[N]C(=NN(C)C1=S)c1ccccn1.Oc1ccc(O)cc1
CARWUP01,1.5225,330.102470752,2,5,CN1[N]C(=NN(C)C1=S)c1ccccn1.Oc1ccc(O)cc1
CARWUP02,1.5225,330.102470752,2,5,CN1[N]C(=NN(C)C1=S)c1ccccn1.Oc1ccc(O)cc1
CASALA01,-1.4498000000000002,194.99647610409,1,3,[Ca+2].Oc1ccccc1C(=O)[O-].O
CASCAB,-0.28489999999999815,473.0693344079999,3,9,NS(=O)(=O)c1cc2c(NCNS2(=O)=O)cc1Cl.C1COCCO1.C1COCCO1
CASMAL,0.9175000000000004,390.0223246400001,4,6,NS(=O)(=O)c1cc2c(NCNS2(=O)=O)cc1Cl.Nc1ccccc1
CASRPP02,-2.9388999999999976,431.0700960320002,0,8,[Sr+2].[Ca+2].CCC(=O)[O-].CCC(=O)[O-].CCC(=O)[O-].CCC(=O)[O-].[H].[H].[H].[H].[H].[H].[H].[H].[H].[H].[H]
CASRPP05,-4.557199999999996,459.94551450017985,0,8,[Sr+2].[Ca+2].[Ca+2].CCC(=O)[O-].CCC(=O)[O-].CCC(=O)[O-].CCC(=O)[O-]
CASRPP23,-4.54314,419.9840206800003,0,8,[Ca+2].[C]CC(=O)[O-].[C][C]C(=O)[O-].[C]CC(=O)[O-].CCC(=O)[O-].[Sr+2].[H].[H].[H].[H].[H].[H].[H].[H].[H].[H].[H]
CATBOP,-3.8391999999999964,296.151826248,4,4,O=S(=O)([O-])[O-].NC(=[NH2+])NCC[NH+]1CCCCCCC1
CATDAE,-1.9910999999999979,376.03101909991,3,7,OC(=O)c1cc(C(=O)[O-])c(cc1C(=O)[O-])C(O)=O.OC(=O)c1c[nH+]ccc1
CATDAE01,-1.9910999999999979,376.03101909991,3,7,OC(=O)c1cc(C(=O)[O-])c(cc1C(=O)[O-])C(O)=O.OC(=O)c1c[nH+]ccc1
CATDAE02,-1.9910999999999979,376.03101909991,3,7,OC(=O)c1cc(C(=O)[O-])c(cc1C(=O)[O-])C(O)=O.OC(=O)c1c[nH+]ccc1
CATXII,-0.2812999999999967,488.243498376,4,8,CCN1C=C(C(=O)[O-])C(=O)c2cc(F)c(cc12)N1CCNCC1.[NH3+]CCc1ccc(O)cc1.CO
CAVKUF,-3.6882000000000006,335.8646514359999,2,4,[Ca+2].OP(=O)([O-])C(Cl)(Cl)P(O)(=O)[O-].O.O.O
CAVVUQ,1.1573999999999995,341.050482616,1,0,C[NH2+]C1CCC(c2ccc(Cl)c(Cl)c2)c2ccccc12.[Cl-]
CAVVUQ01,1.1573999999999995,341.050482616,1,0,C[NH2+]C1CCC(c2ccc(Cl)c(Cl)c2)c2ccccc12.[Cl-]
CAVVUQ02,1.1573999999999995,341.050482616,1,0,C[NH2+]C1CCC(c2ccc(Cl)c(Cl)c2)c2ccccc12.[Cl-]
CAWKAP,1.4110999999999998,335.921567992,3,4,OC(=O)C1=CC=C(Br)S1.FC1=CNC(=O)NC1=O
CAWKET,0.6486000000000001,258.011055924,3,4,FC1=CNC(=O)NC1=O.OC(=O)C1=CC=CS1
CAXMUJ,2.5577000000000005,314.06127992800003,0,4,CS(=O)(=O)c1ccc(cc1)C1=C(C(=O)OC1)c1ccccc1
CAYTUS,2.6092200000000005,408.1653681359999,1,6,CN1CCN(CC1)C1=Nc2ccccc2NC2=C1C=C(C)S2.O.CS(C)=O
CAZDEO,-4.6136,233.062099704,4,5,O=N(=O)N=C1N[N-]C(=N1)N(=O)=O.NC(N)=[NH2+]
CAZSAY,1.6386999999999994,409.1347792159999,2,4,C[NH+]1CCC(CC1)=C1c2ccccc2Sc2ccccc12.OC(=O)C=CC(=O)[O-]
CBCHOL01,-3.2080999999999973,274.01782572,1,2,C[N+](C)(C)CCOC(N)=O.[I-]
CBCHOL10,-3.2080999999999973,274.01782572,1,2,C[N+](C)(C)CCOC(N)=O.[I-]
CBMCHL01,-3.2080999999999973,182.0822054,1,2,C[N+](C)(C)CCOC(N)=O.[Cl-]
CBMCHL10,-3.2080999999999964,182.0822054,1,2,[Cl-].C[N+](C)(C)CCOC(N)=O
CBMZPN01,3.3872000000000018,236.094963004,1,1,NC(=O)N1c2ccccc2C=Cc2ccccc12
CBMZPN02,3.3872000000000018,236.094963004,1,1,NC(=O)N1c2ccccc2C=Cc2ccccc12
CBMZPN03,3.3872000000000018,236.094963004,1,1,NC(=O)N1c2ccccc2C=Cc2ccccc12
CBMZPN10,3.3872000000000018,236.094963004,1,1,NC(=O)N1c2ccccc2C=Cc2ccccc12
CBMZPN12,3.3872000000000018,236.094963004,1,1,NC(=O)N1c2ccccc2C=Cc2ccccc12
CBMZPN14,3.3872000000000018,236.094963004,1,1,NC(=O)N1c2ccccc2C=Cc2ccccc12
CBMZPN16,3.3872000000000018,236.094963004,1,1,NC(=O)N1c2ccccc2C=Cc2ccccc12
CBMZPN17,3.3872000000000018,236.094963004,1,1,NC(=O)N1c2ccccc2C=Cc2ccccc12
CBMZPN18,3.3872000000000018,236.094963004,1,1,NC(=O)N1c2ccccc2C=Cc2ccccc12
CBMZPN19,3.3872000000000018,236.094963004,1,1,NC(=O)N1c2ccccc2C=Cc2ccccc12
CBMZPN21,3.3872000000000018,236.094963004,1,1,NC(=O)N1c2ccccc2C=Cc2ccccc12
CBMZPN22,3.3872000000000018,236.094963004,1,1,NC(=O)N1c2ccccc2C=Cc2ccccc12
CBMZPN23,3.3872000000000018,236.094963004,1,1,NC(=O)N1c2ccccc2C=Cc2ccccc12
CBMZPN27,3.3872000000000018,236.094963004,1,1,NC(=O)N1c2ccccc2C=Cc2ccccc12
CBMZPN28,3.3872000000000018,236.094963004,1,1,NC(=O)N1c2ccccc2C=Cc2ccccc12
CBMZPN29,3.3872000000000018,236.094963004,1,1,NC(=O)N1c2ccccc2C=Cc2ccccc12
CBMZPN30,3.3872000000000018,236.094963004,1,1,NC(=O)N1c2ccccc2C=Cc2ccccc12
CBMZPN31,3.3872000000000018,236.094963004,1,1,NC(=O)N1c2ccccc2C=Cc2ccccc12
CBMZPN32,3.3872000000000018,236.094963004,1,1,NC(=O)N1c2ccccc2C=Cc2ccccc12
CBMZPN33,3.3872000000000018,236.094963004,1,1,NC(=O)N1c2ccccc2C=Cc2ccccc12
CBMZPN34,3.3872000000000018,236.094963004,1,1,NC(=O)N1c2ccccc2C=Cc2ccccc12
CBMZPN35,3.3872000000000018,236.094963004,1,1,NC(=O)N1c2ccccc2C=Cc2ccccc12
CBMZPN37,3.3872000000000018,236.094963004,1,1,NC(=O)N1c2ccccc2C=Cc2ccccc12
CBMZPN39,3.3872000000000018,236.094963004,1,1,NC(=O)N1c2ccccc2C=Cc2ccccc12
CBMZPN40,3.3872000000000018,236.094963004,1,1,NC(=O)N1c2ccccc2C=Cc2ccccc12
CBMZPN41,3.3872000000000018,236.094963004,1,1,NC(=O)N1c2ccccc2C=Cc2ccccc12
CBMZPN42,3.3872000000000018,236.094963004,1,1,NC(=O)N1c2ccccc2C=Cc2ccccc12
CBMZPN43,3.3872000000000018,236.094963004,1,1,NC(=O)N1c2ccccc2C=Cc2ccccc12
CBMZPN44,3.3872000000000018,236.094963004,1,1,NC(=O)N1c2ccccc2C=Cc2ccccc12
CBMZPN45,3.3872000000000018,236.094963004,1,1,NC(=O)N1c2ccccc2C=Cc2ccccc12
CBMZPN46,3.3872000000000018,236.094963004,1,1,NC(=O)N1c2ccccc2C=Cc2ccccc12
CBMZPN47,3.3872000000000018,236.094963004,1,1,NC(=O)N1c2ccccc2C=Cc2ccccc12
CBMZPN48,3.3872000000000018,236.094963004,1,1,NC(=O)N1c2ccccc2C=Cc2ccccc12
CBMZPN49,3.3872000000000018,236.094963004,1,1,NC(=O)N1c2ccccc2C=Cc2ccccc12
CBMZPN50,3.3872000000000018,236.094963004,1,1,NC(=O)N1c2ccccc2C=Cc2ccccc12
CBMZPN51,3.3872000000000018,236.094963004,1,1,NC(=O)N1c2ccccc2C=Cc2ccccc12
CBMZPN52,3.3872000000000018,236.094963004,1,1,NC(=O)N1c2ccccc2C=Cc2ccccc12
CBMZPN53,3.3872000000000018,236.094963004,1,1,NC(=O)N1c2ccccc2C=Cc2ccccc12
CBMZPN54,3.3872000000000018,236.094963004,1,1,NC(=O)N1c2ccccc2C=Cc2ccccc12
CEBGOF,3.536400000000002,456.14203234799993,3,9,COC(=O)c1ccc(O)cc1.COC(=O)c1ccc(O)cc1.COC(=O)c1ccc(O)cc1
CEBGOF01,3.536400000000002,456.14203234799993,3,9,COC(=O)c1ccc(O)cc1.COC(=O)c1ccc(O)cc1.COC(=O)c1ccc(O)cc1
CEBGOF02,3.536400000000002,456.14203234799993,3,9,COC(=O)c1ccc(O)cc1.COC(=O)c1ccc(O)cc1.COC(=O)c1ccc(O)cc1
CEBGOF03,1.1788,152.047344116,1,3,COC(=O)c1ccc(O)cc1
CEBGOF04,1.1788,152.047344116,1,3,COC(=O)c1ccc(O)cc1
CEBGOF05,1.1788,152.047344116,1,3,COC(=O)c1ccc(O)cc1
CEBGOF06,1.1788,152.047344116,1,3,COC(=O)c1ccc(O)cc1
CEBPEH,-0.6772999999999998,202.0702048,4,5,OC(=O)CCC(O)=O.NC1=NN=CN1
CEBPOR,-6.236999999999997,274.01782572,2,2,[I-].[NH3+]CCCCC([NH3+])C(=O)[O-]
CEBPUV,-0.8657999999999997,286.07185821,4,3,OP(=O)[O-].[NH3+]C(CC1=CNc2ccccc12)C(O)=O
CEDNOQ,2.5628,317.10519334,1,3,Oc1ccccc1C(=O)[O-].[nH+]1c2ccccc2cc2ccccc12
CEDNOQ01,2.5628,317.10519334,1,3,Oc1ccccc1C(=O)[O-].[nH+]1c2ccccc2cc2ccccc12
CEJLUZ,-0.09609999999999763,352.15543176391003,1,4,O=C([O-])CCC(=O)[O-].C[NH+](C)Cc1c2ccccc2cc2ccccc12
CEKBEZ,4.195500000000004,404.2562742519999,1,5,CCC(C)C(=O)OC1CC(C)C=C2C=CC(C)C(CCC3CC(O)CC(=O)O3)C12
CEKBEZ01,4.195500000000004,404.2562742519999,1,5,CCC(C)C(=O)OC1CC(C)C=C2C=CC(C)C(CCC3CC(O)CC(=O)O3)C12
CEKBOJ,4.497640000000004,318.13682781599994,2,4,Cc1ccc2ccc3ccc(C)nc3c2n1.Oc1cccc(O)c1
CEKJOR,0.36864000000000025,327.10012502399996,2,8,Cc1ncc(C[N+]2=CSC(=C2C)CCO)c(N)n1.O=N(=O)[O-]
CEKLAH,3.1049000000000015,471.09003451599995,3,6,OC(=O)c1ccccc1F.CN1C(=C(O)c2ccccc2S1(=O)=O)C(=O)Nc1ccccn1
CEKLEL,3.2742200000000015,467.115106392,3,6,Cc1ccccc1C(O)=O.CN1C(=C(O)c2ccccc2S1(=O)=O)C(=O)Nc1ccccn1
CEKLOV,3.619200000000001,487.060483976,3,6,OC(=O)c1cccc(Cl)c1.CN1C(=C(O)c2ccccc2S1(=O)=O)C(=O)Nc1ccccn1
CEKLUB,3.1049000000000015,471.09003451599995,3,6,CN1C(=C(O)c2ccccc2S1(=O)=O)C(=O)Nc1ccccn1.OC(=O)c1cccc(F)c1
CEKMAI,2.8740000000000006,498.084534536,3,8,OC(=O)c1cccc(c1)N(=O)=O.CN1C(=C(O)c2ccccc2S1(=O)=O)C(=O)Nc1ccccn1
CEKMEM,3.1049000000000015,471.09003451599995,3,6,CN1C(=C(O)c2ccccc2S1(=O)=O)C(=O)Nc1ccccn1.OC(=O)c1ccc(F)cc1
CEKMIQ,0.7694000000000004,468.11035535999997,3,6,Nc1ccccc1C(O)=O.CN1C(=C([O-])c2ccccc2S1(=O)=O)C(=O)Nc1[nH+]cccc1
CEKNAJ,1.3262999999999994,471.090034516,2,5,OC(=O)c1ccccc1F.CN1C(=C([O-])c2ccccc2S1(=O)=O)C(=O)Nc1[nH+]cccc1
CEKNEN,0.8928,469.09437094799995,3,6,CN1C(=C([O-])c2ccccc2S1(=O)=O)C(=O)Nc1[nH+]cccc1.OC(=O)c1ccccc1O
CEKNIR,1.0954,498.0845345359999,2,7,CN1C(=C([O-])c2ccccc2S1(=O)=O)C(=O)Nc1[nH+]cccc1.OC(=O)c1ccccc1N(=O)=O
CEKNOX,1.3262999999999998,471.09003451599995,2,5,CN1C(=C([O-])c2ccccc2S1(=O)=O)C(=O)Nc1[nH+]cccc1.OC(=O)c1cccc(F)c1
CEKNUD,0.06810000000000116,487.104935632,3,6,O.CN1C(=C([O-])c2ccccc2S1(=O)=O)C(=O)Nc1[nH+]cccc1.OC(=O)c1cccc(O)c1
CEKPEP,1.4956199999999993,467.11510639200003,2,5,Cc1cccc(c1)C(O)=O.CN1C(=C([O-])c2ccccc2S1(=O)=O)C(=O)Nc1[nH+]cccc1
CEKPIR,-1.4942000000000004,146.0579088,2,4,OC1COC2C(O)COC12
CEKPIR01,-1.4942000000000004,146.0579088,2,4,OC1COC2C(O)COC12
CEKPIT,1.3263,471.09003451599995,2,5,CN1C(=C([O-])c2ccccc2S1(=O)=O)C(=O)Nc1[nH+]cccc1.OC(=O)c1ccc(F)cc1
CEKPOZ,1.4956200000000004,467.115106392,2,5,CN1C(=C([O-])c2ccccc2S1(=O)=O)C(=O)Nc1[nH+]cccc1.Cc1ccc(cc1)C(O)=O
CELVAU,2.699600000000001,459.19065428,1,6,COc1ccc(cc1)N1N=C(C(N)=O)C2=C1C(=O)N(CC2)c1ccc(cc1)N1CCCCC1=O
CELWUN,-0.022300000000000375,250.075370432,2,4,Oc1cccc(F)c1C(=O)[O-].Nc1cc[nH+]cc1
CELXAU,-0.22360000000000024,328.00586899600006,2,4,Oc1ccc(Br)cc1C(=O)[O-].Nc1cc[nH+]cc1.O
CELXEY,-0.3815,375.992004896,2,4,Oc1ccc(I)cc1C(=O)[O-].Nc1cc[nH+]cc1.O
CELXIC,-0.25320000000000026,277.06987045200003,2,6,Oc1c(cccc1N(=O)=O)C(=O)[O-].Nc1cc[nH+]cc1
CELXOI,-0.20300000000000024,289.10625596000006,3,5,CC(=O)Nc1ccc(O)c(c1)C(=O)[O-].Nc1cc[nH+]cc1
CELXUO,0.5023999999999993,326.137890436,3,6,Nc1ccc(O)c(c1)C(=O)[O-].Nc1cc[nH+]cc1.c1ccncc1
CELYAV,0.4919999999999997,266.045819892,2,4,Nc1cc[nH+]cc1.Oc1ccc(Cl)cc1C(=O)[O-]
CELYEZ,-0.33270000000000044,284.056384576,2,4,O.Oc1ccc(Cl)cc1C(=O)[O-].Nc1cc[nH+]cc1
CEMEBR01,3.1779,363.250062444,0,0,[Br-].CCCCCCCCCCCCCCCC[N+](C)(C)C
CEMEBR02,3.1779,363.250062444,0,0,[Br-].CCCCCCCCCCCCCCCC[N+](C)(C)C
CEMEBR11,3.177900000000001,363.250062444,0,0,CCCCCCCCCCCCCCCC[N+](C)(C)C.[Br-]
CEMEBR12,3.177900000000001,363.250062444,0,0,CCCCCCCCCCCCCCCC[N+](C)(C)C.[Br-]
CEMEBR13,3.177900000000001,363.250062444,0,0,CCCCCCCCCCCCCCCC[N+](C)(C)C.[Br-]
CEMEBR14,3.1779,363.250062444,0,0,[Br-].CCCCCCCCCCCCCCCC[N+](C)(C)C
CEMHEK,-0.4882999999999999,75.0320284,2,2,CC(=O)NO
CEMHEK01,-0.9765999999999992,150.0640568,4,4,CC(=O)NO.CC(=O)NO
CENZAA,-0.5419000000000007,278.13903330800025,3,4,NC(=O)c1ccncc1.FC1=CNC(=O)NC1=O.O.[H].[H].[H].[H].[H].[H].[H].[H]
CEPFEL,1.3694999999999993,335.246043916,1,2,[NH2+](C1CCCCC1)C1CCCCC1.O=C([O-])Cc1ccccc1.O
CEPGLY,-0.8365999999999982,423.11002101199995,3,7,O.CC(=O)OCC1=C(N2C(SC1)C(NC(=O)C(N)c1ccccc1)C2=O)C(O)=O
CEPSIZ,0.5344199999999997,247.062676896,0,6,CCS(=O)(=O)CCN1C(=NC=C1N(=O)=O)C
CEPSIZ01,0.5344199999999997,247.062676896,0,6,CCS(=O)(=O)CCN1C(=NC=C1N(=O)=O)C
CEQDOV,4.499800000000001,306.980298444,1,3,OC(=O)c1ccc2N=C(Oc2c1)c1cc(Cl)cc(Cl)c1
CEQDOV01,4.499800000000001,306.980298444,1,3,OC(=O)c1ccc2N=C(Oc2c1)c1cc(Cl)cc(Cl)c1
CEQFUD,-3.982499999999998,382.03843005191,3,6,O=S(=O)([O-])c1cccc2c1cccc2S(=O)(=O)[O-].NC(N)=[NH2+].O.O
CEQFUD01,-3.9824999999999964,382.03843005191,3,6,O=S(=O)([O-])c1cccc2c1cccc2S(=O)(=O)[O-].O.O.NC(N)=[NH2+]
CEQGIS,-1.154299999999997,498.06464479990996,4,9,O=S(=O)([O-])c1cccc2c1cccc2S(=O)(=O)[O-].COC(=O)c1ccccc1O.NC(N)=[NH2+]
CEQHIT,-0.4474599999999959,467.1064500359101,4,7,O=S(=O)([O-])c1cccc2c1cccc2S(=O)(=O)[O-].Cc1cccc(C)c1N.NC(N)=[NH2+]
CERGEL,-2.0924999999999994,196.995499892,1,2,[NH3+]C(CC[Se]C)C(=O)[O-]
CERXIH,0.07799999999999985,250.142975816,2,6,Oc1ccccc1O.C1N2CN3CN1CN(C2)C3
CESRUN,0.7268000000000012,412.1746698679999,2,8,COc1cc(Cc2c[nH+]c(N)nc2N)cc(OC)c1OC.O=C([O-])c1ccccc1
CESZOS,-3.5893599999999957,334.12954951599994,2,5,CC[NH+](CC)CC(=O)Nc1c(C)cccc1C.O=[Cl](=O)(=O)[O-]
CETSOJ,-4.484799999999998,206.126657056,2,4,[NH3+]CCCCC([NH3+])C(=O)[O-].CC(=O)[O-]
CEVVUU,-0.20659999999999723,349.188922964,2,5,COC(=O)C1CC=CCC1C(=O)[O-].C[NH2+]C(C)C(O)c1ccccc1
CEVVUU10,-0.20659999999999723,349.188922964,2,5,COC(=O)C1CC=CCC1C(=O)[O-].C[NH2+]C(C)C(O)c1ccccc1
CEVYEK,-0.4378599999999974,473.14007168800003,2,7,CN1N=C2C=C(C=CC2=C1C)N(C)c1cc[nH+]c(Nc2ccc(C)c(c2)S(N)(=O)=O)n1.[Cl-]
CEVYEK01,-0.4378599999999974,473.14007168800003,2,7,CN1N=C2C=C(C=CC2=C1C)N(C)c1cc[nH+]c(Nc2ccc(C)c(c2)S(N)(=O)=O)n1.[Cl-]
CEWQUU,-2.0627999999999957,293.14745207600004,4,5,OC(CC(O)=O)C(=O)[O-].[NH3+]CC(CC(C)C)CC(O)=O
CEWREF,-2.0627999999999957,293.14745207600004,4,5,OC(CC(O)=O)C(=O)[O-].[NH3+]CC(CC(C)C)CC(O)=O
CEXMAU,2.1769,349.115044728,1,6,CC(c1ncncc1F)C(O)(CN1C=NC=N1)c1ccc(F)cc1F
CEXNIC,-0.5663099999999996,461.2445196919999,0,3,CN(C)c1ccc(cc1)[C+](c1ccc(cc1)N(C)C)c1ccc(cc1)N(C)C.[Cl-].O.O.O
CEYCIS,-0.3082000000000009,257.11642672,3,2,[NH2+]=C(Nc1ccccc1)Nc1ccccc1.O=C[O-]
CEYHUJ01,-1.0445999999999946,450.138006024,1,5,[Cl-].COc1ccc(cc1)C1Sc2ccccc2N(CC[NH+](C)C)C(=O)C1OC(C)=O
CEYHUJ03,-1.0445999999999946,450.138006024,1,5,[Cl-].COc1ccc(cc1)C1Sc2ccccc2N(CC[NH+](C)C)C(=O)C1OC(C)=O
CFHPRG,3.889300000000003,454.1922300239999,1,5,CC1(C)OC2CC3C4CCC5=CC(=O)CCC5(C)C4(F)C(O)CC3(C)C2(O1)C(=O)CCl
CHCAHB,-2.876699999999997,237.036440852,2,1,[Br-].[NH3+]CC1CCC(CC1)C(O)=O
CHOCHL,-3.3110999999999966,139.076391748,1,1,[Cl-].C[N+](C)(C)CCO
CHOCHL01,-3.3110999999999966,139.076391748,1,1,[Cl-].C[N+](C)(C)CCO
CHOCHL04,-3.3110999999999966,139.076391748,1,1,[Cl-].C[N+](C)(C)CCO
CHOLCM10,4.477900000000005,392.29265975999994,3,3,CC(CCC(O)=O)C1CCC2C3CCC4CC(O)CCC4(C)C3CC(O)C12C
CHOPAL,4.477900000000005,392.29265975999994,3,3,CC(CCC(O)=O)C1CCC2C3CCC4CC(O)CCC4(C)C3CC(O)C12C
CHORLH,0.6672999999999998,163.919862376,2,2,OC(O)C(Cl)(Cl)Cl
CHORLH01,0.6672999999999998,163.919862376,2,2,OC(O)C(Cl)(Cl)Cl
CHORLH03,0.6672999999999998,163.919862376,2,2,OC(O)C(Cl)(Cl)Cl
CICQUB,-5.326699999999995,383.05306320391,1,7,ClC1=C([O-])C(=O)C(=C([O-])C1=O)Cl.C1[NH+]2CN3CN1CN(C2)C3.O.O
CICVIU,-0.5025000000000002,237.024892332,1,3,OC(=O)c1c[nH+]ccc1.FC(F)(F)C(=O)[O-]
CICVIU01,-0.5025000000000002,237.024892332,1,3,OC(=O)c1c[nH+]ccc1.FC(F)(F)C(=O)[O-]
CIDBOH,-4.933499999999995,385.184900204,4,6,Nc1ccc(cc1)C(O)=O.O=C([O-])C1[NH2+]CCC1.O=C([O-])C1[NH2+]CCC1.O
CIDDEZ,-0.9693999999999996,159.125928784,1,2,[NH3+]CC(CC(C)C)CC(=O)[O-]
CIDDEZ01,-0.9693999999999996,159.125928784,1,2,[NH3+]CC(CC(C)C)CC(=O)[O-]
CIDDEZ02,-0.9693999999999996,159.125928784,1,2,[NH3+]CC(CC(C)C)CC(=O)[O-]
CIDDEZ03,-0.9693999999999996,159.125928784,1,2,[NH3+]CC(CC(C)C)CC(=O)[O-]
CIDYAP06,0.7563,349.07324158,2,5,CN1C(=C(O)c2ccccc2S1(=O)=O)C(=O)Nc1ccccn1.O
CIHDEF,-1.1595999999999997,303.052506136,1,5,CC1=CC(=O)[N-]S(=O)(=O)O1.NC(=O)c1c[nH+]ccc1.O
CIHDIJ,0.26439999999999975,286.02595704000004,1,5,CC1=CC(=O)[N-]S(=O)(=O)O1.OC(=O)c1c[nH+]ccc1
CIHDOP,-2.517899999999997,392.0460408519999,3,9,CC1=CC(=O)[N-]S(=O)(=O)O1.[NH2+]=C1NC(=O)N(C=C1)C1CSC(CO)O1
CIJVOK,-3.595719999999999,174.09855104409,3,4,NC(=O)C(=N[O-])C#N.[NH3+]CC[NH3+]
CIJVUQ,-3.939119999999998,200.11420110809,3,4,NC(=O)C(=N[O-])C#N.[NH2+]1CC[NH2+]CC1
CIJYUQ,2.6458200000000014,433.09282965999995,1,6,COc1ccc2N(C(=C(CC(=O)OCC(O)=O)c2c1)C)C(=O)c1ccc(Cl)cc1.O
CIKPIY,1.7569999999999997,493.14851469599984,3,6,CN1CC(=O)N2C(CC3=C(Nc4ccccc34)C2c2ccc3OCOc3c2)C1=O.OC(=O)CC(O)=O
CILLEQ,4.621300000000004,378.19434269199996,2,3,O=C(Nc1ccccn1)C12CC3CC(CC(C3)C1)C2.OC(=O)c1ccccc1
CILLOA,3.759420000000002,314.163042564,2,3,Cc1cccc(NC(=O)C(C)(C)C)n1.OC(=O)c1ccccc1
CILMAN,4.929720000000004,392.20999275599996,2,3,Cc1cccc(NC(=O)C23CC4CC(CC(C4)C2)C3)n1.OC(=O)c1ccccc1
CIMETD,0.5973999999999999,252.11571551199998,3,4,CNC(NCCSCC1=C(C)NC=N1)=NC#N
CIMETD01,0.5973999999999999,252.11571551199998,3,4,CNC(NCCSCC1=C(C)NC=N1)=NC#N
CIMETD02,0.5973999999999999,252.11571551199998,3,4,CNC(NCCSCC1=C(C)NC=N1)=NC#N
CIMETD03,0.5973999999999999,252.11571551199998,3,4,CNC(NCCSCC1=C(C)NC=N1)=NC#N
CIMETD07,0.5973999999999999,252.11571551199998,3,4,CNC(NCCSCC1=C(C)NC=N1)=NC#N
CIMETD08,0.5973999999999999,252.11571551199998,3,4,CNC(NCCSCC1=C(C)NC=N1)=NC#N
CIMETD09,0.5973999999999999,252.11571551199998,3,4,CNC(NCCSCC1=C(C)NC=N1)=NC#N
CIMETD10,0.5973999999999999,252.11571551199998,3,4,CNC(NCCSCC1=C(C)NC=N1)=NC#N
CIMGUA,-0.2273000000000001,270.126280196,3,4,CNC(NCCSCC1=C(C)NC=N1)=NC#N.O
CIMGUA01,-0.2273000000000001,270.126280196,3,4,CNC(NCCSCC1=C(C)NC=N1)=NC#N.O
CIMGUA03,-0.2273000000000001,270.126280196,3,4,CNC(NCCSCC1=C(C)NC=N1)=NC#N.O
CIMKES,0.5840199999999998,275.119129152,1,4,Cc1ccc(cc1)S(=O)(=O)[O-].C[N+](C)(C)CCO
CIMMOD,3.193200000000002,250.08729078,1,3,CN(C)c1ccncc1.Oc1ccc(Cl)cc1
CIMNAN,-4.031099999999995,436.1282906119099,3,7,O=S(=O)([O-])[O-].C[NH+]1CCC23C4Oc5c(O)ccc(CC1C2C=CC4O)c35.O.O.O
CIMPRA,0.11530000000000262,350.131654128,1,1,[Cl-].C[NH+](C)CCCN1c2ccccc2CCc2ccc(Cl)cc12
CIMPRA01,0.11530000000000262,350.131654128,1,1,[Cl-].C[NH+](C)CCCN1c2ccccc2CCc2ccc(Cl)cc12
CINMAO,-8.13660000000001,266.19430815218,4,4,[NH3+]CC[NH2+]CC[NH2+]CC[NH3+].O=C([O-])CCC(=O)[O-]
CIPHAL,1.7047,434.20530130000003,1,8,C1COCCOCCOc2ccccc2OCCOCCO1.NC(=O)c1cccnc1
CIPWUT,1.1457999999999997,277.038193464,1,8,CN1C=NC(=C1Sc1ncnc2NC=Nc12)N(=O)=O
CIPWUT01,1.1457999999999997,277.038193464,1,8,CN1C=NC(=C1Sc1ncnc2NC=Nc12)N(=O)=O
CIPWUT02,1.1457999999999997,277.038193464,1,8,CN1C=NC(=C1Sc1ncnc2NC=Nc12)N(=O)=O
CIQBIO,-0.7491999999999996,293.10117058,2,7,COc1[nH+]c(N)nc(OC)c1.Oc1ccccc1C(=O)[O-]
CIQJUI,-3.7033999999999976,323.09074836809003,4,5,OC(=O)c1cc(ccc1O)S(=O)(=O)[O-].[NH2+]1CC[NH2+]CC1.O
CIQJUI01,-3.7033999999999976,323.09074836809003,4,5,OC(=O)c1cc(ccc1O)S(=O)(=O)[O-].[NH2+]1CC[NH2+]CC1.O
CIQUOL,3.1984000000000004,304.9104394600001,1,2,Oc1c(I)cc(Cl)c2cccnc12
CIQUOL01,3.1984000000000004,304.9104394600001,1,2,Oc1c(I)cc(Cl)c2cccnc12
CIQUOL02,3.1984000000000004,304.9104394600001,1,2,Oc1c(I)cc(Cl)c2cccnc12
CIRTIG,4.511700000000003,393.11471246800005,2,5,COc1cc(NS(C)(=O)=O)ccc1Nc1c2ccccc2nc2ccccc12
CIRTIG01,4.511700000000003,393.11471246800005,2,5,COc1cc(NS(C)(=O)=O)ccc1Nc1c2ccccc2nc2ccccc12
CIRXAD,-1.0723000000000011,202.0702048,3,6,NN1C=NN=C1.OC(=O)CCC(O)=O
CISCOW,3.2264000000000017,356.12598835999995,4,6,Oc1ccc(O)cc1.Oc1ccc(O)cc1.CC1=CC(=O)C(=CC1=O)C
CISKUL,0.5896000000000031,440.23449325199994,2,5,CCCCS(=O)(=O)NC(Cc1ccc(OCCCCC2CC[NH2+]CC2)cc1)C(=O)[O-]
CISREB,2.1009,433.0831375679999,1,7,COc1ccc2C=C3[N+](=Cc2c1OC)CCc1cc2OCOc2cc31.OS(=O)(=O)[O-]
CITARC,-2.0732,210.03756728000002,4,4,OC(=O)CC(O)(CC(O)=O)C(O)=O.O
CITARC01,-2.0732,210.03756728000002,4,4,OC(=O)CC(O)(CC(O)=O)C(O)=O.O
CITARC02,-2.0732,210.03756728000002,4,4,OC(=O)CC(O)(CC(O)=O)C(O)=O.O
CITEND01,-6.447699999999996,252.095750852,4,6,[NH3+]CC[NH3+].OC(=O)CC(O)(CC(=O)[O-])C(=O)[O-]
CITRAC10,-1.2485,192.02700259600002,4,4,OC(=O)CC(O)(CC(O)=O)C(O)=O
CITRAC11,-1.2485,192.02700259600002,4,4,OC(=O)CC(O)(CC(O)=O)C(O)=O
CITRAC12,-1.2485,192.02700259600002,4,4,OC(=O)CC(O)(CC(O)=O)C(O)=O
CITRAC13,-1.2485,192.02700259600002,4,4,OC(=O)CC(O)(CC(O)=O)C(O)=O
CITREC01,1.7737,303.10191952800005,0,5,CCOC(=O)C1=C2CN(C)C(=O)c3cc(F)ccc3N2C=N1
CITROP,2.2248199999999994,383.13036253200005,3,3,Cc1ccc(cc1)S(=O)(=O)[O-].[NH2+]=C(Nc1ccccc1)Nc1ccccc1
CITYIN10,-1.7702599999999955,280.17062648,2,1,[Cl-].Cc1cc(cc(C)c1CC1=[NH+]CCN1)C(C)(C)C
CITZUD,-1.8492999999999982,257.076018452,0,8,CN1C=[NH+]C2=C1C(=O)N(C)C(=O)N2C.O=N(=O)[O-]
CIVCIT10,4.271100000000003,314.18166983199995,1,2,CCCN1CC(CSC)CC2C1CC1=CNc3cccc2c13
CIVDEQ01,-1.0530999999999988,284.059551808,2,3,CCc1[nH+]c(N)nc(N)c1c1ccc(Cl)cc1.[Cl-]
CIVFOC10,-2.6464999999999965,299.136887392,4,5,C[NH2+]C(C)Cc1ccccc1.OC(C(O)C(=O)[O-])C(O)=O
CIVLOL,-4.683099999999999,154.958190532,2,1,[Br-].[NH3+]CC(O)=O
CIVLUR,-4.683099999999999,202.944326432,2,1,[I-].[NH3+]CC(O)=O
CIWFUL,2.9128000000000007,472.2321847439999,4,6,O=C(NCCCCCCCCNC(=O)c1ccncc1)c1ccncc1.OC(=O)CCC(O)=O
CIWKUS,3.0273000000000003,489.1567673080001,3,6,O=C([O-])C=CC(=O)Nc1cccc2ccccc12.CCc1[nH+]c(N)nc(N)c1c1ccc(Cl)cc1
CIXMED,3.731400000000001,365.967375312,3,5,NC1=Nc2ccc(Br)cc2S1.OC(=O)c1ccccc1O
CIYNIH,-3.7088999999999954,402.2002159199999,2,4,CC([NH2+]C(CCc1ccccc1)C(=O)[O-])C(=O)N1CCCC1C(O)=O.O.O.O
CIYRIL01,3.8826000000000027,312.208930136,1,2,CC1CC2=C(CCC(=O)C2)C2CCC3(C)C(CCC3(O)C#C)C12
CIZTAH,-2.133099999999998,314.086248788,4,8,OC(CC(O)=O)C(O)=O.CN1C(=O)N(C)C2=C(NC=N2)C1=O
CLAMBU,3.377900000000002,303.07928420800005,1,2,OC(=O)CCCc1ccc(cc1)N(CCCl)CCCl
CLEMAS,2.0644,459.1812507399999,2,4,C[NH+]1CCCC1CCOC(C)(c1ccccc1)c1ccc(Cl)cc1.OC(=O)C=CC(=O)[O-]
CLEMAS01,2.0644,459.1812507399999,2,4,C[NH+]1CCCC1CCOC(C)(c1ccccc1)c1ccc(Cl)cc1.OC(=O)C=CC(=O)[O-]
CLEMAS02,2.0644,459.1812507399999,2,4,C[NH+]1CCCC1CCOC(C)(c1ccccc1)c1ccc(Cl)cc1.OC(=O)C=CC(=O)[O-]
CLMPCL01,0.909,322.012326844,3,5,OCC(NC(=O)C(Cl)Cl)C(O)c1ccc(cc1)N(=O)=O
CLMPCL02,0.909,322.012326844,3,5,OCC(NC(=O)C(Cl)Cl)C(O)c1ccc(cc1)N(=O)=O
CLMPCL04,0.909,322.012326844,3,5,OCC(NC(=O)C(Cl)Cl)C(O)c1ccc(cc1)N(=O)=O
CLONDC01,-2.741699999999999,264.99403036,3,0,[Cl-].Clc1cccc(Cl)c1[NH+]=C1NCCN1
CLONDC10,-2.741699999999999,264.99403036,3,0,Clc1cccc(Cl)c1[NH+]=C1NCCN1.[Cl-]
CLONDC11,-2.741699999999999,264.99403036,3,0,[Cl-].Clc1cccc(Cl)c1[NH+]=C1NCCN1
CLPHOL02,4.0912000000000015,256.00578492,2,2,Oc1ccc(Cl)cc1.Oc1ccc(Cl)cc1
CLPHOL11,4.0912000000000015,256.00578492,2,2,Oc1ccc(Cl)cc1.Oc1ccc(Cl)cc1
CLPHOL12,4.0912000000000015,256.00578492,2,2,Oc1ccc(Cl)cc1.Oc1ccc(Cl)cc1
CLPHOL13,4.0912000000000015,256.00578492,2,2,Oc1ccc(Cl)cc1.Oc1ccc(Cl)cc1
CLPHOL14,4.0912000000000015,256.00578492,2,2,Oc1ccc(Cl)cc1.Oc1ccc(Cl)cc1
CLPNXA,4.2363000000000035,400.1376121,1,4,OCCN1CCN(CCC=C2c3ccccc3Sc3ccc(Cl)cc23)CC1
CMCHOL,-3.2080999999999964,226.03168982,1,2,[Br-].C[N+](C)(C)CCOC(N)=O
CMCHOL01,-3.2080999999999973,226.03168982,1,2,C[N+](C)(C)CCOC(N)=O.[Br-]
CMPDAZ10,-5.605799999999998,485.98214855199996,3,2,C[NH+]1CCN(CC1)C1=[NH+]c2cc(Cl)ccc2Nc2ccccc12.[Br-].[Br-]
COBKAJ,4.251100000000003,383.12296864399997,2,8,Oc1cccc2cccnc12.CC(C)=NNc1ccc(cc1N(=O)=O)N(=O)=O
COBMOV,1.3364,209.10519334,2,3,Oc1ccc(O)cc1.CN1CCCC1=O
COCAIN10,1.8676999999999995,303.147058152,0,5,COC(=O)C1C(CC2CCC1N2C)OC(=O)c1ccccc1
COCHCL01,-2.5453999999999937,339.123735864,1,4,[Cl-].COC(=O)C1C(CC2CCC1[NH+]2C)OC(=O)c1ccccc1
COCPIU,-1.8557999999999937,478.23151604799983,4,6,[NH3+]CCc1ccccc1.[NH3+]CCc1ccccc1.OC(=O)CCC(=O)[O-].OC(=O)CCC(=O)[O-]
COFBOO10,-1.3608999999999987,323.0188091920001,3,6,OC(=O)CCl.ClCC(=O)[O-].Nc1[nH+]cnc2NC=Nc12
COFBUU10,0.41229999999999944,333.191322976,2,6,Nc1ncnc2NC=Nc12.CN1CCCC1=O.CN1CCCC1=O
COFCEF10,1.1952,277.06987045200003,2,5,O=N(=O)c1cc[n+]([O-])cc1.Nc1ccc(cc1)C(O)=O
COGCOR,2.4680000000000013,345.34755510009006,2,2,CCCCCCCCCCCCCCCCCC(=O)[O-].[NH3+]CC[NH3+]
COHRUQ,-1.5174999999999992,143.084162348,3,0,C[B-](F)(F)F.NC(N)=[NH2+]
COHWIF,0.7153999999999996,222.136827816,2,4,C1CN2CCN1CC2.Oc1ccc(O)cc1
COHWIF01,0.7154,222.136827816,2,4,Oc1ccc(O)cc1.C1CN2CCN1CC2
COHWIF02,0.7153999999999996,222.136827816,2,4,C1CN2CCN1CC2.Oc1ccc(O)cc1
COHWIF03,0.7154,222.136827816,2,4,Oc1ccc(O)cc1.C1CN2CCN1CC2
COHWOL,2.402,300.183778008,2,4,C1CN2CCN1CC2.Oc1ccccc1.Oc1ccccc1
COKPIE,0.3937800000000003,378.04564692800005,1,6,CN1C(=C([O-])C2=C(C=CS2)S1(=O)=O)C(=O)Nc1[nH+]cccc1.CC#N
COKPUQ,1.8503,454.933480904,1,5,CN1C(=C([O-])C2=C(C=CS2)S1(=O)=O)C(=O)Nc1[nH+]cccc1.ClC(Cl)Cl
COKQEB,0.4592000000000003,395.060962644,1,6,CN1C(=C([O-])C2=C(C=CS2)S1(=O)=O)C(=O)Nc1[nH+]cccc1.CC(C)=O
COKQIF,-0.4316999999999991,410.071861676,1,6,CN1C(=C([O-])C2=C(C=CS2)S1(=O)=O)C(=O)Nc1[nH+]cccc1.CN(C)C=O
COMXAD,-4.722399999999999,158.045643462,3,3,[NH3+]CC[NH3+].OP(=O)([O-])[O-]
COMXAD01,-4.7223999999999995,158.045643462,3,3,OP(=O)([O-])[O-].[NH3+]CC[NH3+]
CONJEY,3.7557000000000014,313.092577968,3,3,OC(=O)c1ccccc1Nc1cccc(c1)C(F)(F)F.CO
CONVAD,-3.9523999999999986,278.111400916,4,6,[NH3+]C(CCCCN)C(O)=O.OC1=C([O-])C(=O)C1=O.O
CONZEK01,-3.168699999999994,393.153600076,3,6,ON(=O)=O.[NH3+]C(Cc1ccccc1)C(=O)[O-].[NH3+]C(Cc1ccccc1)C(=O)[O-]
CONZIO01,-0.8044999999999995,212.046692484,2,5,[NH3+]C(CCSC)C(O)=O.O=N(=O)[O-]
COQWOU,-2.7533999999999987,446.1976910559998,2,6,CC1[NH2+]C(C)CN(C1)c1c(F)c(N)c2C(=O)C(=CN(C3CC3)c2c1F)C(=O)[O-].O.O.O
COQWOU01,-2.7533999999999987,446.1976910559998,2,6,CC1[NH2+]C(C)CN(C1)c1c(F)c(N)c2C(=O)C(=CN(C3CC3)c2c1F)C(=O)[O-].O.O.O
COQWOU02,-2.7533999999999987,446.1976910559998,2,6,CC1[NH2+]C(C)CN(C1)c1c(F)c(N)c2C(=O)C(=CN(C3CC3)c2c1F)C(=O)[O-].O.O.O
CORTMS,1.3901,394.23553880799994,4,6,CC12CCC(=O)C=C1CCC1C3CCC(O)(C(=O)CO)C3(C)CC(O)C21.CO
CORTMS01,1.3901,394.23553880799994,4,6,CC12CCC(=O)C=C1CCC1C3CCC(O)(C(=O)CO)C3(C)CC(O)C21.CO
CORTPY,2.8632000000000017,441.25152322,3,6,CC12CCC(=O)C=C1CCC1C3CCC(O)(C(=O)CO)C3(C)CC(O)C21.c1ccncc1
CORTSL,1.7815999999999999,362.20932406,3,5,CC12CCC(=O)C=C1CCC1C3CCC(O)(C(=O)CO)C3(C)CC(O)C21
CORYIR,-1.0200999999999996,227.00257874,0,9,O=N(=O)OCC(CON(=O)=O)ON(=O)=O
CORYIR10,-1.0200999999999996,227.00257874,0,9,O=N(=O)OCC(CON(=O)=O)ON(=O)=O
COSKUT,0.7926999999999988,335.11173526399995,4,7,NNC(=O)c1ccncc1.COc1cc(cc(OC)c1O)C(O)=O
COSSAH,-3.9110999999999985,352.028590912,2,6,O=[Se](=O)([O-])[O-].[NH3+]c1ccncc1.[NH3+]c1ccncc1.O
COTYOA,3.073200000000001,206.130679816,1,1,CC(C)Cc1ccc(cc1)C(C)C(O)=O
COTYOA01,3.073200000000001,206.130679816,1,1,CC(C)Cc1ccc(cc1)C(C)C(O)=O
COTYOA02,1.3505999999999998,151.063328528,2,2,CC(=O)Nc1ccc(O)cc1
COTYOA03,1.3505999999999998,151.063328528,2,2,CC(=O)Nc1ccc(O)cc1
COTZAN02,1.3505999999999998,151.063328528,2,2,CC(=O)Nc1ccc(O)cc1
COTZAN03,1.3505999999999998,151.063328528,2,2,CC(=O)Nc1ccc(O)cc1
COTZAN04,1.3505999999999998,151.063328528,2,2,CC(=O)Nc1ccc(O)cc1
COVPIN,-5.725799999999994,439.1966077599998,1,5,Fc1cc2C(=O)C(=CN(C3CC3)c2cc1N1CC[NH2+]CC1)C(=O)[O-].O.O.O.O.O.O
COVPIN01,-5.725799999999994,439.1966077599998,1,5,Fc1cc2C(=O)C(=CN(C3CC3)c2cc1N1CC[NH2+]CC1)C(=O)[O-].O.O.O.O.O.O
COVPIN03,-5.725799999999994,439.1966077599998,1,5,Fc1cc2C(=O)C(=CN(C3CC3)c2cc1N1CC[NH2+]CC1)C(=O)[O-].O.O.O.O.O.O
COVPIN04,-5.725799999999994,439.1966077599998,1,5,Fc1cc2C(=O)C(=CN(C3CC3)c2cc1N1CC[NH2+]CC1)C(=O)[O-].O.O.O.O.O.O
COVPIN05,-5.725799999999994,439.1966077599998,1,5,Fc1cc2C(=O)C(=CN(C3CC3)c2cc1N1CC[NH2+]CC1)C(=O)[O-].O.O.O.O.O.O
COVPIN06,-5.725799999999994,439.1966077599998,1,5,Fc1cc2C(=O)C(=CN(C3CC3)c2cc1N1CC[NH2+]CC1)C(=O)[O-].O.O.O.O.O.O
COVPIN07,-5.725799999999994,439.1966077599998,1,5,Fc1cc2C(=O)C(=CN(C3CC3)c2cc1N1CC[NH2+]CC1)C(=O)[O-].O.O.O.O.O.O
COVPIN08,-5.725799999999994,439.1966077599998,1,5,Fc1cc2C(=O)C(=CN(C3CC3)c2cc1N1CC[NH2+]CC1)C(=O)[O-].O.O.O.O.O.O
COVPIN09,-5.725799999999994,439.1966077599998,1,5,Fc1cc2C(=O)C(=CN(C3CC3)c2cc1N1CC[NH2+]CC1)C(=O)[O-].O.O.O.O.O.O
COVXIU,1.0849399999999998,310.109961436,3,6,Cc1cc(C)nc(NS(=O)(=O)c2ccc(N)cc2)n1.CO
COWNEI,1.486,435.262087904,3,6,CC12CCC(=O)C=C1CCC1C3CCC(O)(C(=O)CO)C3(C)CC(O)C21.CN(C)C=O
COWTAK,0.9339999999999994,374.104876056,3,8,NC1=NC(=O)N(C=C1)C1CSC(CO)O1.O=C1C=CNc2ccccc12
COXGUS,-0.08529999999999999,348.05936534399996,3,6,OC(=O)c1cccc(c1C(=O)[O-])N(=O)=O.[NH3+]c1ccc(cc1)C(O)=O
COXGUS01,-0.08530000000000043,348.05936534399996,3,6,[NH3+]c1ccc(cc1)C(O)=O.OC(=O)c1cccc(c1C(=O)[O-])N(=O)=O
COXHAZ,2.2234800000000003,284.079706864,3,4,Nc1ccc(cc1)C(O)=O.OC(=O)c1ccc(cc1)C#N
COXYUK,2.2386,355.18959166,2,3,C[N+](C)(C)CCO.O=C1NC(C(=O)[N-]1)(c1ccccc1)c1ccccc1
COYRUD11,3.036500000000001,230.094294308,1,2,COc1ccc2cc(ccc2c1)C(C)C(O)=O
COYRUD12,3.036500000000001,230.094294308,1,2,COc1ccc2cc(ccc2c1)C(C)C(O)=O
COYRUD13,3.036500000000001,230.094294308,1,2,COc1ccc2cc(ccc2c1)C(C)C(O)=O
COYRUD14,3.036500000000001,230.094294308,1,2,COc1ccc2cc(ccc2c1)C(C)C(O)=O
COZXIZ,3.646600000000002,306.136827816,1,3,OC(=O)c1ccccc1.C(Cc1ccncc1)c1ccncc1
COZXIZ01,3.646600000000002,306.136827816,1,3,OC(=O)c1ccccc1.C(Cc1ccncc1)c1ccncc1
COZXIZ02,3.646600000000002,306.136827816,1,3,OC(=O)c1ccccc1.C(Cc1ccncc1)c1ccncc1
COZXIZ03,3.646600000000002,306.136827816,1,3,OC(=O)c1ccccc1.C(Cc1ccncc1)c1ccncc1
COZXIZ04,3.646600000000002,306.136827816,1,3,OC(=O)c1ccccc1.C(Cc1ccncc1)c1ccncc1
COZXIZ05,3.646600000000002,306.136827816,1,3,OC(=O)c1ccccc1.C(Cc1ccncc1)c1ccncc1
COZXIZ06,3.646600000000002,306.136827816,1,3,OC(=O)c1ccccc1.C(Cc1ccncc1)c1ccncc1
COZXOF,4.031800000000002,304.121177752,1,3,c1cc(ccn1)C=Cc1ccncc1.OC(=O)c1ccccc1
COZXOF01,4.031800000000002,304.121177752,1,3,OC(=O)c1ccccc1.c1cc(ccn1)C=Cc1ccncc1
COZXOF02,4.031800000000002,304.121177752,1,3,OC(=O)c1ccccc1.c1cc(ccn1)C=Cc1ccncc1
COZXOF03,4.031800000000002,304.121177752,1,3,OC(=O)c1ccccc1.c1cc(ccn1)C=Cc1ccncc1
COZXOF04,4.031800000000002,304.121177752,1,3,OC(=O)c1ccccc1.c1cc(ccn1)C=Cc1ccncc1
COZXOF05,4.031800000000002,304.121177752,1,3,OC(=O)c1ccccc1.c1cc(ccn1)C=Cc1ccncc1
COZXOF06,4.031800000000002,304.121177752,1,3,OC(=O)c1ccccc1.c1cc(ccn1)C=Cc1ccncc1
COZZIB,3.7448000000000015,292.121177752,2,4,c1cc(ccn1)C=Cc1ccncc1.Oc1ccc(O)cc1
COZZOH,2.8080800000000012,246.136827816,2,4,Oc1ccc(O)cc1.Cc1nc(C)c(C)nc1C
COZZOH01,2.8080800000000012,246.136827816,2,4,Oc1ccc(O)cc1.Cc1nc(C)c(C)nc1C
CPROMZ,4.894400000000004,318.09574728800004,0,3,CN(C)CCCN1c2ccccc2Sc2ccc(Cl)cc12
CPRPCY,2.0427800000000014,466.29439107599995,1,4,NC(=O)C1(CCN(CC1)CCC(C#N)(c1ccccc1)c1ccccc1)N1CCCCC1.O.O
CPTAZP,-2.0513999999999957,407.127965716,1,5,Clc1cccc(c1)N1CC[NH+](CCCN2N=C3C=CC=CN3C2=O)CC1.[Cl-]
CPTZAP,3.271700000000001,294.067224032,0,4,Clc1ccc2N3C=NN=C3CN=C(c3ccccc3)c2c1
CRBMZA01,3.9825000000000035,294.13682781599994,1,2,NC(=O)N1c2ccccc2C=Cc2ccccc12.CC(C)=O
CREATH,-5.082799999999999,149.080041212,2,2,CN(CC(=O)[O-])C(N)=[NH2+].O
CREATH01,-5.082799999999999,149.080041212,2,2,CN(CC(=O)[O-])C(N)=[NH2+].O
CREATH03,-5.082799999999999,149.080041212,2,2,CN(CC(=O)[O-])C(N)=[NH2+].O
CREATH04,-5.082799999999999,149.080041212,2,2,CN(CC(=O)[O-])C(N)=[NH2+].O
CREATH05,-5.082799999999999,149.080041212,2,2,CN(CC(=O)[O-])C(N)=[NH2+].O
CREATH06,-5.082799999999999,149.080041212,2,2,CN(CC(=O)[O-])C(N)=[NH2+].O
CREATH07,-5.082799999999999,149.080041212,2,2,CN(CC(=O)[O-])C(N)=[NH2+].O
CSATEO,0.7040999999999997,352.05744719600006,3,7,OC(=O)c1cc(Cl)ccc1O.CN1C(=O)N(C)C2=C(NC=N2)C1=O
CSSALB,-1.4498000000000002,242.93949722409002,1,3,[Sr+2].Oc1ccccc1C(=O)[O-].O
CUBHUE,-1.0273000000000003,190.05897142,4,3,NC(=O)NC(CCC(O)=O)C(O)=O
CUBHUE02,-1.0273000000000003,190.05897142,4,3,NC(=O)NC(CCC(O)=O)C(O)=O
CUDCAI,4.397300000000003,476.194736616,4,7,COc1cc(O)c(CC=C(C)C)c(O)c1C(=O)C=Cc1ccc(O)cc1.NC(=O)c1cccnc1
CUFFAK,3.2743000000000033,364.094688232,3,6,Oc1ccc2c(Oc3cc(O)ccc3C32OC(=O)c2ccccc32)c1.CO
CUFFUG,-5.048400000000003,292.211055376,4,6,[NH3+]C(CCCCN)C(=O)[O-].[NH3+]C(CCCCN)C(=O)[O-]
CUFSEE,-3.9071000000000007,290.08356341999996,4,9,NC1=NC(=NO1)C1=NON=C1[N-]N(=O)=O.NC(N)=[NH2+].O
CUFYEL,4.173340000000004,474.19031993199985,4,7,Cc1ccc(cc1C)N1N=C(C)C(=NNc2cccc(c2O)c2cccc(c2)C(O)=O)C1=O.CO
CUGCUG,4.7923000000000044,452.14845512,3,7,OC(=O)c1ccc(cc1)N1N=C(N=C1c1ccccc1O)c1ccccc1O.c1ccncc1
CUGPIF,-1.3174999999999966,327.20457302799997,4,5,CC(C)Cc1ccc(cc1)C(C)C(=O)[O-].[NH3+]C(CO)(CO)CO
CUHDAK,-3.728099999999997,259.003708668,3,3,O[As](O)(O)=O.C[N+](C)(C)CC(=O)[O-]
CUHDAK01,-3.7280999999999977,262.022538906,3,6,[2H]O[As](O[2H])(O[2H])=O.C[N+](C)(C)CC(=O)[O-]
CUHDAK02,-2.413499999999998,255.980233572,0,3,[O][As]([O])([O])=O.C[N+](C)(C)CC(=O)[O-]
CUHDIW,-1.07448,383.04570650399995,2,8,[NH3+]c1ccc(cc1)S(=O)(=O)NC1=NOC(=C1)C.COS(=O)(=O)[O-].O
CUHNEY10,1.568,388.10506608400004,0,7,CN1CCN(CC1)C(=O)OC1N(C(=O)c2nccnc12)c1ccc(Cl)cn1
CUHNEY20,1.568,388.10506608400004,0,7,CN1CCN(CC1)C(=O)OC1N(C(=O)c2nccnc12)c1ccc(Cl)cn1
CUHNEY22,1.568,388.10506608400004,0,7,CN1CCN(CC1)C(=O)OC1N(C(=O)c2nccnc12)c1ccc(Cl)cn1
CUHNEY23,1.568,388.10506608400004,0,7,CN1CCN(CC1)C(=O)OC1N(C(=O)c2nccnc12)c1ccc(Cl)cn1
CUHNEZ,1.568,388.10506608400004,0,7,CN1CCN(CC1)C(=O)OC1N(C(=O)c2nccnc12)c1ccc(Cl)cn1
CUJLIG,0.06860000000000005,253.052112212,1,5,O=S(=O)([O-])c1cccnc1.Nc1cc[nH+]cc1
CUJMIE,2.132599999999999,444.2008846159999,4,6,O=C(NCCCCCCNC(=O)c1ccncc1)c1ccncc1.OC(=O)CCC(O)=O
CUKHAS,0.6367,314.09027154800003,3,5,OC(=O)C1=C(Oc2ccccc12)C(=O)[O-].[NH3+]c1ccc(N)cc1
CUKKUR,0.08780000000000077,338.159019804,2,8,COc1cc(cc(OC)c1O)C(O)=O.C1N2CN3CN1CN(C2)C3
CUKLAY,3.183500000000002,394.16166057200013,1,6,Oc1ccc(Oc2ccc(cc2)C(F)(F)F)cc1.C1N2CN3CN1CN(C2)C3
CUKVAG,-2.082099999999998,240.111006992,3,5,Nc1ccc(c(O)c1)C(=O)[O-].[NH2+]1CCOCC1
CUKVEK,0.7058,241.09502258,3,5,Nc1ccc(C(O)=O)c(O)c1.C1COCCO1
CUKVIO,-3.5352999999999977,240.13426785609,4,4,Nc1ccc(c(O)c1)C(=O)[O-].[NH2+]1CC[NH2+]CC1
CUKVOU,-2.5090999999999974,239.126991404,4,5,Nc1ccc(c(O)c1)C(=O)[O-].[NH2+]1CCNCC1
CUNVUD,-4.206299999999997,345.06307081999995,4,8,[NH2+]=C1NC(=O)N(C=C1)C1CSC(CO)O1.OC(=O)C=CC(=O)[O-]
CUNVUD01,-4.206299999999997,345.06307081999995,4,8,[NH2+]=C1NC(=O)N(C=C1)C1CSC(CO)O1.OC(=O)C=CC(=O)[O-]
CUQKAC,-0.20689999999999964,268.14230712,2,4,CC(=O)Nc1ccc(O)cc1.C[N+](C)(C)CC(=O)[O-]
CURJEE,-5.340999999999994,241.16773217208998,4,2,CCC([NH2+]CC[NH2+]C(CC)CO)CO.[Cl-]
CURJEE03,-5.340999999999994,241.16773217208998,4,2,CCC([NH2+]CC[NH2+]C(CC)CO)CO.[Cl-]
CURNOV,2.8752600000000013,430.13109080399994,4,7,Cc1cc(C)nc(NS(=O)(=O)c2ccc(N)cc2)n1.Cc1cccc(C(O)=O)c1O
CUVDUT,-0.7120999999999993,229.069870452,4,5,OC(=O)CCC(O)=O.NC1=NC(=O)NC=C1
CUVDUT01,-0.7121000000000004,229.069870452,4,5,NC1=NC(=O)NC=C1.OC(=O)CCC(O)=O
CUVMUB,0.9256999999999997,325.07152386199994,2,5,O=P([O-])(Oc1ccccc1)Oc1ccccc1.[NH3+]CC(O)=O
CUWFIM,1.1100999999999999,349.09099982,3,7,O=C(NCCON(=O)=O)c1cccnc1.OC(=O)c1ccccc1O
CUWFOS,2.2633000000000005,399.106649884,3,7,O=C(NCCON(=O)=O)c1cccnc1.OC(=O)c1ccc2ccccc2c1O
CUWFUY,1.1100999999999999,349.09099982,3,7,O=C(NCCON(=O)=O)c1cccnc1.OC(=O)c1cccc(O)c1
CUWGAF,0.8156999999999999,365.08591444,4,8,OC(=O)c1cc(O)ccc1O.O=C(NCCON(=O)=O)c1cccnc1
CUXPET,0.8665000000000003,432.12004745199994,3,6,CCc1[nH+]c(N)nc(N)c1c1ccc(Cl)cc1.OC(=O)c1cccc(c1)C(=O)[O-].O
CUXYID,0.14520000000000044,409.976000552,2,1,C[NH+](Cc1cc(Br)cc(Br)c1N)C1CCCCC1.[Cl-]
CUXYID01,0.14520000000000044,409.976000552,2,1,C[NH+](Cc1cc(Br)cc(Br)c1N)C1CCCCC1.[Cl-]
CUXYID02,0.14520000000000044,409.976000552,2,1,C[NH+](Cc1cc(Br)cc(Br)c1N)C1CCCCC1.[Cl-]
CUXYID03,0.14520000000000044,409.976000552,2,1,C[NH+](Cc1cc(Br)cc(Br)c1N)C1CCCCC1.[Cl-]
CUXYID04,0.14520000000000222,409.976000552,2,1,[Cl-].C[NH+](Cc1cc(Br)cc(Br)c1N)C1CCCCC1
CUXYID05,0.14520000000000044,409.976000552,2,1,C[NH+](Cc1cc(Br)cc(Br)c1N)C1CCCCC1.[Cl-]
CUXZOM,-0.3274999999999999,355.12312914800003,4,5,[NH3+]C(C)(CO)CO.Oc1ccc(cc1C(=O)[O-])c1ccc(F)cc1F
CUXZUS,1.8775,387.128214528,3,4,Oc1ccc(cc1C(=O)[O-])c1ccc(F)cc1F.[NH3+]CCc1ccc(O)cc1
CUYBOP,2.1719,371.133299908,2,3,Oc1ccc(cc1C(=O)[O-])c1ccc(F)cc1F.[NH3+]CCc1ccccc1
CUYCAB,4.324220000000003,325.07820331600004,0,3,CC1=NC=C2CN=C(c3ccccc3F)c3cc(Cl)ccc3N12
CUYCEF,1.544,361.14378433999997,1,6,CC1COc2c(N3CCN(C)CC3)c(F)cc3C(=O)C(=CN1c23)C(O)=O
CUYCEF01,1.544,361.14378433999997,1,6,CC1COc2c(N3CCN(C)CC3)c(F)cc3C(=O)C(=CN1c23)C(O)=O
CUYCEF02,1.544,361.14378433999997,1,6,CC1COc2c(N3CCN(C)CC3)c(F)cc3C(=O)C(=CN1c23)C(O)=O
CUYKIT,-0.7562000000000002,198.0640568,3,4,NC(=O)c1ccccn1.OCC(O)=O
CUYKOZ,-0.5756999999999999,320.1120696119999,4,6,NC(=O)c1cccnc1.NC(=O)c1cccnc1.OCC(O)=O
CUYKUF,-0.7562000000000002,198.0640568,3,4,NC(=O)c1ccncc1.OCC(O)=O
CUYMOB,-2.831899999999999,169.058637072,4,5,OCC(O)=O.OCC(=O)[O-].[NH4+]
CUYQAS,0.8739000000000001,404.12513283199996,3,6,CCc1[nH+]c(N)nc(N)c1c1ccc(Cl)cc1.Oc1ccc(cc1)C(=O)[O-].O
CUYQAS01,0.8739000000000001,404.12513283199996,3,6,CCc1[nH+]c(N)nc(N)c1c1ccc(Cl)cc1.Oc1ccc(cc1)C(=O)[O-].O
CUYQAS02,0.8739000000000001,404.12513283199996,3,6,CCc1[nH+]c(N)nc(N)c1c1ccc(Cl)cc1.Oc1ccc(cc1)C(=O)[O-].O
CUYXEA,-4.220899999999997,434.132530284,4,6,OC(=O)c1cc(ccc1C(=O)[O-])c1ccc(C(=O)[O-])c(c1)C(O)=O.[NH2+]1CC[NH2+]CC1.O
CUYXIH,1.6986,386.114568148,3,6,CCc1[nH+]c(N)nc(N)c1c1ccc(Cl)cc1.Oc1ccc(cc1)C(=O)[O-]
CXMCYT,-2.835399999999999,179.025228768,2,4,[NH3+]C(CSCC(O)=O)C(=O)[O-]
CYCLIZ10,-1.3896999999999944,302.154976416,1,1,[Cl-].C[NH+]1CCN(CC1)C(c1ccccc1)c1ccccc1
CYGUAN,-3.3898999999999972,287.07045084000003,3,4,CC1(C)[NH+]=C(N)N=C(N)N1c1ccc(Cl)cc1.[Cl-]
CYGUAN01,-3.3898999999999972,287.07045084000003,3,4,CC1(C)[NH+]=C(N)N=C(N)N1c1ccc(Cl)cc1.[Cl-]
CYGUAN02,-3.3898999999999972,287.07045084000003,3,4,CC1(C)[NH+]=C(N)N=C(N)N1c1ccc(Cl)cc1.[Cl-]
CYPHEP,-1.3645999999999945,359.16520675199996,1,0,[Cl-].O.O.C[NH+]1CCC(CC1)=C1c2ccccc2C=Cc2ccccc12
CYPHEP01,-1.3645999999999945,359.16520675199996,1,0,[Cl-].O.O.C[NH+]1CCC(CC1)=C1c2ccccc2C=Cc2ccccc12
CYPROT10,4.607600000000004,416.175437088,0,4,CC(=O)OC1(CCC2C3C=C(Cl)C4=CC(=O)C5CC5C4(C)C3CCC12C)C(C)=O
CYSCLM10,-5.209399999999997,175.00699186,3,2,[Cl-].[NH3+]C(CS)C(O)=O.O
CYSCLM11,-5.209399999999997,175.00699186,3,2,[Cl-].[NH3+]C(CS)C(O)=O.O
CYSTBR01,-5.237999999999997,320.9572874480899,4,4,[Br-].[NH3+]C(CSSCC([NH3+])C(O)=O)C(O)=O
CYSTBR02,-5.237999999999998,320.95728744809,4,4,[NH3+]C(CSSCC([NH3+])C(O)=O)C(O)=O.[Br-]
CYSTCL,-5.237999999999998,277.00780302809,4,4,[NH3+]C(CSSCC([NH3+])C(O)=O)C(O)=O.[Cl-]
CYSTCL01,-5.237999999999997,277.00780302809,4,4,[Cl-].[NH3+]C(CSSCC([NH3+])C(O)=O)C(O)=O
CYSTCL02,-5.237999999999997,277.00780302809,4,4,[Cl-].[NH3+]C(CSSCC([NH3+])C(O)=O)C(O)=O
CYSTCL03,-5.237999999999998,277.00780302809,4,4,[NH3+]C(CSSCC([NH3+])C(O)=O)C(O)=O.[Cl-]
CYSTCL04,-5.237999999999998,277.00780302809,4,4,[NH3+]C(CSSCC([NH3+])C(O)=O)C(O)=O.[Cl-]
CYSTIN10,-9.883400000000004,435.8973024959999,4,4,[Br-].[Br-].[NH3+]C(CSSCC([NH3+])C(O)=O)C(O)=O.O.O
CYTFUR,-1.4456000000000002,241.061117336,4,5,FC1=CNC(=O)NC1=O.NC1=NC(=O)NC=C1
CYTFUR01,-3.0949999999999998,277.082246704,4,5,FC1=CNC(=O)NC1=O.NC1=NC(=O)NC=C1.O.O
DABJAR,4.496500000000005,370.25079494799996,1,3,CCC(=O)C1(C)C(C)CC2C3CCC4=CC(=O)C=CC4(C)C3C(O)CC12C
DACBIW,0.11089999999999994,359.035810516,4,8,Nc1ccc(cc1)C(O)=O.CC(=O)NC1=NN=C(S1)S(N)(=O)=O
DACBIW01,0.11089999999999928,359.03581051599997,4,8,CC(=O)NC1=NN=C(S1)S(N)(=O)=O.Nc1ccc(cc1)C(O)=O
DACGET,-2.8536999999999937,387.146202624,2,4,[Cl-].C[NH+]1CCN(CC1)CC(=O)N1c2ccccc2C(=O)Nc2cccnc12
DACMOR,1.9886,369.157622836,0,6,CN1CCC23C4Oc5c(OC(C)=O)ccc(CC1C2C=CC4OC(C)=O)c35
DADCAP,1.3247000000000002,422.028370832,3,7,OC(C(COC(=O)CCC(O)=O)NC(=O)C(Cl)Cl)c1ccc(cc1)N(=O)=O
DADMED,-0.17079999999999895,419.01248822800005,4,7,NS(=O)(=O)c1cc2c(NCNS2(=O)=O)cc1Cl.NC(=O)c1ccccn1
DADMED01,-0.17079999999999895,419.01248822800005,4,7,NS(=O)(=O)c1cc2c(NCNS2(=O)=O)cc1Cl.NC(=O)c1ccccn1
DADMIH,-1.487099999999998,419.99650381600003,3,7,NS(=O)(=O)c1cc2c(NCNS2(=O)=O)cc1Cl.O=C([O-])c1[nH+]cccc1
DADNAA,0.42849999999999966,419.99650381600003,4,7,NS(=O)(=O)c1cc2c(NCNS2(=O)=O)cc1Cl.OC(=O)c1ccncc1
DAFLUV,2.1697999999999995,412.2110553760001,2,8,CC(=O)c1ccc(O)cc1.CC(=O)c1ccc(O)cc1.C1N2CN3CN1CN(C2)C3
DAFYOD,-0.2772000000000003,257.975237564,1,5,CN1C(=O)N(C)C2=C(NC(=N2)Br)C1=O
DAFYOD01,-0.2772000000000003,257.975237564,1,5,CN1C(=O)N(C)C2=C(NC(=N2)Br)C1=O
DAGCIB,1.6721599999999994,323.163376912,0,4,O=C([O-])c1ccccc1.C[n+]1ccn(n1)c1c(C)cc(C)cc1C
DAGCOH,4.545860000000004,469.1323824000001,0,4,ClCCl.O=C([O-])c1ccccc1.Cc1cc(C)c([n+]2ccn(n2)c2ccccc2)c(C)c1
DAGDAU,3.3391600000000023,399.19467704000004,0,4,O=C([O-])c1ccccc1.C[n+]1cc(c2ccccc2)n(n1)c1c(C)cc(C)cc1C
DAHREJ,3.3712000000000018,300.066555336,0,2,CN1C(=O)CC(=O)N(c2ccccc2)c2cc(Cl)ccc12
DAJLEF,4.477900000000005,392.29265975999994,3,3,CC(CCC(O)=O)C1CCC2C3CCC4CC(O)CCC4(C)C3CC(O)C12C
DAKFUQ,4.214690000000001,239.973727876,0,4,COc1ccc(cc1)C1=CC(=S)SS1
DAKFUQ01,4.214690000000001,239.973727876,0,4,COc1ccc(cc1)C1=CC(=S)SS1
DAKFUQ02,4.214690000000001,239.973727876,0,4,COc1ccc(cc1)C1=CC(=S)SS1
DAMGEF,-1.6364999999999994,181.029441556,1,1,[Cl-].Oc1cccc2ccc[nH+]c12
DANSIU,4.477900000000005,392.29265975999994,3,3,CC(CCC(O)=O)C1CCC2C3CCC4CC(O)CCC4(C)C3CC(O)C12C
DANSOA,4.477900000000005,392.29265975999994,3,3,CC(CCC(O)=O)C1CCC2C3CCC4CC(O)CCC4(C)C3CC(O)C12C
DANSOA01,4.477900000000005,392.29265975999994,3,3,CC(CCC(O)=O)C1CCC2C3CCC4CC(O)CCC4(C)C3CC(O)C12C
DANSUG,4.477900000000005,392.29265975999994,3,3,CC(CCC(O)=O)C1CCC2C3CCC4CC(O)CCC4(C)C3CC(O)C12C
DAPSUO03,1.6838000000000002,248.061948624,2,4,Nc1ccc(cc1)S(=O)(=O)c1ccc(N)cc1
DAPSUO04,1.6838000000000002,248.061948624,2,4,Nc1ccc(cc1)S(=O)(=O)c1ccc(N)cc1
DAPSUO05,1.6838000000000002,248.061948624,2,4,Nc1ccc(cc1)S(=O)(=O)c1ccc(N)cc1
DAPSUO10,1.6838000000000002,248.061948624,2,4,Nc1ccc(cc1)S(=O)(=O)c1ccc(N)cc1
DAPSUO11,1.6838000000000002,248.061948624,2,4,Nc1ccc(cc1)S(=O)(=O)c1ccc(N)cc1
DAPSUO12,1.6838000000000002,248.061948624,2,4,Nc1ccc(cc1)S(=O)(=O)c1ccc(N)cc1
DAPSUO13,1.6838000000000002,248.061948624,2,4,Nc1ccc(cc1)S(=O)(=O)c1ccc(N)cc1
DAPSUO14,1.6838000000000002,248.061948624,2,4,Nc1ccc(cc1)S(=O)(=O)c1ccc(N)cc1
DAPSUO15,1.6838000000000002,248.061948624,2,4,Nc1ccc(cc1)S(=O)(=O)c1ccc(N)cc1
DAPSUO16,1.6838000000000002,248.061948624,2,4,Nc1ccc(cc1)S(=O)(=O)c1ccc(N)cc1
DAPSUO19,1.6838000000000002,248.061948624,2,4,Nc1ccc(cc1)S(=O)(=O)c1ccc(N)cc1
DAQYOK,2.26,304.06953610399995,3,5,OC(=O)c1ccc(cc1)N(=O)=O.Nc1ccc(cc1)C(O)=O
DAQYUQ,3.1106000000000007,293.11642672000005,2,4,Nc1ccc(cc1)C(O)=O.c1ccc(nc1)c1ccccn1
DAQZAX,3.3160000000000016,446.159019804,4,6,Nc1ccc(cc1)C(O)=O.Nc1ccc(cc1)C(O)=O.[O-][n+]1ccccc1c1ccccn1
DAQZUT,4.270100000000002,442.059945732,2,5,OC(=O)C1=NN(Cc2ccc(Cl)cc2Cl)c2ccccc12.NC(=O)c1cccnc1
DARAPR01,-1.0530999999999988,328.00903622799996,2,3,[Br-].CCc1[nH+]c(N)nc(N)c1c1ccc(Cl)cc1
DARFUA,1.8442200000000002,358.121194816,2,6,Cc1ccnc(n1)[N-]S(=O)(=O)c1ccc(N)cc1.Nc1cc[nH+]cc1
DARGAH,-0.8034599999999974,365.1754214600901,3,5,Cc1cc(C)nc(n1)[N-]S(=O)(=O)c1ccc(N)cc1.[NH2+]1CC[NH2+]CC1
DARGAH01,0.6556400000000008,364.16814500800007,4,7,Cc1cc(C)nc(NS(=O)(=O)c2ccc(N)cc2)n1.C1CNCCN1
DARNUI,-0.9138799999999976,340.14378698409,3,5,CC1=CC(=NO1)[N-]S(=O)(=O)c1ccc(N)cc1.[NH2+]1CC[NH2+]CC1
DARNUI01,-0.9138799999999976,340.14378698409,3,5,CC1=CC(=NO1)[N-]S(=O)(=O)c1ccc(N)cc1.[NH2+]1CC[NH2+]CC1
DASQIB,2.557600000000001,489.1423666959999,2,8,COc1ccc2cc3[n+](CCc4cc5OCOc5cc34)cc2c1OC.Oc1cccc(O)c1C(=O)[O-]
DATCOR,-0.15620000000000006,157.048741084,1,4,Nc1cc[nH+]cc1.O=N(=O)[O-]
DATCOR01,-0.15620000000000028,157.048741084,1,4,O=N(=O)[O-].Nc1cc[nH+]cc1
DATCOR02,-0.15620000000000006,157.048741084,1,4,Nc1cc[nH+]cc1.O=N(=O)[O-]
DATCOR03,-0.15620000000000006,157.048741084,1,4,Nc1cc[nH+]cc1.O=N(=O)[O-]
DATFIO,-2.0860999999999983,149.080041212,2,4,O=N(=O)[O-].[NH2+]1CCNCC1
DATPAR,4.937140000000004,462.11131260799993,1,5,ClCCl.COC(C(Oc1nc(C)cc(C)n1)C(O)=O)(c1ccccc1)c1ccccc1
DAVPAS,-0.10990000000000028,296.10083623199995,4,5,NC(=O)CN1CCCC1=O.OC(=O)c1cc(O)ccc1O
DAVPEW,0.18449999999999944,280.105921612,3,4,NC(=O)CN1CCCC1=O.OC(=O)c1ccc(O)cc1
DAWRAU01,1.3875,276.056863244,2,4,Nc1ccc(cc1)S(=O)(=O)NC(=O)c1ccccc1
DAXMAU,3.8877200000000025,474.0652350079999,2,6,Cc1ccc(cn1)c1ncc(Cl)cc1c1ccc(cc1)S(C)(=O)=O.OC(=O)C=CC(O)=O
DAXMUO,3.0825200000000015,492.07579969199986,3,7,Cc1ccc(cn1)c1ncc(Cl)cc1c1ccc(cc1)S(C)(=O)=O.OC(CC(O)=O)C(O)=O
DAXNAV,3.331520000000001,448.0495849439999,2,6,Cc1ccc(cn1)c1ncc(Cl)cc1c1ccc(cc1)S(C)(=O)=O.OC(=O)C(O)=O
DAYQAV,-4.489699999999998,216.956758476,4,3,O[As](O)(=O)[O-].[NH3+]CC(O)=O
DAYREA,-4.602499999999998,150.0640568,2,3,O.[NH3+]C(CC(N)=O)C(=O)[O-]
DAYREA01,-4.602499999999998,150.0640568,2,3,O.[NH3+]C(CC(N)=O)C(=O)[O-]
DAYREA02,-4.602499999999999,150.0640568,2,3,[NH3+]C(CC(N)=O)C(=O)[O-].O
DAYREA03,-9.205000000000004,300.1281136,4,6,[NH3+]C(CC(N)=O)C(=O)[O-].[NH3+]C(CC(N)=O)C(=O)[O-].O.O
DAYREA04,-9.205000000000004,300.1281136,4,6,[NH3+]C(CC(N)=O)C(=O)[O-].[NH3+]C(CC(N)=O)C(=O)[O-].O.O
DAYREA05,-9.205000000000004,300.1281136,4,6,[NH3+]C(CC(N)=O)C(=O)[O-].[NH3+]C(CC(N)=O)C(=O)[O-].O.O
DAYREA07,-4.602499999999999,150.0640568,2,3,[NH3+]C(CC(N)=O)C(=O)[O-].O
DAYREA08,-9.205000000000004,300.1281136,4,6,[NH3+]C(CC(N)=O)C(=O)[O-].[NH3+]C(CC(N)=O)C(=O)[O-].O.O
DAYREA09,-9.205000000000004,300.1281136,4,6,[NH3+]C(CC(N)=O)C(=O)[O-].[NH3+]C(CC(N)=O)C(=O)[O-].O.O
DAYREA10,-9.205000000000004,300.1281136,4,6,[NH3+]C(CC(N)=O)C(=O)[O-].[NH3+]C(CC(N)=O)C(=O)[O-].O.O
DBEZPO,2.615400000000001,242.0579088,0,4,O=C(OOC(=O)c1ccccc1)c1ccccc1
DBEZPO01,2.615400000000001,242.0579088,0,4,O=C(OOC(=O)c1ccccc1)c1ccccc1
DBEZPO02,2.615400000000001,242.0579088,0,4,O=C(OOC(=O)c1ccccc1)c1ccccc1
DBEZPO03,2.615400000000001,242.0579088,0,4,O=C(OOC(=O)c1ccccc1)c1ccccc1
DCAETO10,4.814000000000005,441.35799966800005,4,4,CCO.CC(CCC(O)=O)C1CCC2C3CCC4CC(O)CCC4(C)C3CC(O)C12C.[H].[H].[H]
DCPHEN,4.477900000000005,392.29265975999994,3,3,CC(CCC(O)=O)C1CCC2C3CCC4CC(O)CCC4(C)C3CC(O)C12C
DEBMOM,-4.604,175.059305768,4,3,OC(=O)C=CC(=O)[O-].NC(N)=[NH2+]
DEBMOM01,-4.604,175.059305768,4,3,OC(=O)C=CC(=O)[O-].NC(N)=[NH2+]
DEDMAD,-0.6599000000000004,251.138224784,3,5,Nc1cccc(N)n1.NC(=O)CN1CCCC1=O
DEDMEH,-0.7937000000000001,289.12872272,3,8,Nc1cccc(N)n1.CN1C(=O)N(C)C2=C(NC=N2)C1=O
DEFZEU,1.3211999999999997,295.135447912,2,3,CNS(=O)(=O)Cc1ccc2NC=C(CCN(C)C)c2c1
DEGNOV,3.0428000000000015,432.16045571999996,1,3,Clc1ccc2c(CCc3cccnc3C2=C2CC[NH2+]CC2)c1.O=C([O-])c1ccccc1
DEHBUP,2.8980000000000015,344.140388972,1,4,CN1CCN(CC1)C1=Nc2cc(Cl)ccc2Nc2ccccc12.O
DEJWEX,-1.5588999999999977,163.120843404,1,3,C[N+](C)(C)CCO.CC(=O)[O-]
DEJWEX01,-1.5588999999999977,163.120843404,1,3,C[N+](C)(C)CCO.CC(=O)[O-]
DEJWEX02,-1.5588999999999977,163.120843404,1,3,C[N+](C)(C)CCO.CC(=O)[O-]
DEKDAY,-2.693399999999997,247.102901896,1,7,O=N(=O)[N-]N(=O)=O.C1[NH+]2CN3CN1CN(C2)C3
DEKDAY01,-2.693399999999997,247.102901896,1,7,O=N(=O)[N-]N(=O)=O.C1[NH+]2CN3CN1CN(C2)C3
DEKDEC,-2.7862999999999998,168.07273022009,2,4,O=N(=O)[N-]N(=O)=O.[NH3+]CC[NH3+]
DELJUD,-3.776299999999998,245.11240396,4,3,OC(=O)C=CC(=O)[O-].C[N+](C)=C(N)N=C(N)N
DELKAK,-4.852499999999998,233.11240396,4,3,OC(=O)CC(=O)[O-].CN(C)C(N)=NC(N)=[NH2+]
DELKAK01,-4.852499999999998,233.11240396,4,3,OC(=O)CC(=O)[O-].CN(C)C(N)=NC(N)=[NH2+]
DELKEO,-1.2505999999999977,312.10045937200005,3,3,O=C1[N-]S(=O)(=O)c2ccccc12.C[N+](C)=C(N)N=C(N)N
DEMDIJ,3.2653000000000016,327.006513192,0,4,CN(C(=O)C(Cl)Cl)c1ccc(OC(=O)C2=CC=CO2)cc1
DEMJEL,-2.823199999999995,330.17506379199995,4,8,CCC([NH2+]CC[NH2+]C(CC)CO)CO.O=N(=O)[O-].O=N(=O)[O-]
DENFOV,-1.530199999999998,470.12764106,2,4,FC(F)(F)C(c1ccc(cc1)C(=O)[O-])(c1ccc(cc1)C(=O)[O-])C(F)(F)F.O.[NH3+]CC[NH3+]
DENSOL,4.604600000000003,266.130679816,2,2,CC=C(c1ccc(O)cc1)C(=CC)c1ccc(O)cc1
DENSOL01,4.604600000000003,266.130679816,2,2,CC=C(c1ccc(O)cc1)C(=CC)c1ccc(O)cc1
DENWUP,-3.096199999999998,235.095691276,2,5,O=C([O-])c1ccccc1.CN1CC(=O)[NH+]=C1N
DENWUP01,-2.7867999999999977,235.095691276,2,3,CN1CC(=O)NC1=[NH2+].O=C([O-])c1ccccc1
DENXAW,-3.3905999999999974,251.090605896,3,6,Oc1ccccc1C(=O)[O-].CN1CC(=O)[NH+]=C1N
DEQFUD,-1.9323999999999988,419.996503816,3,8,NS(=O)(=O)c1cc2c(NC[NH2+]S2(=O)=O)cc1Cl.O=C([O-])c1cccnc1
DEQGAK,-1.9323999999999988,419.996503816,3,8,NS(=O)(=O)c1cc2c(NC[NH2+]S2(=O)=O)cc1Cl.O=C([O-])c1ccccn1
DEQYIH,1.9746,317.199093724,1,3,COc1ccc2cc(ccc2c1)C(C)C(=O)[O-].[NH3+]C(C)C(C)C
DERGOX,0.6676600000000037,486.17380132391,3,6,Cc1c(C)c(c(C)c(c1C)S(=O)(=O)[O-])S(=O)(=O)[O-].NC(N)=[NH2+].Cc1cc(C)c(C)c(C)c1
DESJAN,0.35924000000000156,472.15815125990986,3,6,NC(N)=[NH2+].Cc1cccc(C)c1C.Cc1c(C)c(c(C)c(c1C)S(=O)(=O)[O-])S(=O)(=O)[O-]
DESNAR,0.8872000000000011,460.17632327800004,3,4,OP(O)(=O)[O-].O=C(OC1C[NH+]2CCC1CC2)N1CCc2ccccc2C1c1ccccc1
DESNOI,0.2857999999999996,308.17360724799994,3,4,Nc1ccc(cc1)C(O)=O.[NH3+]CC1(CCCCC1)CC(=O)[O-]
DESTDM01,4.823300000000004,346.16026569199994,2,3,CCC(c1ccc(O)cc1)=C(CC)c1ccc(O)cc1.CS(C)=O
DESTDM10,4.823300000000004,346.16026569199994,2,3,CCC(c1ccc(O)cc1)=C(CC)c1ccc(O)cc1.CS(C)=O
DETGUH,3.515640000000002,378.157957184,1,5,COC(C(Oc1nc(C)cc(C)n1)C(O)=O)(c1ccccc1)c1ccccc1
DETHIU,-4.132399999999993,401.1929394679099,3,7,CC(C)[NH2+]CC(O)COc1ccc(CC(N)=O)cc1.O=C([O-])CCC(=O)[O-].O
DEVNIC,-7.190899999999997,312.04727643599995,0,9,CN1C=[NH+]C2=C1C(=O)N(C)C(=O)N2C.O=[Cl](=O)(=O)[O-].O
DEVNIC01,-7.190899999999999,312.04727643599995,1,8,O=[Cl](=O)(=O)[O-].CN1C(=O)N(C)C2=C([N+](=CN2)C)C1=O.O
DEVXOS,0.5485999999999999,414.023221304,2,3,[Cs+].[O-]c1ccccc1.Oc1ccccc1.Oc1ccccc1
DEVXUA,1.9540000000000004,368.1848406280001,3,7,Oc1ccc(cc1)C=Cc1cc(O)cc(O)c1.C1N2CN3CN1CN(C2)C3
DEWHOC,0.8432999999999997,262.05897142000003,1,6,CCN1N=C(C(O)=O)C(=O)c2cc3OCOc3cc12
DEXMET12,1.8957000000000002,392.19990224799994,3,5,CC1CC2C3CCC4=CC(=O)C=CC4(C)C3(F)C(O)CC2(C)C1(O)C(=O)CO
DEXORP,-1.854399999999996,369.130341236,1,1,COc1ccc2CC3[NH+](C)CCC4(CCCCC34)c2c1.O.[Br-]
DEXORP01,-1.854399999999996,369.13034123599994,1,1,COc1ccc2CC3[NH+](C)CCC4(CCCCC34)c2c1.[Br-].O
DEXPOX,-0.13759999999999595,375.19650687999996,1,2,[Cl-].CCC(=O)OC(Cc1ccccc1)(C(C)C[NH+](C)C)c1ccccc1
DEXPRO,4.275500000000004,339.21982916800005,0,3,CCC(=O)OC(Cc1ccccc1)(C(C)CN(C)C)c1ccccc1
DEXXUD,-0.10750000000000037,316.14230712,3,5,Oc1ccc(O)c(c1)C(=O)[O-].C[NH+]1CCCC1c1cccnc1
DEYFOD,-4.184999999999997,393.99099978399994,2,4,[NH3+]C(CC[Se]C)C(=O)[O-].[NH3+]C(CC[Se]C)C(=O)[O-]
DEYQEH,1.2841000000000002,353.15868545599994,4,6,CC(CC(C)(C)O)=NNC(=O)c1ccncc1.OC(=O)CCC(O)=O
DEYREF,-1.0684,352.1018988519999,4,8,CN1C(=O)N(C)C2=C(NC=N2)C1=O.OC(=O)c1ccc(O)cc1O.O
DFIMZP01,-1.1797999999999997,268.117154992,4,8,OCC1OC(CC1O)N1C=NC2=C1N=CNCC2O
DGLSLM10,-5.536899999999997,266.042001028,4,6,[NH3+]CC(O)=O.[NH3+]CC(O)=O.O.O=S(=O)([O-])[O-]
DGLYCN01,-4.947999999999998,213.059699692,3,6,[NH3+]CC(O)=O.[NH3+]CC(=O)[O-].O=N(=O)[O-]
DGLYHC,-7.704900000000002,186.040734512,3,3,[NH3+]CC(=O)[O-].[NH3+]CC(O)=O.[Cl-]
DGLYHC01,-7.704900000000002,186.040734512,3,3,[Cl-].[NH3+]CC(=O)[O-].[NH3+]CC(O)=O
DGLYHC02,-7.7049,186.040734512,3,3,[Cl-].[NH3+]CC(O)=O.[NH3+]CC(=O)[O-]
DGLYHC03,-7.704900000000002,186.040734512,3,3,[Cl-].[NH3+]CC(=O)[O-].[NH3+]CC(O)=O
DGLYHC04,-7.7049,186.040734512,3,3,[Cl-].[NH3+]CC(O)=O.[NH3+]CC(=O)[O-]
DGLYSE,-6.3706,295.97588664399996,4,6,[NH3+]CC(O)=O.[NH3+]CC(O)=O.O=[Se](=O)([O-])[O-]
DHANQU,1.8732000000000002,240.042258736,2,4,Oc1cccc2C(=O)c3cccc(O)c3C(=O)c12
DHANQU01,1.8732000000000002,240.042258736,2,4,Oc1cccc2C(=O)c3cccc(O)c3C(=O)c12
DHANQU02,1.8732000000000002,240.042258736,2,4,Oc1cccc2C(=O)c3cccc(O)c3C(=O)c12
DHANQU03,1.8732000000000002,240.042258736,2,4,Oc1cccc2C(=O)c3cccc(O)c3C(=O)c12
DHANQU04,3.7464000000000026,480.08451747199996,4,8,Oc1cccc2C(=O)c3cccc(O)c3C(=O)c12.Oc1cccc2C(=O)c3cccc(O)c3C(=O)c12
DHANQU06,1.8732000000000002,240.042258736,2,4,Oc1cccc2C(=O)c3cccc(O)c3C(=O)c12
DHANQU07,1.8732000000000002,240.042258736,2,4,Oc1cccc2C(=O)c3cccc(O)c3C(=O)c12
DHANQU08,1.8732000000000002,240.042258736,2,4,Oc1cccc2C(=O)c3cccc(O)c3C(=O)c12
DHYZAS01,-4.908799999999996,342.095767916,4,8,O=S(=O)([O-])[O-].O.O.O.[NH3+]Nc1n[nH+]c(NN)c2ccccc12
DIAZOX,1.8726,229.991676144,1,3,CC1=NS(=O)(=O)c2cc(Cl)ccc2N1
DIBBEX,1.0395999999999996,243.125928784,1,2,O=C([O-])c1ccccc1.[NH3+]C(C)c1ccccc1
DIBBID,-0.6529599999999962,370.2117240719999,4,3,CN(C)C(N)=NC(N)=[NH2+].Cc1cccc(Nc2ccccc2C(=O)[O-])c1C
DIBBOJ,-0.30797999999999837,390.15710165599995,4,3,CN(C)C(N)=NC(N)=[NH2+].Cc1c(Cl)cccc1Nc1ccccc1C(=O)[O-]
DIBBUL,3.5139200000000006,381.07588234799994,1,4,Cc1ccc(cc1)C1=CC(=NN1c1ccc(cc1)S(N)(=O)=O)C(F)(F)F
DIBBUL01,3.5139200000000006,381.07588234799994,1,4,Cc1ccc(cc1)C1=CC(=NN1c1ccc(cc1)S(N)(=O)=O)C(F)(F)F
DIBBUL02,3.5139200000000006,381.07588234799994,1,4,Cc1ccc(cc1)C1=CC(=NN1c1ccc(cc1)S(N)(=O)=O)C(F)(F)F
DIBBUP,-0.8559999999999979,411.16305753999995,4,4,CN(C)C(=[NH2+])N=C(N)N.FC(F)(F)c1cccc(Nc2ncccc2C(=O)[O-])c1
DIBCAW,-2.505399999999997,447.1841869079999,4,4,CN(C)C(=[NH2+])N=C(N)N.FC(F)(F)c1cccc(Nc2ncccc2C(=O)[O-])c1.O.O
DIBCEA,-1.362599999999997,379.145595908,4,3,CN(C)C(=[NH2+])N=C(N)N.Oc1ccc(cc1C(=O)[O-])c1ccc(F)cc1F
DIBCIE,-0.717399999999996,373.1914032280001,3,2,CC(C(=O)[O-])c1ccc(c(F)c1)c1ccccc1.CN(C)C(=[NH2+])N=C(N)N
DIBZAQ,-3.3950999999999967,370.12369691600003,1,9,O=C([O-])c1cc(cc(c1)N(=O)=O)N(=O)=O.C1[NH+]2CN3CN1CN(C2)C3.O
DIBZPN,-1.4367999999999956,331.145140004,1,2,[Cl-].C[NH+](C)CCN1C(=O)c2ccccc2N(C)c2ccccc12
DICDEA,1.6339,387.1178832640001,3,8,O=N(=O)c1ccc([O-])cc1.Oc1ccc(cc1)N(=O)=O.Nc1c[nH+]ccc1N
DICDOK,2.0516999999999994,372.10698423200006,2,7,Oc1ccc(cc1)N(=O)=O.O=N(=O)c1ccc([O-])cc1.Nc1cc[nH+]cc1
DICHAA,-2.9531,277.05192894400005,3,8,O=N(=O)[N-]N1C=C(N=C1N(=O)=O)N(=O)=O.NC(N)=[NH2+]
DICYAS,-1.0075799999999988,226.095356928,2,4,OC(=O)CCC(=O)[O-].Cc1c[nH+]c(N)cc1
DICYAS01,-1.0075799999999988,226.095356928,2,4,OC(=O)CCC(=O)[O-].Cc1c[nH+]c(N)cc1
DICYEW,-1.0075799999999988,226.095356928,2,4,OC(=O)CCC(=O)[O-].Cc1cc[nH+]c(N)c1
DICYIA,-2.7148999999999957,329.09903908391,3,7,O=C([O-])CCC(=O)[O-].Nc1[nH+]cccc1.OC(=O)CCC(O)=O
DIJVUN,0.2637,361.1022332,1,9,CN1C=NC2=C1C(=O)N(C)C(=O)N2C.OC(=O)c1cccc(c1)N(=O)=O
DIJVUN01,0.2636999999999998,361.10223320000006,1,9,OC(=O)c1cccc(c1)N(=O)=O.CN1C=NC2=C1C(=O)N(C)C(=O)N2C
DIKCIK,1.5168000000000001,449.0892855679999,4,7,CN1C(=C(O)c2ccccc2S1(=O)=O)C(=O)Nc1ccccn1.OC(=O)CCC(O)=O
DIKCUW,4.012500000000003,475.17770664799997,3,6,CN1C(=C(O)c2ccccc2S1(=O)=O)C(=O)Nc1ccccn1.CCCCCCCC(O)=O
DIKDAD,1.5810000000000002,331.062676896,2,5,CN1C(=C(O)c2ccccc2S1(=O)=O)C(=O)Nc1ccccn1
DIKDEH,2.671400000000001,469.09437094799995,4,7,CN1C(=C(O)c2ccccc2S1(=O)=O)C(=O)Nc1ccccn1.OC(=O)c1ccc(O)cc1
DIKDOR,1.1871999999999998,453.099456328,2,5,CN1C(=C([O-])c2ccccc2S1(=O)=O)C(=O)Nc1[nH+]cccc1.OC(=O)c1ccccc1
DILFAF01,-4.854099999999996,211.116820644,3,3,[NH3+]C(CCCNC(N)=O)C(=O)[O-].O.O
DILFIN,-1.556259999999997,422.1181431719999,2,6,Cc1ccc(cc1)S(=O)(=O)[O-].Cc1ccc(cc1)S(=O)(=O)[O-].[NH3+]CC[NH3+].O
DILFIN01,-1.556259999999997,422.1181431719999,2,6,Cc1ccc(cc1)S(=O)(=O)[O-].Cc1ccc(cc1)S(=O)(=O)[O-].[NH3+]CC[NH3+].O
DILTUP,0.5742000000000002,295.06044863999995,4,5,NC1=NC(=O)NC=C1F.OC(=O)c1ccc(cc1)C(O)=O
DILVAX,-0.5730000000000002,247.06044864,4,5,NC1=NC(=O)NC=C1F.OC(=O)CCC(O)=O
DILVEB,0.20719999999999955,275.091748768,4,5,NC1=NC(=O)NC=C1F.OC(=O)CCCCC(O)=O
DILYOO,-4.483199999999998,206.126657056,2,4,O=C([O-])CCC(=O)[O-].[NH3+]CCCC[NH3+]
DINJUH,-4.871999999999999,262.04808680791,2,6,NC1=[NH+]C(=O)NC=C1F.O=C([O-])C=CC(=O)[O-].O
DINKES,-4.6034999999999995,218.02187205991,2,6,NC1=[NH+]C(=O)NC=C1F.O=C([O-])C(=O)[O-]
DINLAN02,-0.22839999999999883,317.162708216,3,4,C[NH2+]C(C)C(O)c1ccccc1.OC(C(=O)[O-])c1ccccc1
DINPAR01,-3.609299999999997,179.096502948,3,5,C[N+](C)(C)CC(=O)[O-].OB(O)O
DINPAR10,-3.609299999999997,179.096502948,3,5,C[N+](C)(C)CC(=O)[O-].OB(O)O
DINRUP,0.9764999999999999,276.074621484,4,5,OC(=O)c1ccc(O)cc1O.NC(=O)c1cccnc1
DINRUP01,0.9764999999999999,276.074621484,4,5,OC(=O)c1ccc(O)cc1O.NC(=O)c1cccnc1
DINRUP03,0.9764999999999999,276.074621484,4,5,OC(=O)c1ccc(O)cc1O.NC(=O)c1cccnc1
DINSIG,-1.1438999999999988,206.08037556,2,4,O=C([O-])c1ccccc1.NC1=[NH+]N=CN1
DINYAA10,-1.6259999999999972,342.2154720599999,3,4,C[NH2+]C(C)C(O)c1ccccc1.CC(C)C(NC(C)=O)C(=O)[O-].O
DINYEE10,1.3791000000000013,430.246772188,3,5,CC(C)CC(NC(=O)OCc1ccccc1)C(=O)[O-].C[NH2+]C(C)C(O)c1ccccc1
DIPGIS12,-2.078099999999999,194.055223432,1,7,CN1N=NC2=C(N=CN2C1=O)C(N)=O
DIPHUH,0.9170999999999996,395.06326084799997,1,9,OC(=O)c1ccc(Cl)c(c1)N(=O)=O.CN1C=NC2=C1C(=O)N(C)C(=O)N2C
DIPHUH01,0.9170999999999996,395.06326084799997,1,9,OC(=O)c1ccc(Cl)c(c1)N(=O)=O.CN1C=NC2=C1C(=O)N(C)C(=O)N2C
DIPJAQ,0.27039999999999925,360.10698423199995,2,8,CN1C(=O)N(C)C2=C(NC=N2)C1=O.CC(=O)Oc1ccccc1C(O)=O
DIPNUL,-9.737599999999992,448.13909527599986,0,6,[OH2][Mg+2]([OH2])([OH2])([OH2])([OH2])[OH2].O=C([O-])c1cccnc1.O=C([O-])c1cccnc1.O.O.O.O
DIPWAE,0.8661000000000003,357.01861916400003,3,5,NS(=O)(=O)c1cc(ccc1Cl)C(O)=O.NC(=O)c1cccnc1
DIRBOX,-7.533200000000006,376.159413728,4,6,O=C([O-])CNC(=O)c1ccc(cc1)C(=O)NCC(=O)[O-].O.O.[NH3+]CC[NH3+]
DIRCIS,0.08682000000000023,462.16631067599997,3,9,CN1C(=O)C(=C(N=C1C(C)(C)NC(=O)C1=NN=C(C)O1)C(=O)NCc1ccc(F)cc1)O.O
DITLAT,-1.8064999999999984,161.10519334,1,3,C[N+](C)(C)CC(O)CC(=O)[O-]
DITLAT01,-3.6129999999999933,322.21038667999994,2,6,C[N+](C)(C)CC(O)CC(=O)[O-].C[N+](C)(C)CC(O)CC(=O)[O-]
DIVCUH,2.6314,487.88695720000004,2,2,Fc1c(F)c(I)c(F)c(F)c1I.C1CNCCN1
DIVDOC,2.9472000000000005,391.91468540000005,2,2,Fc1c(F)c(Br)c(F)c(F)c1Br.C1CNCCN1
DIVHOF,-1.0444999999999918,492.2107806039999,3,7,CCOC(=O)C([NH2+]C(C)C(=O)N1CCCC1C(O)=O)CCc1ccccc1.OC(=O)C=CC(=O)[O-]
DIVHOF01,-1.0444999999999918,492.2107806039999,3,7,CCOC(=O)C([NH2+]C(C)C(=O)N1CCCC1C(O)=O)CCc1ccccc1.OC(=O)C=CC(=O)[O-]
DIVHOF02,-1.0444999999999918,492.2107806039999,3,7,CCOC(=O)C([NH2+]C(C)C(=O)N1CCCC1C(O)=O)CCc1ccccc1.OC(=O)C=CC(=O)[O-]
DIVTAD,0.9506000000000001,251.126991404,2,3,Nc1ccc(cc1)C(O)=O.CN1CCN(C)C1=O
DIWPOP,-1.9294999999999976,476.1035557279999,3,8,Nc1ccc(cc1)S(=O)(=O)[O-].[NH3+]c1ccc(cc1)S(=O)(=O)[O-].Nc1cc[nH+]cc1.O.O
DIYYOB,3.818320000000003,398.18417193199997,3,6,CCN1C=C(C(O)=O)C(=O)c2ccc(C)nc12.CC(C)(C)c1cc(O)ccc1O
DIYYUH,2.7932200000000016,444.1532657279999,4,9,CCN1C=C(C(O)=O)C(=O)c2ccc(C)nc12.CCCOC(=O)c1cc(O)c(O)c(O)c1
DIYZES,4.482220000000003,402.157957184,2,5,Oc1ccccc1c1ccccc1.CCN1C=C(C(O)=O)C(=O)c2ccc(C)nc12
DIZPAM10,3.153800000000002,284.07164071600005,0,2,CN1C(=O)CN=C(c2ccccc2)c2cc(Cl)ccc12
DIZPAM11,3.153800000000002,284.07164071600005,0,2,CN1C(=O)CN=C(c2ccccc2)c2cc(Cl)ccc12
DIZWAK,-3.835799999999997,322.08509785999996,2,2,Clc1ccc(cc1)C(=O)NCC[NH+]1CCOCC1.[Cl-].O
DKPSAL10,-0.6771999999999991,252.074621484,4,4,O=C1CNC(=O)CN1.OC(=O)c1ccccc1O
DLASPA02,-3.1784999999999997,133.037507704,2,3,[NH3+]C(CC(O)=O)C(=O)[O-]
DLASPA03,-3.1784999999999997,133.037507704,2,3,[NH3+]C(CC(O)=O)C(=O)[O-]
DLASPA10,-3.1784999999999997,133.037507704,2,3,[NH3+]C(CC(O)=O)C(=O)[O-]
DLASPA11,-3.1784999999999997,133.037507704,2,3,[NH3+]C(CC(O)=O)C(=O)[O-]
DLASPA12,-3.1784999999999997,133.037507704,2,3,[NH3+]C(CC(O)=O)C(=O)[O-]
DLASPA13,-3.1784999999999997,133.037507704,2,3,[NH3+]C(CC(O)=O)C(=O)[O-]
DLASPA14,-3.1784999999999997,133.037507704,2,3,[NH3+]C(CC(O)=O)C(=O)[O-]
DLCARC,-3.467799999999995,197.081871052,2,2,[Cl-].C[N+](C)(C)CC(O)CC(O)=O
DLCARC01,-3.467799999999995,197.081871052,2,2,[Cl-].C[N+](C)(C)CC(O)CC(O)=O
DLLYSC10,-6.236999999999997,182.0822054,2,2,[Cl-].[NH3+]CCCCC([NH3+])C(=O)[O-]
DLMETA,-1.9000999999999986,149.051049592,1,3,[NH3+]C(CCSC)C(=O)[O-]
DLMETA01,-1.9000999999999986,149.051049592,1,3,[NH3+]C(CCSC)C(=O)[O-]
DLMETA02,-1.9000999999999986,149.051049592,1,3,[NH3+]C(CCSC)C(=O)[O-]
DLMETA03,-1.9000999999999986,149.051049592,1,3,[NH3+]C(CCSC)C(=O)[O-]
DLMETA05,-1.9000999999999986,149.051049592,1,3,[NH3+]C(CCSC)C(=O)[O-]
DLMETA07,-1.9000999999999986,149.051049592,1,3,[NH3+]C(CCSC)C(=O)[O-]
DLMETA08,-1.9000999999999986,149.051049592,1,3,[NH3+]C(CCSC)C(=O)[O-]
DLMETA09,-1.9000999999999986,149.051049592,1,3,[NH3+]C(CCSC)C(=O)[O-]
DLMETA10,-1.9000999999999986,149.051049592,1,3,[NH3+]C(CCSC)C(=O)[O-]
DLMETA11,-1.9000999999999986,149.051049592,1,3,[NH3+]C(CCSC)C(=O)[O-]
DLMETA12,-1.9000999999999986,149.051049592,1,3,[NH3+]C(CCSC)C(=O)[O-]
DLMETA13,-1.9000999999999986,149.051049592,1,3,[NH3+]C(CCSC)C(=O)[O-]
DLMETA14,-1.9000999999999986,149.051049592,1,3,[NH3+]C(CCSC)C(=O)[O-]
DLSERN12,-3.6608999999999994,105.042593084,2,3,[NH3+]C(CO)C(=O)[O-]
DLSERN34,-3.6608999999999994,105.042593084,2,3,[NH3+]C(CO)C(=O)[O-]
DLVALC,-3.6584999999999983,153.055656304,2,1,[NH3+]C(C(C)C)C(O)=O.[Cl-]
DMENAM,-0.30109999999999604,355.23185242009,0,0,[Br-].C[N+](C)(C)CCCCCCCCCC[N+](C)(C)C.O
DMENAM01,-0.30109999999999415,355.23185242009004,0,0,[Br-].O.C[N+](C)(C)CCCCCCCCCC[N+](C)(C)C
DMTYRS,-1.3148000000000004,195.089543276,2,3,[NH3+]C(C)(Cc1ccc(O)cc1)C(=O)[O-]
DOCGOU,-1.7251999999999954,237.147726848,1,2,CN(C)C(=[NH2+])N(C)C.O=C([O-])c1ccccc1
DOCGOU01,-1.7251999999999972,237.147726848,1,2,O=C([O-])c1ccccc1.CN(C)C(=[NH2+])N(C)C
DOCGUA,-2.019599999999996,253.142641468,2,3,Oc1ccccc1C(=O)[O-].CN(C)C(=[NH2+])N(C)C
DOCMOY,-2.107099999999998,347.0520888919101,3,7,OC(=O)c1cc(C(=O)[O-])c(cc1C(=O)[O-])C(O)=O.Nc1cc[nH+]cc1
DODVEZ,-2.828999999999998,213.12131225190998,4,5,[S-]CC[S-].NCCN.[NH3+]CCN
DOFBEJ,1.5526999999999995,391.08380626400003,2,6,CS(=O)(=O)[O-].COC(=O)NC1=[NH+]c2cc(ccc2N1)C(=O)c1ccccc1
DOFWUT,-0.5119,487.1754783919999,3,7,OC(=O)C1=CN(C2CC2)c2cc(N3CC[NH2+]CC3)c(F)cc2C1=O.Oc1ccccc1C(=O)[O-].O
DOFWUT01,-0.5119,487.1754783919999,3,7,OC(=O)C1=CN(C2CC2)c2cc(N3CC[NH2+]CC3)c(F)cc2C1=O.Oc1ccccc1C(=O)[O-].O
DOFWUT02,-0.5119,487.1754783919999,3,7,OC(=O)C1=CN(C2CC2)c2cc(N3CC[NH2+]CC3)c(F)cc2C1=O.Oc1ccccc1C(=O)[O-].O
DOGBAF,3.341520000000002,397.12738532799995,1,7,CC1=NC=C(N1CCOC(=O)c1ccccc1)N(=O)=O.OC(=O)c1ccccc1
DOGCAG,3.047120000000001,413.1222999479999,2,8,CC1=NC=C(N1CCOC(=O)c1ccccc1)N(=O)=O.OC(=O)c1ccccc1O
DOGCAG01,3.047120000000001,413.1222999479999,2,8,CC1=NC=C(N1CCOC(=O)c1ccccc1)N(=O)=O.OC(=O)c1ccccc1O
DOHTEA,2.6043400000000005,302.199428072,0,3,CC(C)N1C=[N+](C(C)C)C(=C1C)C.O=C([O-])c1ccccc1
DOHVED,-0.5798000000000002,157.028754588,2,4,NC(=O)c1nc(F)cnc1O
DOHVED01,-0.5798000000000002,157.028754588,2,4,NC(=O)c1nc(F)cnc1O
DOHVED02,-0.5798000000000002,157.028754588,2,4,NC(=O)c1nc(F)cnc1O
DOHVED03,-0.5798000000000002,157.028754588,2,4,NC(=O)c1nc(F)cnc1O
DOHVED04,-0.5798000000000002,157.028754588,2,4,NC(=O)c1nc(F)cnc1O
DOKHAN,-1.4611999999999972,260.087786512,2,6,C1N2CN3CN1CN(C2)C3.NC(=S)C(N)=S
DOKNEA,0.9115200000000001,444.155745992,3,9,CN1C(=O)C(=C(N=C1C(C)(C)NC(=O)C1=NN=C(C)O1)C(=O)NCc1ccc(F)cc1)O
DOKPAU,-7.087299999999999,277.03848201600005,2,1,[NH3+]C1=CC(=CNC1=O)c1cc[nH+]cc1.[Cl-].[Cl-].O
DOKPEY,-1.9598999999999986,247.05123962,1,2,CC1=C(C=C(C#N)C(=O)N1)c1cc[nH+]cc1.[Cl-]
DOLBIR,-3.0218,75.0320284,1,2,[NH3+]CC(=O)[O-]
DOLBIR01,-3.0218,75.0320284,1,2,[NH3+]CC(=O)[O-]
DOLBIR02,-3.0218,75.0320284,1,2,[NH3+]CC(=O)[O-]
DOLBIR05,-3.0218,75.0320284,1,2,[NH3+]CC(=O)[O-]
DOLBIR06,-3.0218,75.0320284,1,2,[NH3+]CC(=O)[O-]
DOLBIR07,-3.0218,75.0320284,1,2,[NH3+]CC(=O)[O-]
DOLBIR08,-3.0218,75.0320284,1,2,[NH3+]CC(=O)[O-]
DOLBIR09,-3.0218,75.0320284,1,2,[NH3+]CC(=O)[O-]
DOLBIR10,-3.0218,75.0320284,1,2,[NH3+]CC(=O)[O-]
DOLBIR11,-3.0218,75.0320284,1,2,[NH3+]CC(=O)[O-]
DOLBIR16,-3.0218,75.0320284,1,2,[NH3+]CC(=O)[O-]
DOLBIR17,-3.0218,75.0320284,1,2,[NH3+]CC(=O)[O-]
DOLBIR18,-3.0218,75.0320284,1,2,[NH3+]CC(=O)[O-]
DOLBIR19,-3.0218,75.0320284,1,2,[NH3+]CC(=O)[O-]
DOLBIR20,-3.0218,75.0320284,1,2,[NH3+]CC(=O)[O-]
DOLBIR21,-3.0218,75.0320284,1,2,[NH3+]CC(=O)[O-]
DOLBIR22,-3.0218,75.0320284,1,2,[NH3+]CC(=O)[O-]
DOLBIR23,-3.0218,75.0320284,1,2,[NH3+]CC(=O)[O-]
DOLBIR24,-3.0218,75.0320284,1,2,[NH3+]CC(=O)[O-]
DOLBIR25,-3.0218,75.0320284,1,2,[NH3+]CC(=O)[O-]
DOLBIR26,-3.0218,75.0320284,1,2,[NH3+]CC(=O)[O-]
DOLBIR27,-3.0218,75.0320284,1,2,[NH3+]CC(=O)[O-]
DOLBIR28,-3.0218,75.0320284,1,2,[NH3+]CC(=O)[O-]
DOLBIR29,-3.0218,75.0320284,1,2,[NH3+]CC(=O)[O-]
DOLBIR30,-3.0218,75.0320284,1,2,[NH3+]CC(=O)[O-]
DOLBIR31,-3.0218,75.0320284,1,2,[NH3+]CC(=O)[O-]
DOLBIR32,-3.0218,75.0320284,1,2,[NH3+]CC(=O)[O-]
DOLBIR33,-3.0218,75.0320284,1,2,[NH3+]CC(=O)[O-]
DOLBIR34,-3.0218,75.0320284,1,2,[NH3+]CC(=O)[O-]
DOLBIR35,-3.0218,75.0320284,1,2,[NH3+]CC(=O)[O-]
DOLBIR36,-3.0218,75.0320284,1,2,[NH3+]CC(=O)[O-]
DOLBIR37,-3.0218,75.0320284,1,2,[NH3+]CC(=O)[O-]
DOLBIR38,-3.0218,75.0320284,1,2,[NH3+]CC(=O)[O-]
DOLBIR39,-3.0218,75.0320284,1,2,[NH3+]CC(=O)[O-]
DOLBIR44,-3.0218,75.0320284,1,2,[NH3+]CC(=O)[O-]
DOLBIR45,-3.0218,75.0320284,1,2,[NH3+]CC(=O)[O-]
DOLBIR46,-3.0218,75.0320284,1,2,[NH3+]CC(=O)[O-]
DOLBIR47,-3.0218,75.0320284,1,2,[NH3+]CC(=O)[O-]
DOLBIR48,-3.0218,75.0320284,1,2,[NH3+]CC(=O)[O-]
DOLBIR49,-3.0218,75.0320284,1,2,[NH3+]CC(=O)[O-]
DOLBIR50,-3.0218,75.0320284,1,2,[NH3+]CC(=O)[O-]
DOLBIR51,-3.0218,75.0320284,1,2,[NH3+]CC(=O)[O-]
DOLBIR52,-3.0218,75.0320284,1,2,[NH3+]CC(=O)[O-]
DOLBIR53,-3.0218,75.0320284,1,2,[NH3+]CC(=O)[O-]
DOLBIR54,-3.0218,75.0320284,1,2,[NH3+]CC(=O)[O-]
DOLBIR55,-3.0218,75.0320284,1,2,[NH3+]CC(=O)[O-]
DOLBIR56,-3.0218,75.0320284,1,2,[NH3+]CC(=O)[O-]
DOLBIR57,-3.0218,75.0320284,1,2,[NH3+]CC(=O)[O-]
DOLBIR58,-3.0218,75.0320284,1,2,[NH3+]CC(=O)[O-]
DOLBIR59,-3.0218,75.0320284,1,2,[NH3+]CC(=O)[O-]
DOLBIR60,-3.0218,75.0320284,1,2,[NH3+]CC(=O)[O-]
DOLBIR61,-3.0218,75.0320284,1,2,[NH3+]CC(=O)[O-]
DOLBIR62,-3.0218,75.0320284,1,2,[NH3+]CC(=O)[O-]
DOLBIR63,-3.0218,75.0320284,1,2,[NH3+]CC(=O)[O-]
DOLBIR64,-3.0218,75.0320284,1,2,[NH3+]CC(=O)[O-]
DOLBIR65,-3.0218,75.0320284,1,2,[NH3+]CC(=O)[O-]
DOLBIR66,-3.0218,75.0320284,1,2,[NH3+]CC(=O)[O-]
DOLJIX,0.8768,310.07357592799997,2,7,COc1ncnc(NS(=O)(=O)c2ccc(N)cc2)c1OC
DOLJIX01,0.8768,310.07357592799997,2,7,COc1ncnc(NS(=O)(=O)c2ccc(N)cc2)c1OC
DOLJIX02,0.8768,310.07357592799997,2,7,COc1ncnc(NS(=O)(=O)c2ccc(N)cc2)c1OC
DOLTOQ,-1.6364999999999994,224.978925976,1,1,[Br-].Oc1cccc2ccc[nH+]c12
DOLTUW,-2.461199999999999,242.98949066,1,1,[Br-].Oc1cccc2ccc[nH+]c12.O
DOLTUW01,-2.461199999999999,242.98949066,1,1,[Br-].Oc1cccc2ccc[nH+]c12.O
DOMHAQ,1.6664200000000002,356.088747324,3,7,CC1=NC=C(N1CC(O)CCl)N(=O)=O.Nc1ccc(cc1)C(O)=O
DOMHIY,1.6664200000000002,356.088747324,3,7,CC1=NC=C(N1CC(O)CCl)N(=O)=O.Nc1ccc(cc1)C(O)=O
DOPAMN,-3.1137999999999977,189.055656304,3,2,[Cl-].[NH3+]CCc1ccc(O)c(O)c1
DOPAMN01,-3.1137999999999977,189.055656304,3,2,[Cl-].[NH3+]CCc1ccc(O)c(O)c1
DOPAMN02,-3.1137999999999977,189.055656304,3,2,[Cl-].[NH3+]CCc1ccc(O)c(O)c1
DOPNAZ,-0.24369999999999992,334.09133416799995,4,8,CN1C(=O)N(C)C2=C(NC=N2)C1=O.OC(=O)c1cccc(O)c1O
DOPNED,-0.24369999999999992,334.09133416799995,4,8,CN1C(=O)N(C)C2=C(NC=N2)C1=O.OC(=O)c1ccc(O)cc1O
DOPYUE,-0.605399999999997,493.26756720799995,4,7,CC1=C(C)C(=O)C(=C(C)C1=O)C(CCCCCC(=O)[O-])c1ccccc1.[NH3+]C(CO)(CO)CO.O
DOQCOE,-3.3099999999999987,191.042987008,3,4,OC(=O)C=CC(O)=O.[NH3+]CC(=O)[O-]
DOSCUM01,2.99948,270.061612188,2,3,CC(O)=C(C#N)C(=O)Nc1ccc(cc1)C(F)(F)F
DOSCUM03,2.99948,270.061612188,2,3,CC(O)=C(C#N)C(=O)Nc1ccc(cc1)C(F)(F)F
DOSDAT,1.4013800000000003,392.10962500000005,2,4,CC([O-])=C(C#N)C(=O)Nc1ccc(cc1)C(F)(F)F.NC(=O)c1cc[nH+]cc1
DOSDEX,0.46057999999999993,330.106551,2,3,CC([O-])=C(C#N)C(=O)Nc1ccc(cc1)C(F)(F)F.[NH3+]CC[O]
DOSDIC,3.7184000000000017,461.1586854559999,4,4,NC(=O)N1c2ccccc2C=Cc2ccccc12.NC(=O)c1ccccc1.OC(=O)CC(O)=O
DOSDOH,-0.6638199999999994,375.14059077999997,4,5,CC([O-])=C(C#N)C(=O)Nc1ccc(cc1)C(F)(F)F.OCC[NH2+]CCO
DOSDOI,3.1134000000000004,462.1539344239999,4,5,NC(=O)N1c2ccccc2C=Cc2ccccc12.NC(=O)c1ccccn1.OC(=O)CC(O)=O
DOSJOK,4.162340000000003,428.30389314,4,5,Cc1ccc(c(O)c1)C1(C)CC(C)(C)c2ccc(C)cc2O1.C1CNCCN1.CCO
DOSKEB,4.477900000000005,392.29265975999994,3,3,CC(CCC(O)=O)C1CCC2C3CCC4CC(O)CCC4(C)C3CC(O)C12C
DOSZAO,2.569,434.1702531839999,2,8,C(N1C=CN=C1C1=NC=CN1Cc1ccncc1)c1ccncc1.OC(=O)CCC(O)=O
DOWNOV,-0.6311999999999998,455.90540758400005,2,8,ClC(Cl)C(=O)[O-].ClC(Cl)C(=O)[O-].NC1=[NH+]C=CS1.NC1=[NH+]C=CS1
DOWQAJ,0.2723999999999998,341.09801684800004,3,6,Nc1ccc(cc1)S(=O)(=O)[N-]C1=NC=CS1.[NH2+]1CCNCC1
DOWVUI,-3.0205799999999963,447.0882400120001,4,6,O.O=S(=O)([O-])c1cccc2c1cccc2S(=O)(=O)[O-].NC(N)=[NH2+].CC1=[NH+]C=CN1
DOWWAP,-2.766599999999996,461.10389007599997,4,6,CCC1=[NH+]C=CN1.NC(N)=[NH2+].O=S(=O)([O-])c1cccc2c1cccc2S(=O)(=O)[O-].O
DOXDUR,0.16519999999999985,322.1077331800001,2,6,FC1=CN(C2CCCO2)C(=O)NC1=O.NC(=O)c1cccnc1
DOXFIH,-1.879699999999998,398.135010548,2,9,FC1=CN(C2CCCO2)C(=O)NC1=O.CN1C(=O)N(C)C2=C(NC=N2)C1=O.O
DOXJIM,-0.03150000000000053,235.016683952,1,2,ClC(Cl)C(=O)[O-].[NH3+]Cc1ccccc1
DOXSIS,-2.5647999999999964,290.02799648,1,1,[I-].C[NH+]1CCCC1c1cccnc1
DOXYEX,-2.8909999999999973,354.04351543191,3,7,O=S(=O)([O-])c1ccc(cc1)S(=O)(=O)[O-].NC(N)=[NH2+].CC(C)=O
DOYCIG,-3.486299999999999,296.00165061991004,3,6,O=S(=O)([O-])c1ccc(cc1)S(=O)(=O)[O-].NC(N)=[NH2+]
DOYCIG01,-3.486299999999999,296.00165061991004,3,6,O=S(=O)([O-])c1ccc(cc1)S(=O)(=O)[O-].NC(N)=[NH2+]
DOYCIG04,-3.486299999999999,296.00165061991004,3,6,O=S(=O)([O-])c1ccc(cc1)S(=O)(=O)[O-].NC(N)=[NH2+]
DOYCIG05,-3.486299999999999,296.00165061991004,3,6,O=S(=O)([O-])c1ccc(cc1)S(=O)(=O)[O-].NC(N)=[NH2+]
DOYCIG06,-3.486299999999999,296.00165061991004,3,6,O=S(=O)([O-])c1ccc(cc1)S(=O)(=O)[O-].NC(N)=[NH2+]
DOZGUX,-1.2232,350.097482168,3,9,OC(=O)C1=CC(=NN1)C(O)=O.CN1C=NC2=C1C(=O)N(C)C(=O)N2C
DPANCA,-5.754799999999995,336.98377569199994,3,5,[Br-].[Ca+2].CC(C)(CO)C(O)C(=O)NCCC(=O)[O-]
DPYALC,-1.350999999999995,335.16520675199996,1,1,[Cl-].C[NH+]1CCC(CC1)OC(c1ccccc1)c1ccccc1.O
DRPRDL,2.029000000000001,415.19073453199996,1,4,Fc1ccc(cc1)C(=O)CCCN1CCC(=CC1)N1C(=O)Nc2ccccc12.O.O
DUCROJ,-0.24369999999999997,334.091334168,4,8,OC(=O)c1cc(O)ccc1O.CN1C(=O)N(C)C2=C(NC=N2)C1=O
DUDGAL,-1.6524999999999999,295.128054024,4,7,NC1=NC2=C(N=CN2C2CC(O)C(CO)C2=C)C(=O)N1.O
DUDGAL01,-1.6524999999999999,295.128054024,4,7,NC1=NC2=C(N=CN2C2CC(O)C(CO)C2=C)C(=O)N1.O
DUFDIR10,-4.567499999999999,224.06767937991,3,4,NC(N)=[NH2+].O=C([O-])c1ccccc1C(=O)[O-]
DUFDOX10,-7.494300000000001,192.085854864,4,4,[NH3+]C(CC(=O)[O-])C(=O)[O-].NC(N)=[NH2+]
DUFFIT01,-0.3376799999999965,461.20496695199984,4,6,C[NH+](C)CCOC(c1ccccc1)c1ccccc1C.OC(=O)CC(O)(CC(O)=O)C(=O)[O-]
DUFZIO,-4.432699999999999,75.09677771999999,3,0,[BH4-].NC(N)=[NH2+]
DUHYOV,0.11351999999999879,341.137556088,2,6,[NH3+]C1=C(C)N(C)N(c2ccccc2)C1=O.Oc1ccccc1C(=O)[O-]
DUHZAI,-0.5389000000000002,205.085126592,2,3,Nc1ccc(cc1)C(=O)[O-].N1C=[NH+]C=C1
DUHZAI01,-0.5389000000000002,205.085126592,2,3,Nc1ccc(cc1)C(=O)[O-].N1C=[NH+]C=C1
DUHZAI02,-0.5389000000000002,205.085126592,2,3,Nc1ccc(cc1)C(=O)[O-].N1C=[NH+]C=C1
DUHZAI03,-0.5389000000000002,205.085126592,2,3,Nc1ccc(cc1)C(=O)[O-].N1C=[NH+]C=C1
DUHZAI04,-0.5389000000000002,205.085126592,2,3,Nc1ccc(cc1)C(=O)[O-].N1C=[NH+]C=C1
DUHZAI05,-0.5389000000000002,205.085126592,2,3,Nc1ccc(cc1)C(=O)[O-].N1C=[NH+]C=C1
DUHZAI06,-0.5389000000000002,205.085126592,2,3,Nc1ccc(cc1)C(=O)[O-].N1C=[NH+]C=C1
DUHZAI07,-0.5389000000000002,205.085126592,2,3,Nc1ccc(cc1)C(=O)[O-].N1C=[NH+]C=C1
DUHZAI08,-0.5389000000000002,205.085126592,2,3,Nc1ccc(cc1)C(=O)[O-].N1C=[NH+]C=C1
DUJMOM,-0.8162000000000003,259.04807238800004,2,4,Oc1cccc2ccc[nH+]c12.OC(=O)C#CC(=O)[O-]
DUJMUS,-2.7971999999999975,396.0936193559098,3,7,Oc1cccc2ccc[nH+]c12.OC(=O)CC(C(CC(O)=O)C(=O)[O-])C(=O)[O-].O
DUJPAB,2.119300000000001,417.20638459599996,1,4,Fc1ccc(cc1)C(=O)CCCN1CCC(CC1)N1C(=O)Nc2ccccc12.O.O
DUJXAJ,3.7673000000000028,427.22712004,2,5,Fc1ccc(cc1)C(=O)CCCN1CCC(CC1)N1C(=O)Nc2ccccc12.CCO
DUJXEN,4.947600000000005,489.242770104,2,5,Fc1ccc(cc1)C(=O)CCCN1CCC(CC1)N1C(=O)Nc2ccccc12.OCc1ccccc1
DUJXIR,4.298580000000003,422.21180432400007,1,5,Fc1ccc(cc1)C(=O)CCCN1CCC(CC1)N1C(=O)Nc2ccccc12.CC#N
DUKJUR,1.2833999999999994,416.1695844879999,2,9,CN1C=NC2=C1C(=O)N(CCCCC(C)=O)C(=O)N2C.OC(=O)c1ccc(O)cc1
DUKWAI,-0.5141000000000002,207.04777578,2,4,NC1=NC(=O)NC=C1F.CS(C)=O
DUKWEM,-0.9231000000000009,345.136093844,4,7,NC1=NC(=O)NC=C1F.NC1=NC(=O)NC=C1F.CN(C)C(C)=O
DULBIY,-2.940599999999998,383.99650381600003,3,7,NS(=O)(=O)c1cc2c(NC=NS2(=O)=O)cc1Cl.C[NH2+]CC(=O)[O-]
DULBOE,-2.4079999999999977,410.01215388,3,7,NS(=O)(=O)c1cc2c(NC=NS2(=O)=O)cc1Cl.O=C([O-])C1[NH2+]CCC1
DULGEX,-3.2583999999999973,273.048466312,4,6,OC(C(O)C(=O)[O-])C(O)=O.OC(=O)c1c[nH+]ccc1
DULGIE,-2.152099999999998,233.126322708,3,4,[NH3+]CC1CCC(CC1)C(O)=O.OCC(=O)[O-]
DULKAX,2.580400000000002,411.1794208999999,1,7,COCCOc1cc2ncnc(Nc3cccc(c3)C#C)c2cc1OCCOC.O
DULYIW,4.485800000000004,289.11027872,2,3,c1ccc2nc3ccccc3cc2c1.Oc1cccc(O)c1
DULYOC,4.485800000000004,289.11027872000005,2,3,c1ccc2nc3ccccc3cc2c1.Oc1ccc(O)cc1
DUMPUW,-4.093400000000001,121.04874108399999,4,2,OC(=O)[O-].NC(N)=[NH2+]
DUMYIU,-0.2531599999999997,497.10389007599986,2,8,Nc1[nH+]cnc2NC=[NH+]c12.Cc1ccc(cc1)S(=O)(=O)[O-].Cc1ccc(cc1)S(=O)(=O)[O-].O
DUNXAL,3.641700000000002,493.14381967599996,3,5,COc1ccc(Cl)cc1C(=O)NCCc1ccc(cc1)S(=O)(=O)NC(=O)NC1CCCCC1
DUNXAL01,3.641700000000002,493.14381967599996,3,5,COc1ccc(Cl)cc1C(=O)NCCc1ccc(cc1)S(=O)(=O)NC(=O)NC1CCCCC1
DUPFUQ,-0.6626000000000001,246.040734512,2,4,Nc1[nH+]cc(Cl)cc1.OC(=O)CCC(=O)[O-]
DUPJEE,1.100000000000001,353.137556088,3,5,O=C([O-])c1ccccc1.Nc1[nH+]cccc1N.OC(=O)c1ccccc1
DUPKAB,3.918000000000003,360.157288488,2,6,CCCOC(=O)c1ccc(O)cc1.CCCOC(=O)c1ccc(O)cc1
DUPKAB01,3.918000000000003,360.157288488,2,6,CCCOC(=O)c1ccc(O)cc1.CCCOC(=O)c1ccc(O)cc1
DUPXEU,-0.09510000000000018,376.13828435999994,3,9,CC(O)CN1C=NC2=C1C(=O)N(C)C(=O)N2C.OC(=O)c1ccccc1O
DUPXIY,-0.9197999999999993,394.148849044,3,9,O.CC(O)CN1C=NC2=C1C(=O)N(C)C(=O)N2C.OC(=O)c1ccccc1O
DURQUG,0.7487000000000001,333.194008344,2,3,OC(=O)c1ccccc1.O=C([O-])C1CCCCC1[NH+]1CCCCC1
DUSMOU,-3.0227999999999993,226.0702048,3,4,O=C([O-])c1cccc(c1)N(=O)=O.NC(N)=[NH2+]
DUSMUA,-3.0020999999999995,195.100776656,3,2,O=C([O-])Cc1ccccc1.NC(N)=[NH2+]
DUSXOH,-15.065300000000004,323.905212224,1,7,OC(CC(=O)[O-])(CC(=O)[O-])C(=O)[O-].[K+].O.[K+].[K+]
DUSXOH01,-15.065300000000004,369.85329528399996,1,7,OC(CC(=O)[O-])(CC(=O)[O-])C(=O)[O-].[Rb+].[K+].O.[K+]
DUSXOH02,-15.065300000000004,369.853295284,1,7,OC(CC(=O)[O-])(CC(=O)[O-])C(=O)[O-].[K+].[Rb+].[K+].O
DUSXOH03,-15.065300000000004,369.85329528400007,1,7,OC(CC(=O)[O-])(CC(=O)[O-])C(=O)[O-].[K+].[K+].O.[Rb+]
DUSXOH04,-15.065300000000004,415.80137834400006,1,7,OC(CC(=O)[O-])(CC(=O)[O-])C(=O)[O-].[K+].[Rb+].O.[Rb+]
DUSXOH05,-15.065300000000004,415.80137834400006,1,7,OC(CC(=O)[O-])(CC(=O)[O-])C(=O)[O-].[K+].[Rb+].O.[Rb+]
DUSXOH06,-15.065300000000004,415.801378344,1,7,OC(CC(=O)[O-])(CC(=O)[O-])C(=O)[O-].[Rb+].[K+].O.[Rb+]
DUSXOH07,-15.065300000000004,415.80137834400006,1,7,OC(CC(=O)[O-])(CC(=O)[O-])C(=O)[O-].[Rb+].[Rb+].[K+].O
DUSYOG,-0.16140000000000015,232.084792244,2,4,Oc1ccccc1C(=O)[O-].Nc1cc[nH+]cc1
DUSYOG01,-0.16140000000000043,232.084792244,2,4,Nc1cc[nH+]cc1.Oc1ccccc1C(=O)[O-]
DUTBIG,-7.496200000000005,248.062045036,3,7,OC(CC(=O)[O-])(CC(=O)[O-])C(=O)[O-].[Na+].[NH4+].[NH4+]
DUTBIG01,-7.496200000000005,248.062045036,3,7,OC(CC(=O)[O-])(CC(=O)[O-])C(=O)[O-].[Na+].[NH4+].[NH4+]
DUTNIP10,-1.9332999999999931,445.0750062479999,1,4,[I-].C[N+]1(C)C2CC(CC1C1OC21)OC(=O)C(CO)c1ccccc1
DUTRAM,-1.851799999999995,452.190713856,4,8,OC(=O)CCCC(=O)[O-].Nc1cc[nH+]cc1.OC(=O)CCCC(=O)[O-].Nc1cc[nH+]cc1
DUTSOB,4.784640000000004,330.13682781600005,1,3,OC(=O)c1ccccc1.Cc1ccc2ccc3ccc(C)nc3c2n1
DUTZOI,0.2940400000000007,492.200884616,4,8,Oc1ccccc1C(=O)[O-].Cc1cc[nH+]c(N)c1.Oc1ccccc1C(=O)[O-].Cc1cc[nH+]c(N)c1
DUTZOI01,0.2940400000000007,492.200884616,4,8,Oc1ccccc1C(=O)[O-].Cc1cc[nH+]c(N)c1.Oc1ccccc1C(=O)[O-].Cc1cc[nH+]c(N)c1
DUVCIH,0.6011000000000002,309.99530431200003,2,4,Oc1ccccc1C(=O)[O-].Nc1[nH+]cc(Br)cc1
DUVHAE,1.4307999999999996,444.27365563200004,4,8,Oc1cccc(O)c1.Oc1cccc(O)c1.C1CN2CCN1CC2.C1CN2CCN1CC2
DUVHAE01,1.4308000000000003,444.27365563199993,4,8,C1CN2CCN1CC2.C1CN2CCN1CC2.Oc1cccc(O)c1.Oc1cccc(O)c1
DUVHOS,-7.615799999999998,296.12196559999995,4,6,[NH2+]1CC[NH2+]CC1.OC(=O)CC(O)(CC(=O)[O-])C(=O)[O-].O
DUVZOJ02,2.0382,374.149123816,4,6,NC1=CC(=CNC1=O)c1ccncc1.NC1=CC(=CNC1=O)c1ccncc1
DUWXAW,-2.5612999999999975,296.123302992,3,7,CN1C(=O)N(C)C2=C(NC=N2)C1=O.O=CNCCNC=O
DUXZAX,-2.0158999999999994,240.097088244,3,6,CN1C(=O)N(C)C2=C(NC=N2)C1=O.NC(N)=O
DUZNIW,-2.6083999999999987,252.085854864,2,5,NC1=[NH+]C(=O)NC=C1.O=C([O-])c1cccnc1.O
DXCHMS,3.6532000000000027,410.30322444399997,3,3,O.CC(CCC(O)=O)C1CCC2C3CCC4CC(O)CCC4(C)C3CC(O)C12C
DXMTAS,2.7808000000000015,376.20498762799997,2,4,CC1CC2C3CCC4=CC(=O)C=CC4(C)C3(F)C(O)CC2(C)C1C(=O)CO
EAMARB10,-17.88559999999999,495.91972425599994,2,8,O=C([O-])C[NH+](CC[NH+](CC(=O)[O-])CC(=O)[O-])CC(=O)[O-].O.O.[Rb+].[Rb+]
EBESAI,-3.178799999999999,211.059305768,2,4,NC(=O)C(=O)[O-].NC(=O)c1c[nH+]ccc1
EBILOR,2.4187399999999997,190.110613068,2,2,Oc1ccccc1.CC1=CC(=NN1)C
EBILUX,2.1243399999999992,206.105527688,3,3,Oc1ccc(O)cc1.CC1=CC(=NN1)C
EBIMAE,4.817880000000004,378.205576072,4,4,CC1=C(C(=NN1)C)C1=C(C)NN=C1C.Oc1ccccc1.Oc1ccccc1
EBIMIM,3.131280000000001,300.15862588,4,4,Oc1cccc(O)c1.CC1=C(C(=NN1)C)C1=C(C)NN=C1C
EBIQIS,-0.4851999999999965,449.12412978799995,2,7,O=[Cl](=O)(=O)[O-].CC[n+]1ccc(cc1)C=Cc1ccc(OC)cc1.Oc1ccc(O)cc1
EBOLEP,1.1099200000000005,465.0300564399999,4,8,CN1C(=C(O)c2ccccc2S1(=O)=O)C(=O)NC1=NC=C(C)S1.OC(=O)C#CC(O)=O
EBONAN,1.4897199999999997,277.09502258000003,3,5,CN1C=CC(=O)C(=C1C)O.OC(=O)c1ccc(O)cc1
EBONER,1.1953199999999997,293.0899372,4,6,OC(=O)c1cc(O)ccc1O.CN1C=CC(=O)C(=C1C)O
EBONIV,0.11112000000000016,255.074287136,3,5,OC(=O)C=CC(O)=O.CN1C=CC(=O)C(=C1C)O
EBONUG,0.5424999999999995,260.090940244,3,5,NC(=O)c1cnccn1.Nc1ccccc1C(O)=O
ECAQAD,1.8215999999999999,487.17770664799997,2,7,COc1ccc2nccc(C(O)C3CC4CC[NH+]3CC4C=C)c2c1.CC1=CC(=O)[N-]S(=O)(=O)O1
ECAQAD01,1.8216,487.177706648,2,7,CC1=CC(=O)[N-]S(=O)(=O)O1.COc1ccc2nccc(C(O)C3CC4CC[NH+]3CC4C=C)c2c1
ECARBM01,0.10160000000000025,89.047678464,1,2,CCOC(N)=O
ECARBM10,0.10160000000000025,89.047678464,1,2,CCOC(N)=O
ECOQEV,1.3247999999999998,343.028121228,3,4,Clc1ccc(cc1)S(=O)(=O)[O-].CC(O)=[NH+]c1ccc(O)cc1
ECOQUL,2.2512,245.141578848,1,2,CCC(=O)NCC1CC1c1cccc2OCCc12
ECOQUL01,2.2512,245.141578848,1,2,CCC(=O)NCC1CC1c1cccc2OCCc12
ECORAS,1.4264999999999999,263.152143532,1,2,O.CCC(=O)NCC1CC1c1cccc2OCCc12
ECORAS01,1.4264999999999999,263.152143532,1,2,CCC(=O)NCC1CC1c1cccc2OCCc12.O
ECOVOK,-1.8251999999999966,341.0890816719999,1,7,C1[NH+]2CN3CN1CN(C2)C3.Clc1cc(ccc1C(=O)[O-])N(=O)=O
ECOVUQ,-1.8251999999999966,341.0890816719999,1,7,C1[NH+]2CN3CN1CN(C2)C3.Clc1cc(ccc1C(=O)[O-])N(=O)=O
ECOVUQ01,-1.8251999999999966,341.0890816719999,1,7,C1[NH+]2CN3CN1CN(C2)C3.Clc1cc(ccc1C(=O)[O-])N(=O)=O
EDAMCL,-5.525799999999999,97.05270242008999,2,0,[Cl-].[NH3+]CC[NH3+]
EDAMCL01,-5.525799999999999,97.05270242008999,2,0,[Cl-].[NH3+]CC[NH3+]
EDAMCL02,-5.525799999999999,97.05270242008999,2,0,[Cl-].[NH3+]CC[NH3+]
EDAMCL03,-5.5257999999999985,97.05270242008999,2,0,[NH3+]CC[NH3+].[Cl-]
EDAMCL04,-5.525799999999999,97.05270242008999,2,0,[Cl-].[NH3+]CC[NH3+]
EDAMCL05,-5.525799999999999,97.05270242008999,2,0,[Cl-].[NH3+]CC[NH3+]
EDAMCL06,-5.525799999999999,97.05270242008999,2,0,[Cl-].[NH3+]CC[NH3+]
EDAMCL07,-5.525799999999999,97.05270242008999,2,0,[Cl-].[NH3+]CC[NH3+]
EDAMCL08,-5.525799999999999,97.05270242008999,2,0,[Cl-].[NH3+]CC[NH3+]
EDAMCL09,-5.525799999999999,97.05270242008999,2,0,[Cl-].[NH3+]CC[NH3+]
EDAPOQ,-0.10769999999999968,238.05897142,3,4,OC(=O)C=CC(O)=O.NC(=O)c1cccnc1
EDATAR01,-7.321800000000002,210.085186168,4,6,OC(C(O)C(=O)[O-])C(=O)[O-].[NH3+]CC[NH3+]
EDATAR02,-7.321800000000002,210.085186168,4,6,OC(C(O)C(=O)[O-])C(=O)[O-].[NH3+]CC[NH3+]
EDATAR10,-7.321800000000002,210.085186168,4,6,OC(C(O)C(=O)[O-])C(=O)[O-].[NH3+]CC[NH3+]
EDATOS,-1.3340000000000007,267.06553402,3,5,NC1=[NH+]C(=O)NC=C1F.Oc1ccccc1C(=O)[O-]
EDAXIQ02,-1.6986999999999963,281.0899372,3,4,OC(=O)C=CC(=O)[O-].[NH3+]C(Cc1ccccc1)C(O)=O
EDAXIQ03,-1.6986999999999963,281.0899372,3,4,OC(=O)C=CC(=O)[O-].[NH3+]C(Cc1ccccc1)C(O)=O
EDAXIQ05,-1.6986999999999963,281.0899372,3,4,OC(=O)C=CC(=O)[O-].[NH3+]C(Cc1ccccc1)C(O)=O
EDENUA,2.654580000000001,425.050251552,1,7,CN1C(=O)NN=C1CN1C=CC(=C(Oc2cc(Cl)cc(c2)C#N)C1=O)C(F)(F)F
EDODUZ,3.466880000000002,329.199093724,2,4,CC12CCC3C(CCC45OC4C(=C(CC35C)C#N)O)C1CCC2O
EDOHOU,-5.8812000000000015,274.15898526418,4,6,O=N(=O)[O-].O=N(=O)[O-].[NH3+]CC[NH2+]CC[NH2+]CC[NH3+]
EDOLAK,-7.565700000000007,264.14564370818,4,4,O=S(=O)([O-])[O-].O.[NH3+]CC[NH2+]CC[NH2+]CC[NH3+]
EDOLAK01,-7.565700000000007,264.14564370818,4,4,O=S(=O)([O-])[O-].O.[NH3+]CC[NH2+]CC[NH2+]CC[NH3+]
EDTAXX01,-7.574800000000003,292.09066547199996,4,6,OC(=O)C[NH+](CC[NH+](CC(O)=O)CC(=O)[O-])CC(=O)[O-]
EDTAXX02,-7.574800000000003,292.09066547199996,4,6,OC(=O)C[NH+](CC[NH+](CC(O)=O)CC(=O)[O-])CC(=O)[O-]
EFAMIH,-14.391600000000002,369.0177868679999,3,6,[NH3+]CCC(O)(P(O)(=O)[O-])P(=O)([O-])[O-].[Na+].[Na+].O.O.O.O.O
EFAPUY,0.6566000000000001,277.046548164,3,6,COc1cc(Cl)nc(N)n1.OC(=O)CCC(O)=O
EFASAH,-3.214999999999994,321.11317117999994,3,3,[Cl-].C[NH+]1CCC23C4Oc5c(O)ccc(CC1C2C=CC4O)c35
EFASOV,-0.1301000000000001,313.046548164,1,5,Clc1cc(ccc1C(=O)[O-])N(=O)=O.Nc1cc[nH+]cc1.O
EFEDIG,1.7778200000000004,450.1725616919999,3,7,C[NH+]1CCN(CC1)C1=Nc2ccccc2NC2=C1C=C(C)S2.Oc1ccccc1C(=O)[O-]
EFEMUX01,2.0097999999999994,255.00785058399998,2,5,Nc1nnc(c(N)n1)c1cccc(Cl)c1Cl
EFEMUX02,2.0097999999999994,255.00785058399998,2,5,Nc1nnc(c(N)n1)c1cccc(Cl)c1Cl
EFOBUX,-4.2441,174.061371432,3,5,O=N(=O)c1nn[n-]n1.NC(N)=[NH2+]
EFOLIX,-12.465800000000009,396.911231876,3,2,C1[NH+]2CN3C[NH+]1CN(C2)C3.[NH4+].[Br-].[Br-].[Br-]
EFOXEC,1.8170000000000002,282.138481226,0,2,C1CC[P+]2(C1)CCCC2.O=C([O-])c1ccccc1.O
EFUCAL,1.7180199999999994,281.10519334,1,3,Cc1[nH+]c2ccccc2cc1.Oc1ccccc1C(=O)[O-]
EFUNOJ,-2.627699999999999,229.069870452,3,5,NC1=CC=[NH+]C(=O)N1.OC(=O)CCC(=O)[O-]
EFUNOJ01,-4.036099999999999,229.069870452,4,4,OC(=O)CCC(=O)[O-].[NH2+]=C1NC(=O)NC=C1
EGENIP,-0.7757999999999987,420.0077371960001,4,8,NS(=O)(=O)c1cc2c(NCNS2(=O)=O)cc1Cl.NC(=O)c1cnccn1
EGENIP01,-0.7757999999999987,420.0077371960001,4,8,NS(=O)(=O)c1cc2c(NCNS2(=O)=O)cc1Cl.NC(=O)c1cnccn1
EGENIP02,-0.7757999999999987,420.0077371960001,4,8,NS(=O)(=O)c1cc2c(NCNS2(=O)=O)cc1Cl.NC(=O)c1cnccn1
EGENUB,1.9105,481.0645238000001,3,7,NS(=O)(=O)c1cc2c(NCNS2(=O)=O)cc1Cl.C(Cc1ccncc1)c1ccncc1
EGINEP,0.3788000000000001,416.23112212399997,1,6,CN1CCC23C4Oc5c(OCCN6CCOCC6)ccc(CC1C2C=CC4O)c35.O
EGIQAO,1.5815,275.07937251600003,4,4,NC(=O)c1ccccc1O.OC(=O)c1ccc(O)cc1
EGOHAN,-12.238100000000008,395.1299390318199,4,8,O=C([O-])C=CC(=O)[O-].CN(C)C(=[NH2+])NC(N)=[NH2+].O.O.O=C([O-])C=CC(=O)[O-]
EGOHER,-3.4384999999999977,295.164439532,3,2,O=C([O-])C=Cc1ccccc1.CN(C)C(N)=NC(N)=[NH2+].O
EGOKOC,-5.489899999999997,247.072368988,3,4,[Cl-].[NH2+]=C1NC(=O)N(C=C1)C1CCC(CO)O1
EGOKOC01,-5.489899999999997,247.072368988,3,4,[Cl-].[NH2+]=C1NC(=O)N(C=C1)C1CCC(CO)O1
EGUJEV,-7.909100000000006,290.16129377218,4,4,O=S(=O)([O-])[O-].[NH2+]1CC[NH2+]CC1.[NH2+]1CC[NH2+]CC1.O
EGUJEV01,-7.9091000000000085,290.16129377218,4,4,O=S(=O)([O-])[O-].O.[NH2+]1CC[NH2+]CC1.[NH2+]1CC[NH2+]CC1
EGUJEV02,-7.9091000000000085,290.16129377218,4,4,O=S(=O)([O-])[O-].O.[NH2+]1CC[NH2+]CC1.[NH2+]1CC[NH2+]CC1
EGUMUS,-0.9969799999999989,291.13313940399996,2,7,CN(C)c1nc(C)[nH+]c(N)n1.Oc1ccccc1C(=O)[O-]
EGUVAD,-4.414399999999998,306.081163408,2,7,O=C([O-])c1cc(cc(c1[O-])N(=O)=O)N(=O)=O.[NH3+]CC[NH3+].O
EHAGAZ,1.5883999999999996,379.17835828,2,4,COc1ccc2cc(ccc2c1)C(C)C(=O)[O-].[NH3+]C1C(O)Cc2ccccc12
EHAGED,1.5883999999999996,379.17835828,2,4,COc1ccc2cc(ccc2c1)C(C)C(=O)[O-].[NH3+]C1C(O)Cc2ccccc12
EHAGED01,1.5883999999999996,379.17835828,2,4,COc1ccc2cc(ccc2c1)C(C)C(=O)[O-].[NH3+]C1C(O)Cc2ccccc12
EHEGEG,-2.9649999999999945,264.204907376,2,4,[NH3+]CC[NH3+].CC(C)(C)C(=O)[O-].CC(C)(C)C(=O)[O-]
EHIPUJ,-0.4858999999999995,314.04946983991005,3,5,C[N+](C)(C)CCO.S=C([S-])NCCNC(=S)[S-]
EHIQAQ,0.9890000000000001,264.133005388,1,3,S=C([S-])N1CCCCC1.C[N+](C)(C)CCO
EHIQIY,-4.405699999999996,336.1088140719999,2,7,CC[NH+](CC)CCOC(=O)c1ccc(N)cc1.O=[Cl](=O)(=O)[O-]
EHIWEZ,-2.979499999999997,288.092393224,3,3,CNC(NCCSCC1=C(C)NC=[NH+]1)=NC#N.[Cl-]
EHOXAA,-0.1003999999999996,423.16126424399994,1,4,[Cl-].Fc1ccc(cc1)C1CC[NH2+]CC1COc1ccc2OCOc2c1.CC(C)=O
EHOXEE,-1.5203999999999989,383.12996411599994,1,3,[Cl-].Fc1ccc(cc1)C1CC[NH2+]CC1COc1ccc2OCOc2c1.O
EJADUQ,-1.1148999999999996,354.07847804000005,4,8,O=N(=O)c1cc(c([N-]C2=NNC=N2)c(c1)N(=O)=O)N(=O)=O.NC(N)=[NH2+]
EJEQAL,4.585600000000005,418.2719243159999,1,5,CCC(C)(C)C(=O)OC1CC(C)C=C2C=CC(C)C(CCC3CC(O)CC(=O)O3)C12
EJEQAL02,4.585600000000005,418.2719243159999,1,5,CCC(C)(C)C(=O)OC1CC(C)C=C2C=CC(C)C(CCC3CC(O)CC(=O)O3)C12
EJEQAL06,4.585600000000005,418.2719243159999,1,5,CCC(C)(C)C(=O)OC1CC(C)C=C2C=CC(C)C(CCC3CC(O)CC(=O)O3)C12
EJEQAL07,4.585600000000005,418.2719243159999,1,5,CCC(C)(C)C(=O)OC1CC(C)C=C2C=CC(C)C(CCC3CC(O)CC(=O)O3)C12
EJEQAL08,4.585600000000005,418.2719243159999,1,5,CCC(C)(C)C(=O)OC1CC(C)C=C2C=CC(C)C(CCC3CC(O)CC(=O)O3)C12
EJEVIA,1.2062799999999996,322.04189894000007,4,6,O.S=C1NC=NC2=C1N=CN2.S=C1NC=NC2=C1N=CN2
EJEZAX,-0.1646999999999998,266.112269944,1,4,S=C([S-])N1CCOCC1.C[N+](C)(C)CCO
EJEZIF,-0.06820000000000048,157.085126592,2,4,CC(=O)NO.CN1C=CN=C1
EJOKAR,3.1167000000000016,458.22055744000005,2,4,O=C([O-])c1ccccc1.OC(=O)c1ccccc1.C[NH+](C)c1cccc2cccc(N(C)C)c12
EJOKAR01,3.1167000000000016,458.22055744000005,2,4,O=C([O-])c1ccccc1.OC(=O)c1ccccc1.C[NH+](C)c1cccc2cccc(N(C)C)c12
EJOKAR02,3.1167000000000016,458.22055744000005,2,4,O=C([O-])c1ccccc1.OC(=O)c1ccccc1.C[NH+](C)c1cccc2cccc(N(C)C)c12
EJUFOI,1.6574999999999998,388.0340771119999,3,7,NC1=[NH+]c2ccc(OC(F)(F)F)cc2S1.Oc1ccc(c(O)c1)C(=O)[O-]
EKECOM08,1.6466999999999998,356.24235550399993,2,6,C1N2CN3CN1CN(C2)C3.OC(=O)CCCCCCCCCC(O)=O
EKELAL,1.4341999999999997,453.19394692009,2,3,Clc1ccc(cc1)C1CCC(CC1)C1=C([O-])C(=O)c2ccccc2C1=O.[NH2+]1CC[NH2+]CC1
EKEPEP,-1.5399999999999987,210.0640568,2,4,OC(=O)C=CC(=O)[O-].Nc1cc[nH+]cc1
EKEPEP01,-1.5399999999999987,210.0640568,2,4,OC(=O)C=CC(=O)[O-].Nc1cc[nH+]cc1
EKEPEP02,-1.5399999999999987,210.0640568,2,4,OC(=O)C=CC(=O)[O-].Nc1cc[nH+]cc1
EKESAQ,0.7986,156.042258736,3,3,Oc1ccc(O)cc1.OC=O
EKESAQ01,1.0977999999999999,110.036779432,2,2,Oc1ccc(O)cc1
EKESAQ02,1.0977999999999999,110.036779432,2,2,Oc1ccc(O)cc1
EKESAQ03,1.0977999999999999,110.036779432,2,2,Oc1ccc(O)cc1
EKESEU,1.0977999999999999,110.036779432,2,2,Oc1ccc(O)cc1
EKESIY01,1.0977999999999999,110.036779432,2,2,Oc1ccc(O)cc1
EKESIY02,1.0977999999999999,110.036779432,2,2,Oc1ccc(O)cc1
EKESIY04,1.0977999999999999,110.036779432,2,2,Oc1ccc(O)cc1
EKESIY05,1.0977999999999999,110.036779432,2,2,Oc1ccc(O)cc1
EKESIY06,1.0977999999999999,110.036779432,2,2,Oc1ccc(O)cc1
EKESIY07,1.0977999999999999,110.036779432,2,2,Oc1ccc(O)cc1
EKESIY08,1.0977999999999999,110.036779432,2,2,Oc1ccc(O)cc1
EKESIY09,1.0977999999999999,110.036779432,2,2,Oc1ccc(O)cc1
EKESIY10,1.0977999999999999,110.036779432,2,2,Oc1ccc(O)cc1
EKOZIQ,1.6705,286.095356928,3,4,NC(=O)c1cccnc1.OC(=O)C=Cc1ccc(O)cc1
ELEPOE,2.6233000000000004,403.09797702,3,5,NC(=O)c1cnccn1.OC(=O)c1cccc(F)c1.OC(=O)c1cccc(F)c1
ELEPUK,1.2385,281.061197588,2,4,NC(=O)c1cnccn1.OC(=O)c1ccc(F)c(F)c1
ELEQAR,1.6558,335.032932152,2,4,NC(=O)c1cnccn1.OC(=O)c1c(F)c(F)c(F)c(F)c1F
ELEVOG,2.2230200000000013,362.17764707199996,2,6,CN1CCN(CC1)C1=Nc2ccccc2NC2=C1C=C(C)S2.CO.O
ELIZAC,3.1965600000000016,434.20279919999996,1,4,Cc1ccc(Sc2ccccc2N2CC[NH2+]CC2)c(C)c1.Cc1ccc(cc1)C(=O)[O-]
ELIZEG,2.7963400000000007,465.17222734399996,1,6,Cc1ccc(Sc2ccccc2N2CC[NH2+]CC2)c(C)c1.O=C([O-])c1ccc(cc1)N(=O)=O
ELIZIK,2.47034,435.198048168,2,5,Cc1ccc(Sc2ccccc2N2CC[NH2+]CC2)c(C)c1.Nc1ccc(cc1)C(=O)[O-]
ELOPOM,4.584800000000001,425.99563122399996,3,7,NC1=NC=CS1.Oc1ccc(Cl)cc1C(=O)Nc1ccc(cc1Cl)N(=O)=O
ELOPUS,3.3511000000000006,385.023225876,3,5,Oc1ccc(Cl)cc1C(=O)Nc1ccc(cc1Cl)N(=O)=O.CC(N)=O
ELOPUS01,3.3511000000000006,385.02322587599997,3,5,CC(N)=O.Oc1ccc(Cl)cc1C(=O)Nc1ccc(cc1Cl)N(=O)=O
ELOQIH,3.056300000000001,394.023560224,2,4,N1C=[NH+]C=C1.Clc1ccc([O-])c(c1)C(=O)Nc1ccc(cc1Cl)N(=O)=O
ELOVAE,1.6302999999999999,285.136493468,1,4,CN1CCC23C4CCC(=O)C2Oc2c(O)ccc(CC14)c32
ELOVAE01,1.6302999999999999,285.136493468,1,4,CN1CCC23C4CCC(=O)C2Oc2c(O)ccc(CC14)c32
ELUZUG,-0.9156000000000009,264.04961267391,4,3,[NH3+]C(CO)(CO)CO.F[Si-2](F)(F)(F)(F)F
EMAKIM,-8.544800000000002,461.96667577999995,2,8,[OH2][Li]1([OH2])O[Se](=O)(=O)[O-][Li]([OH2])([OH2])O[Se](=O)(=O)[O-]1.[NH2+]1CC[NH2+]CC1
EMAVOG,4.558300000000004,373.99932284000005,1,2,CN(Cc1cc(Br)cc(Br)c1N)C1CCCCC1
EMAVOG01,4.558300000000004,373.99932284000005,1,2,CN(Cc1cc(Br)cc(Br)c1N)C1CCCCC1
EMAVOG02,4.558300000000004,373.99932284000005,1,2,CN(Cc1cc(Br)cc(Br)c1N)C1CCCCC1
EMAVUM,1.5183,490.0102814479999,3,4,C[NH+](Cc1cc(Br)cc(Br)c1N)C1CCCCC1.OC(=O)C=CC(=O)[O-]
EMINUJ,-2.9705999999999984,235.03604490391,1,5,O=C1C(=O)C(=C1[O-])[O-].NC(=O)c1c[nH+]ccc1
EMUFID,-5.209399999999997,218.95647628,3,2,[Br-].[NH3+]C(CS)C(O)=O.O
EMUMOQ,-3.039399999999998,241.142641468,3,4,Nc1ccc(cc1)C(=O)[O-].[NH2+]1CCNCC1.O
EMUZAQ,-6.228599999999994,376.1594137279999,2,6,Nc1cc[n+](cc1)C(CC(=O)[O-])C(=O)[O-].Nc1cc[nH+]cc1.O.O.O.O
EMUZEU,-6.228599999999994,376.1594137279999,2,6,Nc1cc[n+](cc1)C(CC(=O)[O-])C(=O)[O-].Nc1cc[nH+]cc1.O.O.O.O
ENAGIK,3.8203000000000014,339.092914404,2,3,O=S(c1ccccc1)c1ccccc1.Nc1ccc(cc1)C(O)=O
ENAYAV,2.2095000000000002,327.219829168,1,2,[NH3+]CCc1ccccc1.CC(C)Cc1ccc(cc1)C(C)C(=O)[O-]
ENAYEZ,1.9150999999999996,343.214743788,2,3,CC(C)Cc1ccc(cc1)C(C)C(=O)[O-].[NH3+]CCc1ccc(O)cc1
ENAYID,2.6908000000000003,366.2307282,2,2,CC(C)Cc1ccc(cc1)C(C)C(=O)[O-].[NH3+]CCC1=CNc2ccccc12
ENDABR,-5.525799999999999,141.00218684009,2,0,[Br-].[NH3+]CC[NH3+]
ENDABR01,-5.5257999999999985,141.00218684009,2,0,[NH3+]CC[NH3+].[Br-]
ENEBOQ,-5.547799999999996,291.073431608,4,7,[Cl-].NC1=NC2=C([NH+]=CN2COC(CO)CO)C(=O)N1
ENEBUW,-4.4449999999999985,309.128447948,4,8,NC1=NC2=C(N=CN2COC(CO)CO)C(=O)N1.O.O.O
ENECAD,-2.7956,273.10731858,4,8,O.NC1=NC2=C(N=CN2COC(CO)CO)C(=O)N1
ENIBUZ,2.2768200000000003,483.0770066319999,4,8,CN1C(=C(O)c2ccccc2S1(=O)=O)C(=O)NC1=NC=C(C)S1.OC(=O)CCCC(O)=O
ENICEK,3.041320000000002,489.0664419479999,4,8,CN1C(=C(O)c2ccccc2S1(=O)=O)C(=O)NC1=NC=C(C)S1.OC(=O)c1ccccc1O
ENICIO,1.6627200000000004,467.0457065039999,4,8,CN1C(=C(O)c2ccccc2S1(=O)=O)C(=O)NC1=NC=C(C)S1.OC(=O)C=CC(O)=O
ENICOU,1.8867200000000004,469.0613565679999,4,8,CN1C(=C(O)c2ccccc2S1(=O)=O)C(=O)NC1=NC=C(C)S1.OC(=O)CCC(O)=O
ENICOU01,1.8867200000000004,469.0613565679999,4,8,CN1C(=C(O)c2ccccc2S1(=O)=O)C(=O)NC1=NC=C(C)S1.OC(=O)CCC(O)=O
ENOBEP,-0.3131999999999995,181.11027872,1,2,O=C([O-])c1ccccc1.[NH3+]C(C)C
ENOBUF,3.198100000000001,352.15433460408997,3,2,OC(=O)c1ccccc1.[NH3+]Cc1ccccc1.OC(=O)c1ccccc1
ENOCAM,2.1602999999999994,302.13868454009,3,2,OC(=O)c1ccccc1.[NH3+]C1CC1.OC(=O)c1ccccc1
EPAFOT,-3.0203000000000007,186.07260481199998,3,6,[O-]N1N=NN=C1N=[N+]=[N-].NC(N)=[NH2+]
EPEDUZ,-0.01889999999999925,223.157228912,1,2,O=C([O-])c1ccccc1.CC[NH+](CC)CC
EPEMUK,-6.428199999999997,421.09713976399996,3,3,[Cl-].[Cl-].OC(=O)c1c[n+](C2CC2)c2cc(N3CC[NH2+]CC3)c(F)cc2c1O.O
EPHDHP,-1.2588999999999997,263.092259306,4,3,C[NH2+]C(C)C(O)c1ccccc1.OP(O)(=O)[O-]
EPHDHP01,-1.2588999999999997,263.092259306,4,3,C[NH2+]C(C)C(O)c1ccccc1.OP(O)(=O)[O-]
EPHECL,-2.6942999999999975,201.092041812,2,1,C[NH2+]C(C)C(O)c1ccccc1.[Cl-]
EPHECL01,-2.6942999999999966,201.092041812,2,1,[Cl-].C[NH2+]C(C)C(O)c1ccccc1
EPHECL02,-2.6942999999999975,201.092041812,2,1,C[NH2+]C(C)C(O)c1ccccc1.[Cl-]
EPHECL05,-2.6942999999999966,201.092041812,2,1,[Cl-].C[NH2+]C(C)C(O)c1ccccc1
EPHEDH04,0.5031999999999996,183.125928784,2,2,CNC(C)C(O)c1ccccc1.O
EPHEDR01,1.3278999999999999,165.1153641,2,2,CNC(C)C(O)c1ccccc1
EPHPMO,0.5378999999999994,218.105527688,2,2,CCC1(C(=O)NCNC1=O)c1ccccc1
EPHPMO01,0.5378999999999994,218.105527688,2,2,CCC1(C(=O)NCNC1=O)c1ccccc1
EPUDEA,2.1218999999999997,316.03814766799997,2,3,CCC1(C(=O)NC(=O)NC1=O)c1ccccc1.ClCCl
EPUDIE,0.7335999999999996,320.13722174,2,5,CCC1(C(=O)NC(=O)NC1=O)c1ccccc1.C1COCCO1
EPUDOK,0.7668000000000006,408.1896512359999,2,7,CCC1(C(=O)NC(=O)NC1=O)c1ccccc1.C1COCCO1.C1COCCO1
EPUGAA,-2.127,176.025563116,2,5,NC1=[NH+]C=CS1.OCC(=O)[O-]
EQONOP,-2.1146999999999943,400.18456585599984,4,7,CCN(C)C(=O)Oc1cccc(c1)C(C)[NH+](C)C.OC(C(O)C(=O)[O-])C(O)=O
EQOPOP,2.4255000000000004,284.198759376,3,3,CC1(O)C2CCC3CC1CC(C2)C3(C)O.CCC(O)=O
EQOPUV,3.3293000000000017,332.198759376,3,3,CC1(O)C2CCC3CC1CC(C2)C3(C)O.OC(=O)c1ccccc1
EQUTIV,-8.058600000000004,291.04614798391003,3,7,O=N(=O)[O-].O=[Cl](=O)(=O)[O-].CN(C)C(N)=NC(N)=[NH2+]
ERAVAU,-1.389999999999999,349.07976643999996,4,8,O=C([O-])c1[nH+]ccc2ccccc12.OCC(O)C1OC(=O)C(=C1O)O
ERAVEY,-2.7970999999999995,250.944326432,1,1,OC(=O)c1c[nH+]ccc1.[I-]
EREFUE,1.1799000000000024,469.1880674359999,1,6,CN1C(=O)N(C)C2=C(N=C(Cl)[N-]2)C1=O.C[NH+](C)CCOC(c1ccccc1)c1ccccc1
EREFUF,-6.3869,230.09881955999998,4,7,NC1=NN=C2N=NC(=O)[N-]N12.O.NC(N)=[NH2+]
EROBEV,-0.12380000000000019,342.08632903999995,4,5,FC1=CNC(=O)NC1=O.COc1cc(C=CC(O)=O)ccc1O.O
EROSIO,0.9348999999999998,333.11317118,2,3,OC1(CC[NH2+]CC1)c1ccc(Cl)cc1.O=C([O-])c1ccccc1
ERUQOX,-3.122099999999998,431.1417286619999,4,8,OP(O)(O)=O.C1N2CN3CN1CN(C2)C3.Oc1ccc(cc1)N(=O)=O.O.O.O
ESAVOL,-1.290999999999998,416.0921184520001,4,7,NS(=O)(=O)c1cc(C(=O)[O-])c(NCC2=CC=CO2)cc1Cl.[NH2+]1CCNCC1
ESAVUR,1.9214999999999998,476.1132478200002,4,7,O.NS(=O)(=O)c1cc(C(O)=O)c(NCC2=CC=CO2)cc1Cl.NC(=O)c1ccccn1.[H].[H].[H].[H].[H].[H]
ESAWAY,3.6009800000000025,466.1077685160001,3,7,NS(=O)(=O)c1cc(C(O)=O)c(NCC2=CC=CO2)cc1Cl.Cc1nc(C)c(C)nc1C
ESAWUS,4.194140000000002,436.085970452,3,5,Cc1ccc(C)cc1.NS(=O)(=O)c1cc(C(O)=O)c(NCC2=CC=CO2)cc1Cl
ESAXAZ,-2.317199999999997,417.09939490409005,4,6,NS(=O)(=O)c1cc(C(=O)[O-])c(NCC2=CC=CO2)cc1Cl.[NH2+]1CC[NH2+]CC1
ESCAHB10,-2.2986999999999975,245.982631452,1,1,[Br-].CCc1[nH+]ccc(c1)C(N)=S
ESOURE10,2.6329999999999996,332.209992756,4,3,CC12CCC3C(CCc4cc(O)ccc34)C1CCC2O.NC(N)=O
ESOURE11,2.6329999999999996,332.209992756,4,3,CC12CCC3C(CCc4cc(O)ccc34)C1CCC2O.NC(N)=O
ESOURE12,2.6329999999999996,332.209992756,4,3,CC12CCC3C(CCc4cc(O)ccc34)C1CCC2O.NC(N)=O
ESTDOL10,2.7845000000000026,290.18819469199997,2,2,CC12CCC3C(CCc4cc(O)ccc34)C1CCC2O.O
ESTDOL12,2.7845000000000026,290.18819469199997,2,2,CC12CCC3C(CCc4cc(O)ccc34)C1CCC2O.O
ESTDOL13,2.7845000000000026,290.18819469199997,2,2,CC12CCC3C(CCc4cc(O)ccc34)C1CCC2O.O
ESTDOL14,2.7845000000000026,290.18819469199997,2,2,CC12CCC3C(CCc4cc(O)ccc34)C1CCC2O.O
ESTILE10,4.827200000000006,314.18819469199997,3,3,CCC(c1ccc(O)cc1)=C(CC)c1ccc(O)cc1.CCO
ESTILO01,4.828600000000004,268.14632988,2,2,CCC(c1ccc(O)cc1)=C(CC)c1ccc(O)cc1
ESTILO02,4.828600000000004,268.14632988,2,2,CCC(c1ccc(O)cc1)=C(CC)c1ccc(O)cc1
ESTILO03,4.828600000000004,268.14632988,2,2,CCC(c1ccc(O)cc1)=C(CC)c1ccc(O)cc1
ESTRDP,3.9979000000000036,332.23514488399996,3,3,CC12CCC3C(CCc4cc(O)ccc34)C1CCC2O.CCCO
ESTRDP01,3.9979000000000036,332.23514488399996,3,3,CC12CCC3C(CCc4cc(O)ccc34)C1CCC2O.CCCO
ESTRON03,3.817400000000003,270.161979944,1,2,CC12CCC3C(CCc4cc(O)ccc34)C1CCC2=O
ESTRON10,3.817400000000003,270.161979944,1,2,CC12CCC3C(CCc4cc(O)ccc34)C1CCC2=O
ESTRON11,3.817400000000003,270.161979944,1,2,CC12CCC3C(CCc4cc(O)ccc34)C1CCC2=O
ESTRON13,3.817400000000003,270.161979944,1,2,CC12CCC3C(CCc4cc(O)ccc34)C1CCC2=O
ESTRON14,3.817400000000003,270.161979944,1,2,CC12CCC3C(CCc4cc(O)ccc34)C1CCC2=O
ETATOL,3.855000000000002,436.10929273999994,4,7,CCc1cc(ccn1)C(N)=S.Oc1cc2OC(=CC(=O)c2c(O)c1O)c1ccccc1
ETBBAR01,1.878,424.232184744,4,6,CCCCC1(CC)C(=O)NC(=O)NC1=O.CCCCC1(CC)C(=O)NC(=O)NC1=O
ETBBAR02,0.9389999999999998,212.116092372,2,3,CCCCC1(CC)C(=O)NC(=O)NC1=O
ETBZCL,-3.0726999999999958,271.145140004,3,2,[Cl-].CC[NH+](CC)CCNC(=O)c1ccc(N)cc1
ETBZCL01,-3.0726999999999958,271.145140004,3,2,[Cl-].CC[NH+](CC)CCNC(=O)c1ccc(N)cc1
ETCPHC10,-2.2986999999999975,202.033147032,1,1,[Cl-].CCc1[nH+]ccc(c1)C(N)=S
ETCYPY,1.2782,166.05646932,1,2,CCc1cc(ccn1)C(N)=S
ETCYPY01,1.2782,166.05646932,1,2,CCc1cc(ccn1)C(N)=S
ETDAMS,-3.867799999999998,158.0361278,2,4,[NH3+]CC[NH3+].O=S(=O)([O-])[O-]
ETDAMS01,-3.867799999999999,158.0361278,2,4,O=S(=O)([O-])[O-].[NH3+]CC[NH3+]
ETDAMS02,-3.867799999999999,158.0361278,2,4,O=S(=O)([O-])[O-].[NH3+]CC[NH3+]
ETDAMS04,-3.867799999999999,158.0361278,2,4,O=S(=O)([O-])[O-].[NH3+]CC[NH3+]
ETDAMS05,-3.867799999999999,158.0361278,2,4,O=S(=O)([O-])[O-].[NH3+]CC[NH3+]
ETDIAM01,-1.0962,60.06874825599999,2,2,NCCN
ETDIAM10,-1.0962,60.06874825599999,2,2,NCCN
ETDIAM11,-1.0962,60.06874825599999,2,2,NCCN
ETDIAM12,-1.0962,60.06874825599999,2,2,NCCN
ETDIAM13,-1.0962,60.06874825599999,2,2,NCCN
ETDIAM14,-1.0962,60.06874825599999,2,2,NCCN
ETDIAM15,-1.0962,60.06874825599999,2,2,NCCN
ETDIAM16,-1.0962,60.06874825599999,2,2,NCCN
ETDIAM17,-2.1923999999999984,120.13749651199998,4,4,NCCN.NCCN
ETDIAM18,-1.0962,60.06874825599999,2,2,NCCN
ETDIAM19,-1.0962,60.06874825599999,2,2,NCCN
ETDIAM20,-1.0962,60.06874825599999,2,2,NCCN
ETEXIK06,2.01,273.08234972,1,2,NC(=O)CS(=O)C(c1ccccc1)c1ccccc1
ETEXIK07,2.01,273.08234972,1,2,NC(=O)CS(=O)C(c1ccccc1)c1ccccc1
ETEYOR,-3.560599999999998,235.069201756,4,5,[NH3+]C(C(C)O)C(O)=O.OC(=O)C=CC(=O)[O-]
ETHDPH05,-2.5461000000000005,223.98509054000002,4,4,CC(O)(P(O)(O)=O)P(O)(=O)[O-].[OH3+]
ETHUSS,3.6212000000000026,296.05093264,0,4,CCN(CC)C(=S)SSC(=S)N(CC)CC
ETHUSS01,3.6212000000000026,296.05093264,0,4,CCN(CC)C(=S)SSC(=S)N(CC)CC
ETHUSS02,3.6212000000000026,296.05093264,0,4,CCN(CC)C(=S)SSC(=S)N(CC)CC
ETHUSS03,3.6212000000000026,296.05093264,0,4,CCN(CC)C(=S)SSC(=S)N(CC)CC
ETHUSS05,3.6212000000000026,296.05093264,0,4,CCN(CC)C(=S)SSC(=S)N(CC)CC
ETITEG,-1.4947999999999961,413.1620565839999,4,5,CNS(=O)(=O)Cc1ccc2NC=C(CC[NH+](C)C)c2c1.OC(=O)CCC(=O)[O-]
ETIVUY,-6.059499999999998,209.027607484,3,0,[Br-].CN(C)C(=[NH2+])N=C(N)N
ETOMNA,-7.7267,298.99943562000004,3,4,OCCN(CCO)CCO.[I-].[Na+]
ETONIM,3.077400000000001,406.15287180400003,3,6,Oc1ccc(C=CC(=O)OCCc2ccccc2)cc1O.NC(=O)c1cccnc1
ETOSRN,-2.3545999999999982,298.99807472009,3,7,OCCN(CCO)CCO.O=N(=O)[O-].[Sr+2]
ETPRGN,4.869700000000005,310.22966558,1,1,CCC12CC(=C)C3C(CCC4=CCCCC34)C1CCC2(O)C#C
ETSTIL01,4.437100000000005,300.17254462799997,3,3,CCC(c1ccc(O)cc1)=C(CC)c1ccc(O)cc1.CO
ETSTIL10,3.6124000000000045,318.18310931199994,3,3,CCC(c1ccc(O)cc1)=C(CC)c1ccc(O)cc1.CO.O
EVAFUD,2.892400000000001,413.19909372399997,2,3,C[NH+](C)CCC=C1c2ccccc2C=Cc2ccccc12.Oc1ccccc1C(=O)[O-]
EVAZIM,-4.807699999999993,350.159019804,2,6,[NH2+]1CC[NH2+]CC1.O=C([O-])c1ccccn1.O=C([O-])c1ccccn1.O
EVAZIM01,-4.807699999999996,350.15901980399997,2,6,O=C([O-])c1ccccn1.O=C([O-])c1ccccn1.[NH2+]1CC[NH2+]CC1.O
EVERUT,-3.084699999999999,184.10805310809,2,3,O=C([O-])c1cccnc1.[NH3+]CC[NH3+]
EVEYAH,-0.8591999999999989,302.112738308,2,7,CN1C(=O)N(C)C2=C(NC=N2)C1=O.NC(=O)c1ccncc1
EVIJAU,-6.869500000000002,327.01502486781993,3,8,[NH3+]CCCC([NH3+])C(O)=O.[Cl-].O=N(=O)[O-].O=S(=O)([O-])[O-]
EVOJIJ,2.337400000000001,244.073558864,2,4,COc1ccc(c(O)c1)C(=O)c1ccccc1O
EWALIA,0.9426000000000001,398.16641369199994,2,5,C1CC2CC[NH+]1CC2CN1c2ccccc2Sc2ccccc12.OCC(=O)[O-]
EWALIA01,0.9426000000000001,398.16641369199994,2,5,C1CC2CC[NH+]1CC2CN1c2ccccc2Sc2ccccc12.OCC(=O)[O-]
EWANEW,0.38642000000000004,264.15862588,2,6,C1N2CN3CN1CN(C2)C3.Cc1cc(O)cc(O)c1
EWAPAV,-2.530499999999998,270.113505528,1,1,Nc1c2CCCCc2[nH+]c2ccccc12.[Cl-].O.O
EWAQOJ,0.5854199999999995,210.136827816,4,4,Cc1cc(O)cc(O)c1.C1CNCCN1
EWAXUX,-3.3245599999999946,467.2090067759999,2,6,Cc1ccc(Sc2ccccc2N2CC[NH2+]CC2)c(C)c1.[NH3+]C(CC(=O)[O-])C(=O)[O-].O.O
EWAYAE,1.7690399999999995,454.1926284399999,2,5,Cc1ccc(Sc2ccccc2N2CC[NH2+]CC2)c(C)c1.Oc1ccc(cc1)C(=O)[O-].O
EWAYEI,2.5937400000000004,436.18206375599993,2,5,Cc1ccc(Sc2ccccc2N2CC[NH2+]CC2)c(C)c1.Oc1ccc(cc1)C(=O)[O-]
EWAYIM,3.740840000000002,481.14938372399996,1,5,Cc1ccc(Sc2ccccc2N2CC[NH2+]CC2)c(C)c1.O=C1[N-]S(=O)(=O)c2ccccc12
EWAYOS,-0.15795999999999832,334.12704741600004,1,2,Cc1ccc(Sc2ccccc2N2CC[NH2+]CC2)c(C)c1.[Cl-]
EWAYOS01,-0.15795999999999832,334.12704741600004,1,2,Cc1ccc(Sc2ccccc2N2CC[NH2+]CC2)c(C)c1.[Cl-]
EWAYUY,4.286040000000004,334.127047416,1,3,Cc1ccc(Sc2ccccc2N2CCNCC2)c(C)c1.Cl
EWAYUY01,-0.15795999999999832,334.12704741600004,1,2,Cc1ccc(Sc2ccccc2N2CC[NH2+]CC2)c(C)c1.[Cl-]
EWAZAF,-0.15795999999999832,378.0765318360001,1,2,Cc1ccc(Sc2ccccc2N2CC[NH2+]CC2)c(C)c1.[Br-]
EWAZEJ,4.442140000000005,378.076531836,1,3,Cc1ccc(Sc2ccccc2N2CCNCC2)c(C)c1.Br
EWODUQ,3.029000000000001,409.179026976,3,2,O=C([O-])c1ccccc1.N(C(Nc1ccccc1)=[NH+]c1ccccc1)c1ccccc1
EWOZIZ,-2.0613999999999963,235.105587264,3,4,[NH3+]C(C(C)C)C(=O)[O-].OC(=O)CCC(O)=O
EWUDOP,-3.3588999999999967,448.0407666560001,2,5,[I-].CCN1C=C(C(O)=O)C(=O)c2cc(F)c(nc12)N1CC[NH2+]CC1
EWUHAF,0.014100000000000501,330.990832396,3,5,NS(=O)(=O)c1cc2c(NCNS2(=O)=O)cc1C(F)(F)F
EWUHAF01,0.014100000000000501,330.990832396,3,5,NS(=O)(=O)c1cc2c(NCNS2(=O)=O)cc1C(F)(F)F
EXANEX,4.168040000000002,468.042581416,3,6,OC(=O)c1ccc(Cl)c(Cl)c1.Cc1cc(C)nc(NS(=O)(=O)c2ccc(N)cc2)n1
EXANIB,2.6797400000000007,390.13617618399996,3,6,Cc1cc(C)nc(NS(=O)(=O)c2ccc(N)cc2)n1.CC=CC=CC(O)=O
EXANOH,1.7181199999999996,435.1212543920001,4,8,OC(=O)C=CC(O)=O.Cc1cc(C)nc(NS(=O)(=O)c2ccc(N)cc2)n1.CC#N
EXAQAW,4.327700000000003,403.114376032,3,4,NC(=O)c1cccnc1.OC(=O)c1ccccc1Nc1cccc(c1)C(F)(F)F
EXAQEA,3.7227000000000006,404.10962500000005,3,5,OC(=O)c1cccnc1Nc1cccc(c1)C(F)(F)F.NC(=O)c1cccnc1
EXAQOK,4.1062400000000014,485.20630434400005,4,6,Cc1cccc(Nc2ccccc2C(O)=O)c1C.NC(=O)c1cccnc1.NC(=O)c1cccnc1
EXAQOK01,4.1062400000000014,485.20630434400005,4,6,Cc1cccc(Nc2ccccc2C(O)=O)c1C.NC(=O)c1cccnc1.NC(=O)c1cccnc1
EXEYOW,2.4054200000000003,265.061804304,2,4,Cc1cc(Cl)nc(N)n1.OC(=O)c1ccccc1
EXIGUO,-5.445099999999999,278.08356342,3,8,O=N(=O)OCCN1N=N[N-]C1=NN(=O)=O.NC(N)=[NH2+]
EXIPEH,-4.577199999999998,296.09870473591,4,7,OC(=O)CCC(O)=O.O=C([O-])CCC(=O)[O-].[NH3+]CCO
EXIPEH01,-4.577199999999996,296.09870473590996,4,7,O=C([O-])CCC(=O)[O-].[NH3+]CCO.OC(=O)CCC(O)=O
EXISIQ,-2.415499999999996,227.115758024,3,4,OCC[NH2+]CCO.O=C([O-])c1ccccc1
EXOKUX01,-3.4266999999999976,297.10811268409003,4,4,OC(=O)c1cc(cc(c1)C(=O)[O-])C(O)=O.[NH2+]1CC[NH2+]CC1
EXOQOY,-4.900599999999999,201.074955832,2,4,[NH3+]CCC1=C[NH+]=CN1.O=C([O-])C(=O)[O-]
EXUQAR,-4.7381999999999955,314.12452555990996,4,7,OCC[NH+](CCO)CCO.O=C([O-])c1cccc(c1)C(=O)[O-]
EXUQEV,-4.7381999999999955,314.12452555990996,4,7,O=C([O-])c1ccc(cc1)C(=O)[O-].OCC[NH+](CCO)CCO
EXUQEV01,-4.7381999999999955,314.12452555990996,4,7,OCC[NH+](CCO)CCO.O=C([O-])c1ccc(cc1)C(=O)[O-]
EXUQUJ,-0.7033999999999989,326.12263429599994,2,8,CN1C=NC2=C1C(=O)N(C)C(=O)N2C.OC(=O)CCCC(O)=O
EXUQUJ01,-0.7033999999999989,326.12263429599994,2,8,CN1C=NC2=C1C(=O)N(C)C(=O)N2C.OC(=O)CCCC(O)=O
EXUQUJ04,-0.7033999999999989,326.12263429599994,2,8,CN1C=NC2=C1C(=O)N(C)C(=O)N2C.OC(=O)CCCC(O)=O
EXUQUJ05,-0.7033999999999989,326.12263429599994,2,8,CN1C=NC2=C1C(=O)N(C)C(=O)N2C.OC(=O)CCCC(O)=O
EXUQUJ06,-0.7033999999999989,326.12263429599994,2,8,CN1C=NC2=C1C(=O)N(C)C(=O)N2C.OC(=O)CCCC(O)=O
EXUQUJ07,-0.7033999999999989,326.12263429599994,2,8,CN1C=NC2=C1C(=O)N(C)C(=O)N2C.OC(=O)CCCC(O)=O
EXUQUJ08,-0.7033999999999989,326.12263429599994,2,8,CN1C=NC2=C1C(=O)N(C)C(=O)N2C.OC(=O)CCCC(O)=O
EXUQUJ09,-0.7033999999999989,326.12263429599994,2,8,CN1C=NC2=C1C(=O)N(C)C(=O)N2C.OC(=O)CCCC(O)=O
EXUQUJ10,-0.7033999999999989,326.12263429599994,2,8,CN1C=NC2=C1C(=O)N(C)C(=O)N2C.OC(=O)CCCC(O)=O
EXUQUJ12,-0.7033999999999989,326.12263429599994,2,8,CN1C=NC2=C1C(=O)N(C)C(=O)N2C.OC(=O)CCCC(O)=O
EXUQUJ13,-0.7033999999999989,326.122634296,2,8,OC(=O)CCCC(O)=O.CN1C=NC2=C1C(=O)N(C)C(=O)N2C
EYAYUA,3.6027000000000013,491.24539228400005,2,5,CC1(O)CCC2C3CCC4CC5=C(CC4(C)C3CCC12C)C=[NH+]N5.CC1=CC(=O)[N-]S(=O)(=O)O1
EYEJAW,3.5059000000000013,419.093977024,2,4,O=C1NS(=O)(=O)c2ccccc12.NC(=O)N1c2ccccc2C=Cc2ccccc12
EYIFAW,-1.4359999999999977,334.138953056,4,6,NC(=O)c1cccnc1.NC(=O)c1cccnc1.NC=O.NC=O
EYIQIO,-2.8746,220.952559472,3,2,ClC(Cl)(Cl)C(=O)[O-].NC(N)=[NH2+]
EYIQIO01,-2.8746,220.952559472,3,2,ClC(Cl)(Cl)C(=O)[O-].NC(N)=[NH2+]
EYIWEO,0.5292999999999999,381.05183744000004,3,6,OC(=O)c1cc(ccc1O)S(=O)(=O)[O-].Oc1cccc2ccc[nH+]c12.O
EYIYIU,1.5324,318.06742792800003,2,5,Nc1ccccc1S(=O)(=O)[O-].Oc1cccc2ccc[nH+]c12
EYOJUZ,-2.1388,228.085854864,3,8,NC1=NC(=O)N(C=N1)C1CC(O)C(CO)O1
EYOJUZ01,-2.1388,228.085854864,3,8,NC1=NC(=O)N(C=N1)C1CC(O)C(CO)O1
EYOLOU,1.5974,294.11668245199996,3,3,C1CNCCN1.OC(CC=C)(C(F)(F)F)C(F)(F)F
EYUGAI,2.88,378.12157167600003,4,6,Oc1ccc(cc1)C=CC(=O)c1ccc(O)cc1O.NC(=O)c1cccnc1
EYULUG,-3.7579999999999956,294.179086552,2,6,[NH3+]CCCC(=O)[O-].[NH3+]CCCC(=O)[O-].CC1OOC1C
EYURIC,0.5105999999999999,295.06044864,4,6,NC(=O)c1nc(F)cnc1O.OC(=O)c1ccc(O)cc1
EYURIC01,0.5105999999999999,295.06044864,4,6,NC(=O)c1nc(F)cnc1O.OC(=O)c1ccc(O)cc1
EYUROI,0.9187999999999998,351.0866633879999,4,7,NC(=O)c1nc(F)cnc1O.COc1cc(C=CC(O)=O)ccc1O
EYUSEZ,0.38719999999999954,294.07643305199997,4,6,NC(=O)c1nc(F)cnc1O.Nc1ccc(cc1)C(O)=O
EYUSEZ01,0.38719999999999954,294.07643305199997,4,6,NC(=O)c1nc(F)cnc1O.Nc1ccc(cc1)C(O)=O
EZAQOO,0.011799999999999922,273.09608520000006,3,7,OC(=O)CCC(O)=O.COc1cc(OC)nc(N)n1
EZAVIK,2.2257,193.11027872,1,3,CCCCOC(=O)c1ccc(N)cc1
EZAVIK01,2.2257,193.11027872,1,3,CCCCOC(=O)c1ccc(N)cc1
EZEGIA,1.8261999999999996,444.1357594959999,3,9,OC(CN1C=NC=N1)(CN1C=NC=N1)c1ccc(F)cc1F.OC(=O)c1ccccc1O
EZEGUN,0.15860000000000035,320.0830779919999,3,5,CCc1[nH+]ccc(c1)C(N)=S.Oc1cccc(O)c1C(=O)[O-]
EZEHAU,0.15860000000000035,320.0830779919999,3,5,CCc1[nH+]ccc(c1)C(N)=S.Oc1cccc(C(=O)[O-])c1O
EZIDEX,2.4605200000000003,462.10948276799996,2,7,CC1=[NH+]N=C2CN=C(c3ccccc3)c3cc(Cl)ccc3N12.Oc1cccc(O)c1C(=O)[O-]
EZIDIB,1.9110200000000002,416.0887473239999,2,6,CC1=NN=C2CN=C(c3ccccc3)c3cc(Cl)ccc3N12.OC(=O)C(O)=O.O
EZIDOH,4.547120000000003,445.13055255999996,2,6,CC1=NN=C2CN=C(c3ccccc3)c3cc(Cl)ccc3N12.Nc1ccc(cc1)C(O)=O
EZIFID,4.964920000000005,430.11965352799996,1,5,CC1=NN=C2CN=C(c3ccccc3)c3cc(Cl)ccc3N12.OC(=O)c1ccccc1
EZOBED,-2.3105999999999995,389.13542459191,1,5,O=C([O-])c1ccc(cc1)c1ccc(cc1)C(=O)[O-].O.Nc1cc[nH+]cc1.O.O
EZODAB,-1.8711999999999982,355.10479315991006,1,7,O=C([O-])c1ccc(nc1)c1ccc(cn1)C(=O)[O-].Nc1cc[nH+]cc1.O
EZOLUC,1.3690000000000033,485.23328631199996,1,4,[Cl-].OC(C(=O)OC1CC2CCC(C1)[N+]12CCCC1)(c1ccccc1)c1ccccc1.CC(C)=O
FABJEA,1.4834200000000002,466.16747631199985,4,8,C[NH+]1CCN(CC1)C1=Nc2ccccc2NC2=C1C=C(C)S2.Oc1ccc(c(O)c1)C(=O)[O-]
FABJIE,1.4834200000000002,466.16747631199985,4,8,C[NH+]1CCN(CC1)C1=Nc2ccccc2NC2=C1C=C(C)S2.Oc1ccc(O)c(c1)C(=O)[O-]
FABJOK,1.4834200000000002,466.16747631199985,4,8,C[NH+]1CCN(CC1)C1=Nc2ccccc2NC2=C1C=C(C)S2.Oc1cccc(O)c1C(=O)[O-]
FABKAX,-0.24927999999999811,388.1569116279999,3,7,C[NH+]1CCN(CC1)C1=Nc2ccccc2NC2=C1C=C(C)S2.OCC(=O)[O-]
FABTIN,-0.04440000000000016,354.132805056,2,5,O=C([O-])c1ccccc1C(=O)Nc1ccncc1.Nc1cc[nH+]cc1.O
FABVAF01,3.789600000000003,305.199093724,2,3,COc1cc(CNC(=O)CCCCC=CC(C)C)ccc1O
FABVAF02,3.789600000000003,305.199093724,2,3,COc1cc(CNC(=O)CCCCC=CC(C)C)ccc1O
FACXUD,-0.5560000000000005,278.98319090399997,2,3,ClC(Cl)(Cl)C(=O)[O-].[NH3+]C(C(C)C)C(O)=O
FADBUH,-2.2304999999999957,223.112777256,1,0,[Cl-].C[NH+](CC#C)C(C)Cc1ccccc1
FADCAO,-2.2304999999999957,267.062261676,1,0,[Br-].C[NH+](CC#C)C(C)Cc1ccccc1
FADCIW,4.006600000000002,384.15728848799995,4,6,CC1=C(C)C(=O)C(=C(C)C1=O)C.Oc1ccc(O)cc1.Oc1ccc(O)cc1
FADGEY,-0.7692000000000005,241.069870452,4,5,NNC(=O)c1ccncc1.OC(=O)CC(O)=O
FADGIC,-0.3791000000000007,255.085520516,4,5,NNC(=O)c1ccncc1.OC(=O)CCC(O)=O
FADGIC02,-0.3791000000000007,255.085520516,4,5,NNC(=O)c1ccncc1.OC(=O)CCC(O)=O
FADGIC03,-0.3791000000000007,255.085520516,4,5,NNC(=O)c1ccncc1.OC(=O)CCC(O)=O
FADGOI,0.010999999999999177,269.10117058000003,4,5,NNC(=O)c1ccncc1.OC(=O)CCCC(O)=O
FADGUO,0.40109999999999907,283.11682064400003,4,5,NNC(=O)c1ccncc1.OC(=O)CCCCC(O)=O
FADGUO01,0.40110000000000057,283.11682064400003,4,5,OC(=O)CCCCC(O)=O.NNC(=O)c1ccncc1
FADGUO02,0.40109999999999907,283.11682064400003,4,5,NNC(=O)c1ccncc1.OC(=O)CCCCC(O)=O
FADHAV,0.791199999999999,297.13247070799997,4,5,NNC(=O)c1ccncc1.OC(=O)CCCCCC(O)=O
FADHEZ,0.7754999999999994,275.09060589600006,4,5,NNC(=O)c1ccncc1.OC(=O)c1ccc(O)cc1
FADPEG,-11.929500000000003,389.1131534520901,0,8,[OH2][Mg+2]([OH2])([OH2])([OH2])([OH2])[OH2].O=[Cl](=O)(=O)[O-].O.C1N2CN3CN1CN(C2)C3
FAFGOL01,3.6248000000000022,353.162708216,3,4,Oc1ccc(O)cc1.COc1ccc2cccc(CCNC(C)=O)c2c1
FAFGOL02,3.6248000000000022,353.162708216,3,4,Oc1ccc(O)cc1.COc1ccc2cccc(CCNC(C)=O)c2c1
FAFGUR,2.187,331.141972772,2,4,COc1ccc2cccc(CCNC(C)=O)c2c1.CC(=O)C(O)=O
FAFWIS,3.0356000000000005,250.044150556,2,2,OC(=O)c1cc(ccc1O)c1ccc(F)cc1F
FAFWIS01,3.0356000000000005,250.044150556,2,2,OC(=O)c1cc(ccc1O)c1ccc(F)cc1F
FAGJUW,3.9452000000000016,420.11437812,2,5,CC(C(O)=O)c1ccc2Sc3ccccc3C(=O)Cc2c1.NC(=O)c1cccnc1
FAGKAD,0.6038000000000053,498.345757952,2,4,CC(C)Cc1ccc(cc1)C(C)C(=O)[O-].CC(C)Cc1ccc(cc1)C(C)C(=O)[O-].[NH2+]1CC[NH2+]CC1
FAGKIL,3.8587000000000016,327.18344366,2,2,CC(C)Cc1ccc(cc1)C(C)C(O)=O.NC(=O)c1ccccc1
FAHBOH,-7.336500000000002,309.085473272,4,5,[NH3+]C(C)(P(O)(=O)[O-])P(=O)([O-])[O-].[NH2+]1CC[NH2+]CC1.O
FAHFAV,2.6024000000000003,384.1784178559999,1,7,CC1CCC2C(C)C(OC3OC4(C)CCC1C23OO4)OC(=O)CCC(O)=O
FAHFAV01,2.6024000000000003,384.1784178559999,1,7,CC1CCC2C(C)C(OC3OC4(C)CCC1C23OO4)OC(=O)CCC(O)=O
FAHFAV02,2.6024000000000003,384.1784178559999,1,7,CC1CCC2C(C)C(OC3OC4(C)CCC1C23OO4)OC(=O)CCC(O)=O
FAHMAC,-2.557399999999995,424.0764470919999,2,3,CC[NH+]1CCCC1CNC(=O)c1c(OC)ccc(Br)c1OC.[Cl-].O
FAJFII,-3.5622,243.082835148,3,8,CN1N=C(C2=C1N([O-])N=N2)N(=O)=O.NC(N)=[NH2+]
FAJKUW,-1.5900999999999925,435.23693577599994,1,6,CCOC(=O)C([NH2+]C1CCCN2CCCC(N2C1=O)C(=O)[O-])CCc1ccccc1.O
FAJMAE,-0.5557999999999992,383.0358105160001,3,9,CON=C(C(=O)NC1C2SCC=C(N2C1=O)C(O)=O)C1=CSC(=N1)N
FAJMEI,-4.957399999999996,437.023052912,3,8,CON=C(C(=O)NC1C2SCC=C(N2C1=O)C(O)=O)C1=CSC(=[NH+]1)N.[Cl-].O
FAJWAO,3.1559000000000017,460.246103492,1,7,CC(=O)OCC(=O)C1(O)CCC2C3CCC4=CC(=O)CCC4(C)C3C(=O)CC12C.CC(C)=O
FAKHOO,-2.6464999999999965,299.136887392,4,5,C[NH2+]C(C)Cc1ccccc1.OC(C(O)C(=O)[O-])C(O)=O
FAKJOS,2.666920000000001,497.0926566959999,4,8,CN1C(=C(O)c2ccccc2S1(=O)=O)C(=O)NC1=NC=C(C)S1.OC(=O)CCCCC(O)=O
FAKKOU,4.701700000000003,315.12592878400005,1,2,OC(=O)Cc1ccccc1.c1ccc2nc3ccccc3cc2c1
FAKKUA,1.5981000000000003,466.18523455199994,2,8,OC(=O)Cc1ccccc1.CN1C=NC2=C1C(=O)N(C)C(=O)N2C.OC(=O)Cc1ccccc1
FAKLEL,1.4942000000000002,258.100442308,2,3,OC(=O)Cc1ccccc1.NC(=O)c1ccncc1
FAKMOV,2.6330999999999993,281.173941596,4,4,ONC(=O)CCCCCCC(=O)Nc1ccccc1.N
FALJIO,1.7997999999999998,486.1824576799999,3,7,CCCCC1=[NH+]C=C(C=C(CC2=CC=CS2)C(=O)[O-])N1Cc1ccc(cc1)C(O)=O.OCCO
FALSES,1.20122,352.1205261199999,2,7,Cc1ccnc(NS(=O)(=O)c2ccc(N)cc2)n1.C1COCCO1
FALSIW,1.20122,352.1205261199999,2,7,Cc1ccnc(NS(=O)(=O)c2ccc(N)cc2)n1.C1COCCO1
FALSUI,1.2625199999999999,351.136510532,2,6,Cc1ccnc(NS(=O)(=O)c2ccc(N)cc2)n1.CN(C)C(C)=O
FALTAP,2.2975200000000005,348.1256115,2,6,Cc1ccnc(NS(=O)(=O)c2ccc(N)cc2)n1.O=C1CCCC1
FALTET,2.558040000000001,357.125945848,2,6,Cc1ccnc(NS(=O)(=O)c2ccc(N)cc2)n1.Cc1cccnc1
FAMQOC,4.027800000000003,487.16781066000004,1,8,CC(C)COc1ccc(cc1C#N)C1=NC(=C(S1)C(=O)[O-])C.N(c1[nH+]cccc1)c1ccccn1
FAQCAC,-3.996699999999997,230.104876056,3,4,NC(N)=[NH2+].C[N+](C)(C)C.O=S(=O)([O-])[O-]
FAQKAN,-1.029899999999998,338.068490548,1,7,O=S(=O)([O-])c1ccccc1.CN1C(=O)N(C)C2=C([NH+]=CN2)C1=O
FAQYEF,4.804800000000003,448.07453317600005,0,3,ClC(Cl)C(=O)[O-].[nH+]1ccc(cc1)c1ccc(cc1)N1c2ccccc2c2ccccc12
FARGAJ,-2.756599999999999,362.07501540800007,4,6,OC(=O)c1cc(C(=O)[O-])c(cc1C(=O)[O-])C(O)=O.[NH3+]c1ccc([NH3+])cc1
FARRUM,4.275600000000003,446.15209652799996,1,7,COc1cc2ncnc(Nc3ccc(F)c(Cl)c3)c2cc1OCCCN1CCOCC1
FARRUM01,4.275600000000003,446.15209652799996,1,7,COc1cc2ncnc(Nc3ccc(F)c(Cl)c3)c2cc1OCCCN1CCOCC1
FARRUM02,4.275600000000003,446.15209652799996,1,7,COc1cc2ncnc(Nc3ccc(F)c(Cl)c3)c2cc1OCCCN1CCOCC1
FARRUM03,4.275600000000003,446.15209652799996,1,7,COc1cc2ncnc(Nc3ccc(F)c(Cl)c3)c2cc1OCCCN1CCOCC1
FARRUM04,4.275600000000003,446.15209652799996,1,7,COc1cc2ncnc(Nc3ccc(F)c(Cl)c3)c2cc1OCCCN1CCOCC1
FARRUM05,4.275600000000003,446.15209652799996,1,7,COc1cc2ncnc(Nc3ccc(F)c(Cl)c3)c2cc1OCCCN1CCOCC1
FASSOK,0.3236199999999997,354.0634051679999,4,7,Cc1ccnc(NS(=O)(=O)c2ccc(N)cc2)n1.OC(=O)C(O)=O
FATTID,-23.009500000000024,407.03600882808985,1,7,[Na+].[Na+].[Na+].[Na+].OC(CC(=O)[O-])(CC(=O)[O-])C(=O)[O-].O.O.O.O.O.O.O
FATTID02,-23.009500000000024,407.03600882808985,1,7,[Na+].[Na+].[Na+].[Na+].OC(CC(=O)[O-])(CC(=O)[O-])C(=O)[O-].O.O.O.O.O.O.O
FAXFUF10,-3.9307000000000007,172.01518846,2,2,[Cl-].O=C1NC=[NH+]C2=NNC=C12
FAXZIO,2.9644200000000005,314.072513308,1,4,CC1=C(c2ccc(cc2)S(N)(=O)=O)C(=NO1)c1ccccc1
FAYGOC,3.9498200000000026,386.13002818399997,1,5,CCC(C)=O.CC1=C(c2ccc(cc2)S(N)(=O)=O)C(=NO1)c1ccccc1
FAYXOV,4.059800000000003,389.13755608800005,4,4,Nc1ccc(C(O)=O)c(O)c1.NC(=O)N1c2ccccc2C=Cc2ccccc12
FAZDAM,-3.249199999999992,423.1448652319999,1,5,[Cl-].C[NH+]1CCC23C4Oc5c(OC(C)=O)ccc(CC1C2C=CC4OC(C)=O)c35.O
FDOURD,-1.6835999999999995,246.065199672,3,6,OCC1OC(CC1O)N1C=C(F)C(=O)NC1=O
FDOURD01,-1.6835999999999995,246.065199672,3,6,OCC1OC(CC1O)N1C=C(F)C(=O)NC1=O
FEBCAR,2.8008000000000015,422.24302420000004,1,3,OC(=O)c1ccccc1.CN1CCN(C)C1=Nc1ccccc1N=C1N(C)CCN1C
FEBCOF,2.808200000000001,394.24810958000006,1,3,Oc1ccccc1.CN1CCN(C)C1=Nc1ccccc1N=C1N(C)CCN1C
FEBCUL,2.594900000000001,408.26375964400006,1,3,OCc1ccccc1.CN1CCN(C)C1=Nc1ccccc1N=C1N(C)CCN1C
FEBSIR,1.1475,259.095691276,3,4,Nc1ccccc1C(O)=O.NC(=O)c1cccnc1
FEBSIR01,1.1475000000000002,259.095691276,3,4,NC(=O)c1cccnc1.Nc1ccccc1C(O)=O
FECFEB,1.4734999999999998,289.06987045200003,2,5,OC(=O)c1ccc(cc1)N(=O)=O.NC(=O)c1cccnc1
FECFIF,1.7044,262.075370432,2,3,OC(=O)c1ccc(F)cc1.NC(=O)c1cccnc1
FECGIG,0.8508999999999999,456.0917280919999,2,8,OC(=O)c1ccccc1N(=O)=O.NC(=O)c1c[nH+]ccc1.O=C([O-])c1ccccc1N(=O)=O
FECGIG01,0.8509000000000007,456.09172809199987,2,8,NC(=O)c1c[nH+]ccc1.O=C([O-])c1ccccc1N(=O)=O.OC(=O)c1ccccc1N(=O)=O
FECGOM,3.5669400000000016,394.152871804,3,4,NC(=O)c1cccnc1.Cc1cccc(c1)C(O)=O.Cc1cccc(c1)C(O)=O
FECVUF,-7.8696000000000055,314.12263429600006,4,6,O=C([O-])C12CCC(NC1=O)(C(=O)[O-])C(=O)N2.[NH2+]1CC[NH2+]CC1
FEDFUS,3.4114000000000004,459.1464065199999,4,6,CCCCNc1cc(cc(c1Oc1ccccc1)S(N)(=O)=O)C(O)=O.O=C1NC=CC=C1
FEDGIH,3.2170000000000005,486.1573055519999,4,7,CCCCNc1cc(cc(c1Oc1ccccc1)S(N)(=O)=O)C(O)=O.NC(=O)c1ccncc1
FEDGIH01,3.2170000000000005,486.1573055519999,4,7,CCCCNc1cc(cc(c1Oc1ccccc1)S(N)(=O)=O)C(O)=O.NC(=O)c1ccncc1
FEDGON,3.0365,364.1092927399999,3,5,CCCCNc1cc(cc(c1Oc1ccccc1)S(N)(=O)=O)C(O)=O
FEDHEE,3.420000000000001,489.1569712039999,4,7,CCCCNc1cc(cc(c1Oc1ccccc1)S(N)(=O)=O)C(O)=O.COC1=CC=CNC1=O
FEDHOO,3.7198200000000012,473.1620565839999,4,6,CCCCNc1cc(cc(c1Oc1ccccc1)S(N)(=O)=O)C(O)=O.CC1=CC=CC(=O)N1
FEDMIL,-2.3291999999999966,278.103158338,4,4,OP(O)(=O)[O-].C1COC(=[NH+]1)NC(C1CC1)C1CC1
FEDPUA,-6.0478,242.06511942,4,5,Oc1cc([nH+]c(c1)C(=O)[O-])C(=O)[O-].NC(N)=[NH2+]
FEFNOT02,1.737800000000001,272.116092372,1,1,NC(=O)N1c2ccccc2C=Cc2ccccc12.O.O
FEFNOT03,1.737800000000001,272.116092372,1,1,NC(=O)N1c2ccccc2C=Cc2ccccc12.O.O
FEFNOT04,1.737800000000001,272.116092372,1,1,NC(=O)N1c2ccccc2C=Cc2ccccc12.O.O
FEFNOT05,2.562500000000001,254.105527688,1,1,O.NC(=O)N1c2ccccc2C=Cc2ccccc12
FEFNOT08,1.737800000000001,272.116092372,1,1,NC(=O)N1c2ccccc2C=Cc2ccccc12.O.O
FEFNOT09,1.737800000000001,272.116092372,1,1,NC(=O)N1c2ccccc2C=Cc2ccccc12.O.O
FEFNOT13,1.737800000000001,272.116092372,1,1,NC(=O)N1c2ccccc2C=Cc2ccccc12.O.O
FEFNOT14,1.737800000000001,272.116092372,1,1,NC(=O)N1c2ccccc2C=Cc2ccccc12.O.O
FEFQOX,-7.8696000000000055,314.12263429600006,4,6,O=C([O-])C12CCC(NC1=O)(C(=O)[O-])C(=O)N2.[NH2+]1CC[NH2+]CC1
FEFXIZ,-0.5679999999999996,240.08981620008998,2,2,Clc1ccc([O-])c2ncccc12.[NH3+]CC[NH3+]
FEGLEI,3.137800000000002,332.12598836,2,6,CCOC(=O)c1ccc(O)cc1.CCOC(=O)c1ccc(O)cc1
FEGLEI01,3.137800000000002,332.12598836,2,6,CCOC(=O)c1ccc(O)cc1.CCOC(=O)c1ccc(O)cc1
FEGLEI02,3.137800000000002,332.12598836,2,6,CCOC(=O)c1ccc(O)cc1.CCOC(=O)c1ccc(O)cc1
FEHMAG,4.477900000000005,392.29265975999994,3,3,CC(CCC(O)=O)C1CCC2C3CCC4CC(O)CCC4(C)C3CC(O)C12C
FEHMEK,4.477900000000005,392.29265975999994,3,3,CC(CCC(O)=O)C1CCC2C3CCC4CC(O)CCC4(C)C3CC(O)C12C
FEHMIO,4.477900000000005,392.29265975999994,3,3,CC(CCC(O)=O)C1CCC2C3CCC4CC(O)CCC4(C)C3CC(O)C12C
FEHMOU,4.477900000000005,392.29265975999994,3,3,CC(CCC(O)=O)C1CCC2C3CCC4CC(O)CCC4(C)C3CC(O)C12C
FEJHAE,4.420100000000003,485.367639416,2,4,OB(O)c1ccccc1.O=C([O-])c1ccccc1.CCCC[N+](CCCC)(CCCC)CCCC
FEJYUP,-8.14240000000001,356.12696267199993,2,3,[Cl-].[Cl-].COc1ccc(C[NH+]2CC[NH2+]CC2)c(OC)c1OC.O
FEKQOC,1.6788999999999994,452.19473661599994,4,8,COC(=O)C1=C(c2ccccc2)C(O)(c2ccccc2)C(=C1O)C(=O)OC.C1CNCCN1
FEKTIB,-0.7277800000000001,367.12671663199995,4,8,Cc1[nH+]cc(CO)c(CO)c1O.COc1cc(cc(OC)c1O)C(=O)[O-]
FEKTOH,-1.16148,381.14236669599995,4,7,Cc1[nH+]cc(CO)c(CO)c1O.COc1cc(C=CC(=O)[O-])ccc1O.O
FELGUY,-3.6519999999999984,214.053909108,0,4,[OH2][Mg]([OH2])([OH2])([OH2])(OC(C)=O)OC(C)=O
FELGUY01,-3.6519999999999984,214.053909108,0,4,[OH2][Mg]([OH2])([OH2])([OH2])(OC(C)=O)OC(C)=O
FELGUY02,-3.6519999999999984,214.053909108,0,4,[OH2][Mg]([OH2])([OH2])([OH2])(OC(C)=O)OC(C)=O
FEMBII,-0.4888999999999972,325.18085681599996,1,2,[Cl-].CCCCOc1ccc(cc1)C(=O)CC[NH+]1CCCCC1
FENREW,-7.464799999999997,274.993583884,4,5,[Na+].O.[NH3+]CCC(O)(P(O)(=O)[O-])P(O)(=O)[O-]
FEPJOB,3.4705200000000023,415.082264976,1,6,COc1ccc2N(C(=C(CC(=O)OCC(O)=O)c2c1)C)C(=O)c1ccc(Cl)cc1
FEPJOB01,3.4705200000000023,415.082264976,1,6,COc1ccc2N(C(=C(CC(=O)OCC(O)=O)c2c1)C)C(=O)c1ccc(Cl)cc1
FEPKAO,2.590299999999999,309.09135484399997,2,3,c1ccc2nc3ccccc3cc2c1.FC1=CNC(=O)NC1=O
FEPKES,1.9852999999999996,310.086603812,2,4,FC1=CNC(=O)NC1=O.c1ccc2nc3ccccc3nc2c1
FEPKIW,1.0516,442.12010943200005,4,6,FC1=CNC(=O)NC1=O.FC1=CNC(=O)NC1=O.c1cc(ccn1)C=Cc1ccncc1
FEPKIW01,1.0516,442.12010943200005,4,6,FC1=CNC(=O)NC1=O.FC1=CNC(=O)NC1=O.c1cc(ccn1)C=Cc1ccncc1
FEQTOO,-2.418899999999998,482.28306938799994,3,1,[Cl-].[NH3+]C12CC3CC(CC(C3)C1)C2.[Cl-].[NH3+]C12CC3CC(CC(C3)C1)C2.OCc1ccccc1
FEQXEF,-0.1354000000000003,308.14845511999994,2,8,C1N2CN3CN1CN(C2)C3.COC(=O)c1cc(O)cc(O)c1
FEQXIJ,0.07060000000000044,278.13789043599996,2,6,C1N2CN3CN1CN(C2)C3.OC(=O)c1ccc(O)cc1
FEQXIJ01,0.07060000000000044,278.13789043599996,2,6,C1N2CN3CN1CN(C2)C3.OC(=O)c1ccc(O)cc1
FEQXIJ03,0.0706,278.13789043599996,2,6,OC(=O)c1ccc(O)cc1.C1N2CN3CN1CN(C2)C3
FERNAV,-0.11949999999999988,448.1230282199999,4,8,[NH3+]C(CC1=CNc2ccccc12)C(=O)[O-].OC(=O)c1cc(cc(c1)N(=O)=O)N(=O)=O.CO
FERNEZ,0.18020000000000008,461.08189167999996,3,9,[NH3+]C(CC1=CNc2ccccc12)C(O)=O.O=C([O-])c1c(cc(cc1N(=O)=O)N(=O)=O)N(=O)=O
FESRAW,1.8081999999999994,248.116092372,4,3,Oc1ccccc1.Oc1ccccc1.NC(N)=O
FETRUR,-5.4328999999999965,176.08287409599998,1,3,[Cl-].C1[NH+]2CN3CN1CN(C2)C3
FETRUR01,-5.4328999999999965,176.08287409599998,1,3,[Cl-].C1[NH+]2CN3CN1CN(C2)C3
FETRUR02,-5.4328999999999965,176.08287409599998,1,3,[Cl-].C1[NH+]2CN3CN1CN(C2)C3
FETRUR03,-5.4328999999999965,176.08287409599998,1,3,[Cl-].C1[NH+]2CN3CN1CN(C2)C3
FETTOO,-3.5619999999999985,284.123302992,3,7,Nc1[nH+]c(N)nc(N)n1.O=C([O-])c1ccccc1.O.O
FETTOO01,-3.5619999999999994,284.123302992,3,7,O=C([O-])c1ccccc1.Nc1[nH+]c(N)nc(N)n1.O.O
FETTOO02,-3.5619999999999994,284.123302992,3,7,O=C([O-])c1ccccc1.Nc1[nH+]c(N)nc(N)n1.O.O
FETWIL,0.2526999999999994,355.036187376,4,6,OC(=O)c1cc(ccc1O)S(=O)(=O)[O-].[NH3+]c1ccc(cc1)C(O)=O
FETXIM,-1.2966999999999995,235.095691276,1,4,O=C([O-])c1ccncc1.O.Nc1cc[nH+]cc1
FEVJOI,2.095099999999999,486.05314610000005,2,9,ClC1=CC(=C(Cl)S1)C(=O)[O-].COc1cc(Cc2c[nH+]c(N)nc2N)cc(OC)c1OC
FEVKAV,0.6170000000000002,470.10268313599994,2,9,COc1cc(Cc2c[nH+]c(N)nc2N)cc(OC)c1OC.ClC1=C(SC=C1)C(=O)[O-].O
FEVKEZ,0.27202000000000065,450.15730555199985,2,9,COc1cc(Cc2c[nH+]c(N)nc2N)cc(OC)c1OC.CC1=CC=C(S1)C(=O)[O-].O
FEVKOJ,3.361300000000001,443.99812976,2,6,CCc1[nH+]c(N)nc(N)c1c1ccc(Cl)cc1.ClC1=CC(=C(Cl)S1)C(=O)[O-]
FEVZOX,0.4986000000000001,345.157622836,2,4,O=C([O-])C1[NH2+]CCC1.COc1ccc2cc(ccc2c1)C(C)C(O)=O
FEVZUD,0.4986000000000001,345.157622836,2,4,O=C([O-])C1[NH2+]CCC1.COc1ccc2cc(ccc2c1)C(C)C(O)=O
FEWJOH,-2.973499999999996,195.13903645599999,3,4,NC(N)=[NH2+].CO[B-](OC)(OC)OC
FEWJUN,-2.973499999999998,195.13903645599999,3,4,CO[B-](OC)(OC)OC.NC(N)=[NH2+]
FEXSEJ,2.2512000000000008,258.100442308,2,4,Nc1ccc(cc1)C(O)=O.CC(=O)c1ccncc1
FEYMOP,-1.7777999999999992,231.100776656,3,2,O=C([O-])c1ccc2ccccc2c1.NC(N)=[NH2+]
FEZLUR,-1.2123000000000004,210.017059364,4,4,OP(=O)([O-])CP(O)(=O)[O-].[NH4+].[NH4+]
FHMANE,3.332200000000002,336.210073008,2,3,CC1(O)CCC2C3CCC4=CC(=O)CCC4(C)C3(F)C(O)CC12C
FIBBIE,1.6105000000000003,333.14886972000005,1,5,CCN1C=C(C(O)=O)C(=O)c2cc(F)c(cc12)N1CCN(C)CC1
FIBBOK,-2.5846999999999936,496.21006675190995,2,8,CCN1C=C(C(O)=O)C(=O)c2cc(F)c(cc12)N1CC[NH+](C)CC1.O=C([O-])CCCCC(=O)[O-].O
FIBBUQ01,-1.4294999999999962,449.15982832799995,3,7,CCN1C=C(C(O)=O)C(=O)c2cc(F)c(cc12)N1CC[NH+](C)CC1.OC(=O)C=CC(=O)[O-]
FIBCAX,-0.8153999999999968,465.19112845599994,3,7,CCN1C=C(C(O)=O)C(=O)c2cc(F)c(cc12)N1CC[NH+](C)CC1.OC(=O)CCCC(=O)[O-]
FIBCOL,-3.2449999999999957,473.1809576959999,3,7,CCN1C=C(C(O)=O)C(=O)c2cc(F)c(cc12)N1CC[NH+](C)CC1.OC(=O)CC(=O)[O-].O.O
FIBCUR,-1.985699999999996,423.14417826399995,3,7,CCN1C=C(C(O)=O)C(=O)c2cc(F)c(cc12)N1CC[NH+](C)CC1.OC(=O)C(=O)[O-]
FIBDAY,-1.2054999999999965,451.17547839199995,3,7,CCN1C=C(C(O)=O)C(=O)c2cc(F)c(cc12)N1CC[NH+](C)CC1.OC(=O)CCC(=O)[O-]
FICJAC,2.531900000000001,226.039671892,1,2,OC(=O)Cc1ccc(OCC=C)c(Cl)c1
FICYEX,2.3962200000000005,323.13822478400004,3,6,Cc1ccc(cc1)c1nc(N)nc(N)n1.OC(=O)c1ccccc1
FIDCIG,0.11189999999999983,255.085520516,4,5,NC(=NO)c1ccccn1.OC(=O)CCC(O)=O
FIDYIA,2.015399999999999,410.16978481999996,2,4,CCC[NH+]1CC(CSC)CC2C1CC1=CNc3cccc2c13.CS(=O)(=O)[O-]
FIDYIA01,2.015399999999999,410.16978481999996,2,4,CCC[NH+]1CC(CSC)CC2C1CC1=CNc3cccc2c13.CS(=O)(=O)[O-]
FIFBEF,3.0989000000000013,431.35300751999995,0,0,[Cl-].CCCCCCCCCCCCCCCC[N+](C)(C)Cc1ccccc1.O.O
FIFCOQ,-1.4206999999999983,325.12738532799995,2,6,O=N(=O)c1ccc(cc1)N1CC[NH2+]CC1.OC(=O)CCC(=O)[O-]
FIFCUW,-1.2141999999999982,362.1590198039999,2,6,O=N(=O)c1ccc(cc1)N1CC[NH2+]CC1.Nc1ccc(cc1)C(=O)[O-].O
FIFDON,2.9376000000000015,494.211609804,1,7,CC(=O)OCC(=O)C12OC(C)(C)OC1CC1C3CC(F)C4=CC(=O)C=CC4(C)C3(F)C(O)CC21C
FIFFIK,-3.597699999999997,341.13353332799994,2,8,C1[NH+]2CN3CN1CN(C2)C3.Oc1ccc(cc1C(=O)[O-])N(=O)=O.O
FIFFUV,1.7359,420.214803364,1,6,CC(=O)OCC(=O)C1(O)CCC2C3CCC4=CC(=O)CCC4(C)C3C(=O)CC12C.O
FIFGOQ,-3.204699999999998,175.095691276,3,3,[NH3+]C(CCCNC(N)=O)C(=O)[O-]
FIFGOQ01,-3.204699999999998,175.095691276,3,3,[NH3+]C(CCCNC(N)=O)C(=O)[O-]
FIFGOQ02,-3.204699999999998,175.095691276,3,3,[NH3+]C(CCCNC(N)=O)C(=O)[O-]
FIFGOQ05,-3.204699999999998,175.095691276,3,3,[NH3+]C(CCCNC(N)=O)C(=O)[O-]
FIFHUB,-4.492199999999997,247.12884812809,3,4,OCC1=CC(=O)C(=CO1)[O-].O.[NH2+]1CC[NH2+]CC1
FIHHEL,-4.9740999999999955,233.137556088,3,5,C1CNC2=[NH+]CCCN2C1.OCC(=O)[O-].O
FIJKOY,4.130300000000004,343.090996256,0,4,CN1CCN(CC1)C1=Nc2ccccc2Sc2ccc(Cl)cc12
FIJSIE,0.9153999999999998,160.074896256,2,4,NNc1nncc2ccccc12
FIJSOK,-2.6614999999999984,240.001058388,2,3,[Br-].NNc1[nH+]ncc2ccccc12
FIJSUM,0.7138000000000007,456.26242225199996,2,5,CC1(C)CC1C(=O)[O-].COc1ccc2nccc(C(O)C3CC4CC[NH+]3CC4C=C)c2c1.O
FIJSUQ,0.09539999999999949,223.070539148,2,6,O=N(=O)[O-].NNc1[nH+]ncc2ccccc12
FIJTEX,3.8982000000000028,449.35050898399993,2,4,C[NH2+]C(C)C(O)c1ccccc1.CCCCCCCCCCCCCCC1(CO1)C(=O)[O-]
FILGAI,2.5708,407.18615968999995,2,5,CC1(C)COP(=O)([O-])OC1c1ccccc1.C[NH2+]C(C)C(O)c1ccccc1
FILGEM,1.6169999999999998,211.074561908,1,3,CC1=C(C=C(C#N)C(=O)N1)c1ccncc1
FILGEM01,1.6169999999999998,211.074561908,1,3,CC1=C(C=C(C#N)C(=O)N1)c1ccncc1
FILGEM02,1.6169999999999998,211.074561908,1,3,CC1=C(C=C(C#N)C(=O)N1)c1ccncc1
FILGEM03,1.6169999999999998,211.074561908,1,3,CC1=C(C=C(C#N)C(=O)N1)c1ccncc1
FIMVAY,4.294400000000003,441.14718733800004,2,5,CC1(C)CO[P-](=O)(=O)OC1c1ccccc1Cl.C[NH2+]C(C)C(O)c1ccccc1
FINPUN,0.956299999999999,499.1761653599999,1,5,COc1ccc2cc3[n+](CCc4cc(OC)c(OC)cc34)cc2c1OC.[Cl-].Oc1ccccc1.O
FIQPII,-0.628099999999999,380.085580092,4,6,OC(=O)CC(O)(CC(O)=O)C(O)=O.[O-][n+]1ccc(cc1)c1cc[n+]([O-])cc1
FIQQAB,-4.382699999999996,304.12705098000004,4,6,OC(=O)CC(O)(CC(O)=O)C(=O)[O-].C1CN2CC[NH+]1CC2
FIQQEF,1.5344999999999995,372.09575085200004,4,6,OC(=O)CC(O)(CC(O)=O)C(O)=O.c1ccc2nc3ccccc3nc2c1
FIQQIJ,-7.959200000000009,322.13761566400007,4,6,OC(=O)CC(O)(CC(=O)[O-])C(=O)[O-].O.C1C[NH+]2CC[NH+]1CC2
FIQYOX,1.5344999999999995,372.09575085200004,4,6,OC(=O)CC(O)(CC(O)=O)C(O)=O.c1ccc2nc3ccccc3nc2c1
FIQZAK,0.2239000000000011,371.10050188400004,3,5,OC(=O)CC(O)(CC(=O)[O-])C(O)=O.[nH+]1c2ccccc2cc2ccccc12
FIRGAR,-1.0445999999999973,494.08749044399997,1,5,COc1ccc(cc1)C1Sc2ccccc2N(CC[NH+](C)C)C(=O)C1OC(C)=O.[Br-]
FIRGIZ,1.7122999999999995,477.1569712039999,1,8,COc1ccc(cc1)C1Sc2ccccc2N(CC[NH+](C)C)C(=O)C1OC(C)=O.O=N(=O)[O-]
FIRGUL,-2.508099999999996,312.16852186799997,3,4,C[NH2+]C(C)C(O)c1ccccc1.O=C([O-])C1CCC(=O)N1.O
FIRHAS,0.7054999999999996,434.14693089599996,1,8,Clc1cccc(c1)N1CC[NH+](CCCN2N=C3C=CC=CN3C2=O)CC1.O=N(=O)[O-]
FIRHIA,2.2446,459.162031316,1,5,Clc1cccc(c1)N1CC[NH+](CCCN2N=C3C=CC=CN3C2=O)CC1.F[B-](F)(F)F
FISLIE,-3.0424799999999967,283.039354608,0,5,CCS(=O)(=O)CCN1C(=[NH+]C=C1N(=O)=O)C.[Cl-]
FISMED,3.844500000000002,401.199093724,1,3,COc1ccc2cc(ccc2c1)C(C)C(=O)[O-].[NH3+]C(C)c1ccc2ccccc2c1
FISMIH,3.844500000000002,401.199093724,1,3,COc1ccc2cc(ccc2c1)C(C)C(=O)[O-].[NH3+]C(C)c1ccc2ccccc2c1
FISNED,2.0083999999999995,301.04971539599995,3,6,Nc1nnc(c(N)n1)c1cccc(Cl)c1Cl.CCO
FISNED01,2.0083999999999995,301.04971539599995,3,6,Nc1nnc(c(N)n1)c1cccc(Cl)c1Cl.CCO
FISNED02,2.0083999999999995,301.04971539599995,3,6,Nc1nnc(c(N)n1)c1cccc(Cl)c1Cl.CCO
FISWIN,2.7879000000000023,314.18819469199997,2,2,CC12CCC3C(CCc4cc(O)ccc34)C1CCC2(O)C#C.O
FISWIN01,2.7879000000000023,314.18819469199997,2,2,CC12CCC3C(CCc4cc(O)ccc34)C1CCC2(O)C#C.O
FISWIN02,2.7879000000000023,314.18819469199997,2,2,CC12CCC3C(CCc4cc(O)ccc34)C1CCC2(O)C#C.O
FITLID,-3.5071999999999957,280.145678248,2,5,[NH3+]C(C(C)CC)C(=O)[O-].[NH3+]C(CCSC)C(=O)[O-]
FITQII,0.8665000000000018,328.21105537600005,2,6,OC(=O)CCCCCCCC(O)=O.C1N2CN3CN1CN(C2)C3
FIWZOC,2.1303,337.167793596,1,3,COc1ccc2cc(ccc2c1)C(C)C(=O)[O-].[NH3+]Cc1ccccc1
FIWZUI,3.652000000000003,427.214743788,1,3,COc1ccc2cc(ccc2c1)C(C)C(=O)[O-].[NH2+](Cc1ccccc1)Cc1ccccc1
FIYBEV01,3.1869000000000014,375.97858739599997,3,3,Nc1c(Br)cc(Br)cc1CNC1CCC(O)CC1
FIYBEV04,3.1869000000000014,375.97858739599997,3,3,Nc1c(Br)cc(Br)cc1CNC1CCC(O)CC1
FIYBEV07,3.1869000000000014,375.97858739599997,3,3,Nc1c(Br)cc(Br)cc1CNC1CCC(O)CC1
FIYGAV,4.477900000000005,392.29265975999994,3,3,CC(CCC(O)=O)C1CCC2C3CCC4CC(O)CCC4(C)C3CC(O)C12C
FIYNUW,-1.568699999999994,367.1777066479999,3,5,CC(C)[NH+](CCNC(=O)CN1CCCC1=O)C(C)C.OS(=O)(=O)[O-]
FIYVIV,-3.881299999999997,301.23331319609036,3,5,CC(=O)C(O)=O.CC(=O)C(=O)[O-].C1C[NH+]2CC[NH+]1CC2.[H].[H].[H].[H].[H].[H].[H].[H].[H].[H].[H].[H]
FIYVUH,-6.5660000000000025,288.13213636,2,6,CC(=O)C(=O)[O-].C1C[NH+]2CC[NH+]1CC2.CC(=O)C(=O)[O-]
FIZFUR,2.2409999999999997,422.03547616799995,3,7,Nc1ccc(cc1)S(=O)(=O)N=C1NC=CS1.OC(=O)c1ccc(cc1)N(=O)=O
FIZWAM,-3.8538999999999923,470.24083127999995,1,7,CCN1N=NN(CC[NH+]2CCC(CC2)(COC)N(C(=O)CC)c2ccccc2)C1=O.[Cl-].O
FLPNTX10,4.601700000000005,434.16396908,1,4,OCCN1CCN(CCC=C2c3ccccc3Sc3ccc(cc23)C(F)(F)F)CC1
FLSCAC,4.261100000000003,390.110338296,2,6,Oc1ccc2c(Oc3cc(O)ccc3C32OC(=O)c2ccccc32)c1.CC(C)=O
FLSCAC01,4.261100000000003,390.110338296,2,6,Oc1ccc2c(Oc3cc(O)ccc3C32OC(=O)c2ccccc32)c1.CC(C)=O
FMDURD01,-0.8039000000000005,296.062006112,3,6,OCC1OC(CC1O)N1C=C(C(=O)NC1=O)C(F)(F)F
FMDURD02,-0.6914000000000005,297.06983114400003,3,6,OCC1OC(CC1O)N1C=C(C(=O)NC1=O)C(F)(F)F.[H]
FMPROA,1.6418,452.2210316159999,2,6,CC1CC2C3CCC4=CC(=O)C=CC4(C)C3(F)C(O)CC2(C)C1(O)C(=O)COC(C)=O.O
FOBFEL,3.259500000000002,272.104858992,2,2,OC(=O)c1ccccc1.CC(C(O)=O)c1ccccc1
FOBMIV,1.7596999999999998,217.073893212,2,2,OC(=O)c1ccccc1.O=C1NC=CC=C1
FOCMET,3.0360200000000015,474.15393442399994,4,7,NC(=O)c1cccnc1.Cc1nc(C(=O)NCC(O)=O)c(O)c2ccc(Oc3ccccc3)cc12
FOFJAM,-1.0322999999999967,326.11060883600004,2,3,[Br-].CCCCN1C=C[N+](=C1)C.Nc1ccc(N)cc1
FOGBOT,2.5196000000000005,464.1835032359999,2,7,COC(=O)C1CC2C=CC1C13C4C5CC6C(C5C1=O)C1(OCCO1)C23C46.Oc1ccc(O)cc1
FOGVIG01,-0.7679999999999989,337.04493572,4,6,NC(N)=NC1=NC(=CS1)CSCCC(N)=NS(N)(=O)=O
FOGVIG02,-0.7679999999999989,337.04493572,4,6,NC(N)=NC1=NC(=CS1)CSCCC(N)=NS(N)(=O)=O
FOGVIG03,-0.7679999999999989,337.04493572,4,6,NC(N)=NC1=NC(=CS1)CSCCC(N)=NS(N)(=O)=O
FOGVIG04,-0.7679999999999989,337.04493572,4,6,NC(N)=NC1=NC(=CS1)CSCCC(N)=NS(N)(=O)=O
FOGVIG05,-0.7679999999999989,337.04493572,4,6,NC(N)=NC1=NC(=CS1)CSCCC(N)=NS(N)(=O)=O
FOGVIG06,-0.7679999999999989,337.04493572,4,6,NC(N)=NC1=NC(=CS1)CSCCC(N)=NS(N)(=O)=O
FOGVIG07,-0.7679999999999989,337.04493572,4,6,NC(N)=NC1=NC(=CS1)CSCCC(N)=NS(N)(=O)=O
FOGVIG08,-0.7679999999999989,337.04493572,4,6,NC(N)=NC1=NC(=CS1)CSCCC(N)=NS(N)(=O)=O
FOGWAZ,1.91052,465.20459009199993,3,9,COc1cc(NCc2ccc3nc(N)nc(N)c3c2C)cc(OC)c1OC.CS(C)=O.O
FOHLIY,-5.322999999999998,390.162954256,2,0,C[NH+](CC#C)Cc1ccccc1.C[NH+](CC#C)Cc1ccccc1.[Cl-].[Cl-]
FOHLIY01,-5.322999999999998,390.162954256,2,0,C[NH+](CC#C)Cc1ccccc1.C[NH+](CC#C)Cc1ccccc1.[Cl-].[Cl-]
FOHRAV,-8.2037,209.00690791991002,0,4,[K+].O.O.O.O=C([O-])CCC(=O)[O-]
FOHSUT,-9.381500000000006,274.18413739218,4,5,O=C([O-])COCC(=O)[O-].O.[NH3+]CC[NH3+].[NH3+]CC[NH3+]
FOHTEE,-7.4802000000000035,194.11353241209,3,4,O=C([O-])C[NH2+]CC(=O)[O-].[NH3+]CC[NH3+]
FOJHOF,0.2103000000000017,386.22055744000005,2,4,Oc1ccccc1C(=O)[O-].O=C1CCCC2C3CCC[NH+]4CCCC(CN12)C34
FOJYOV,-2.1779999999999973,309.1437040880001,3,4,CC(=O)Oc1ccccc1C(=O)[O-].C[N+](C)=C(N)N=C(N)N
FOKJEU,-4.972959999999993,382.07138300800005,2,9,O=[Cl](=O)(=O)[O-].O.Cc1ncc(C[N+]2=CSC(=C2C)CCO)c(N)n1
FOLHAP,0.6514200000000001,270.02451756,2,5,CC1=NNC(S1)=NS(=O)(=O)c1ccc(N)cc1
FOLHAP02,0.6514200000000001,270.02451756,2,5,CC1=NNC(S1)=NS(=O)(=O)c1ccc(N)cc1
FOLQUW,-3.321999999999999,259.119300908,4,2,FC1=C[N-]C(=O)NC1=O.C[N+](C)=C(N)N=C(N)N
FOLYIO,-3.592199999999995,451.16224661199993,3,7,[Cl-].COc1cc2NC(=NC(=[NH2+])c2cc1OC)N1CCN(CC1)C(=O)C1=CC=CO1.CO
FOMCAL,-3.073399999999996,487.252187684,3,6,[Br-].CN1CCN2CCC[NH2+]CCCN(CC1)CCN(C)CC2.Oc1ccc(O)cc1
FOQHEY,3.8808000000000016,290.105527688,2,4,c1ccc2nc3ccccc3nc2c1.Oc1ccc(O)cc1
FOQMEH,1.1969000000000005,251.18852904,1,2,CC(C)(C)[NH2+]C(C)(C)C.O=C([O-])c1ccccc1
FORGAU,-2.294599999999996,465.15811407599995,2,7,CCN1C=C(C(O)=O)C(=O)c2cc(F)c(cc12)N1CC[NH+](C)CC1.CS(=O)(=O)[O-].O.O
FORGAU01,-2.294599999999996,465.15811407599995,2,7,CCN1C=C(C(O)=O)C(=O)c2cc(F)c(cc12)N1CC[NH+](C)CC1.CS(=O)(=O)[O-].O.O
FOSFIE,1.1836999999999986,331.116820644,4,6,NNC(=O)c1ccncc1.COc1cc(C=CC(O)=O)ccc1O
FOSFOK,0.7828999999999993,247.095691276,4,5,NNC(=O)c1ccncc1.Oc1cccc(O)c1
FOSFUQ,0.7840999999999987,305.10117058,4,6,NNC(=O)c1ccncc1.COc1cc(ccc1O)C(O)=O
FOSFUQ01,0.7840999999999997,305.10117058000003,4,6,COc1cc(ccc1O)C(O)=O.NNC(=O)c1ccncc1
FOSJOP,0.6589400000000003,388.1456782479999,2,5,Cc1ccc(Sc2ccccc2N2CC[NH2+]CC2)c(C)c1.OC(=O)C(=O)[O-]
FOSJUV,0.22434000000000054,420.1718929959999,2,5,Cc1ccc(Sc2ccccc2N2CC[NH2+]CC2)c(C)c1.OC(=O)CC(=O)[O-].O
FOSKAC,0.614440000000001,434.1875430599999,2,5,Cc1ccc(Sc2ccccc2N2CC[NH2+]CC2)c(C)c1.OC(=O)CCC(=O)[O-].O
FOSPEA,-0.5582999999999998,277.10790937,2,3,CC1OC1P(O)(=O)[O-].O.[NH3+]C(C)c1ccccc1
FOTDAV,0.9034999999999994,335.1117352640001,4,6,NC(=O)c1ccc(O)cc1.OC(=O)CCC(O)=O.c1cnccn1
FOTDID,2.3852,453.1536000759999,4,6,NC(=O)c1ccc(O)cc1.c1ccc2nc3ccccc3nc2c1.OC(=O)CCC(O)=O.O
FOTFOL,2.9868000000000006,485.0069911919999,3,7,O=N(=O)c1ccc(cc1)N(=O)=O.NC(=O)c1ccc(Br)cc1.OC(=O)CCC(O)=O
FOTMUZ,-3.017299999999997,191.00353242399999,1,0,C[NH+](CCCl)CCCl.[Cl-]
FOVFEC,-0.47199999999999953,217.085126592,1,4,Nc1cc[nH+]cc1.O=C([O-])c1cccnc1
FOVMEI,-6.763399999999998,192.06259399991,3,4,NC(N)=[NH2+].O=C([O-])C=CC(=O)[O-].O
FOVPEO,-0.6959999999999978,332.173607248,1,4,COc1ccc(cc1)N1CC[NH2+]CC1.O=C([O-])c1ccccc1.O
FOVQEP,-0.1656999999999993,330.15795718399994,2,5,COc1ccc(cc1)N1CC[NH2+]CC1.Oc1ccccc1C(=O)[O-]
FOVQIT,-0.4762999999999977,315.1582915320001,1,5,COc1ccc(cc1)N1CC[NH2+]CC1.O=C([O-])c1cccnc1
FOVQUF,-1.320299999999997,310.152871804,2,5,COc1ccc(cc1)N1CC[NH2+]CC1.OC(=O)CCC(=O)[O-]
FOWMUA,-4.7178999999999975,262.10445881191004,2,6,O=C([O-])CCC(=O)[O-].Nc1[nH+]cccc1N.O.O
FOWSEQ,0.9163999999999997,443.10771250400006,3,9,O=C([O-])c1ccc(cc1)N(=O)=O.OC(=O)c1ccc(cc1)N(=O)=O.Nc1c[nH+]ccc1N
FOXLUA,-1.3099999999999992,450.0411186159099,2,9,Nc1[nH+]nc(c(N)n1)c1cccc(Cl)c1Cl.O=C([O-])CCC(=O)[O-].CS(C)=O
FOXLUA02,-1.3099999999999983,450.0411186159099,2,9,CS(C)=O.Nc1[nH+]nc(c(N)n1)c1cccc(Cl)c1Cl.O=C([O-])CCC(=O)[O-]
FOXNIP01,-5.2267,188.965262384,4,2,NC(N)=[NH2+].O[Se](=O)[O-]
FOXNOV01,-4.2524,141.030327746,4,2,OP(=O)[O-].NC(N)=[NH2+]
FOXNOV02,-4.2524,141.030327746,4,2,OP(=O)[O-].NC(N)=[NH2+]
FOXNOW,0.40919999999999984,309.157622836,3,4,[NH3+]CC1(CCCCC1)CC(=O)[O-].OC(=O)c1cccc(O)c1
FOXNUB01,-1.6810999999999998,147.059090472,3,0,F[B-](F)(F)F.NC(N)=[NH2+]
FOXNUB02,-1.6811000000000011,147.05909047199998,3,0,NC(N)=[NH2+].F[B-](F)(F)F
FOXNUB03,-1.6811000000000011,147.05909047199998,3,0,NC(N)=[NH2+].F[B-](F)(F)F
FOXNUB04,-1.6811000000000011,147.05909047199998,3,0,NC(N)=[NH2+].F[B-](F)(F)F
FOXNUB05,-1.6811000000000011,147.05909047199998,3,0,NC(N)=[NH2+].F[B-](F)(F)F
FOXNUB06,-1.6811000000000011,147.05909047199998,3,0,NC(N)=[NH2+].F[B-](F)(F)F
FOXNUB07,-1.6811000000000011,147.05909047199998,3,0,NC(N)=[NH2+].F[B-](F)(F)F
FOXNUB08,-1.6811000000000011,147.05909047199998,3,0,NC(N)=[NH2+].F[B-](F)(F)F
FOXNUB09,-1.6811000000000011,147.05909047199998,3,0,NC(N)=[NH2+].F[B-](F)(F)F
FOXNUB10,-1.6811000000000011,147.05909047199998,3,0,NC(N)=[NH2+].F[B-](F)(F)F
FOXNUB11,-1.6811000000000011,147.05909047199998,3,0,NC(N)=[NH2+].F[B-](F)(F)F
FOXNUB12,-1.6811000000000011,147.05909047199998,3,0,NC(N)=[NH2+].F[B-](F)(F)F
FOXNUB13,-1.6811000000000011,147.05909047199998,3,0,NC(N)=[NH2+].F[B-](F)(F)F
FOXNUB14,-1.6811000000000011,147.05909047199998,3,0,NC(N)=[NH2+].F[B-](F)(F)F
FOXNUB15,-1.6811000000000011,147.05909047199998,3,0,NC(N)=[NH2+].F[B-](F)(F)F
FOXNUB16,-1.6811000000000011,147.05909047199998,3,0,NC(N)=[NH2+].F[B-](F)(F)F
FOXNUB17,-1.6811000000000011,147.05909047199998,3,0,NC(N)=[NH2+].F[B-](F)(F)F
FOXNUB18,-1.6811000000000011,147.05909047199998,3,0,NC(N)=[NH2+].F[B-](F)(F)F
FOXNUB19,-1.6811000000000011,147.05909047199998,3,0,NC(N)=[NH2+].F[B-](F)(F)F
FOXPEO,1.5623999999999993,359.1732729,3,4,[NH3+]CC1(CCCCC1)CC(O)=O.Oc1c(ccc2ccccc12)C(=O)[O-]
FOXPOY,0.12340000000000018,323.17327290000003,3,4,[NH3+]CC1(CCCCC1)CC(O)=O.OC(C(=O)[O-])c1ccccc1
FOXTAN01,-0.6460999999999968,447.18931688799984,4,6,C[NH+](C)CCOC(c1ccccc1)c1ccccc1.OC(=O)CC(O)(CC(O)=O)C(=O)[O-]
FOXTAN03,-0.6460999999999968,447.18931688799984,4,6,C[NH+](C)CCOC(c1ccccc1)c1ccccc1.OC(=O)CC(O)(CC(O)=O)C(=O)[O-]
FOYLAK,-3.4633000000000003,146.055223432,2,5,[NH3+]CC(O)=O.N1=N[N-]N=N1
FOYMAH,-2.523699999999998,208.084792244,2,3,CC(=O)C(=O)[O-].NC(=[NH2+])c1ccccc1
FOYPEQ,0.18279000000000112,434.13723880400005,4,9,O=C1NC(=S)NC(=C1)[O-].COc1cc(Cc2c[nH+]c(N)nc2N)cc(OC)c1OC
FOZZIG,-0.9038999999999999,350.01684889999996,3,9,[NH3+]C(CS)C(O)=O.O=N(=O)c1cc(c([O-])c(c1)N(=O)=O)N(=O)=O
FPAMCA,4.147200000000001,281.06636322,2,2,OC(=O)c1ccccc1Nc1cccc(c1)C(F)(F)F
FPAMCA11,4.147200000000001,281.06636322,2,2,OC(=O)c1ccccc1Nc1cccc(c1)C(F)(F)F
FPAMCA17,4.147200000000001,281.06636322,2,2,OC(=O)c1ccccc1Nc1cccc(c1)C(F)(F)F
FPAMCA18,4.147200000000001,281.06636322,2,2,OC(=O)c1ccccc1Nc1cccc(c1)C(F)(F)F
FPAMCA19,4.147200000000001,281.06636322,2,2,OC(=O)c1ccccc1Nc1cccc(c1)C(F)(F)F
FPAMCA21,4.147200000000001,281.06636322,2,2,OC(=O)c1ccccc1Nc1cccc(c1)C(F)(F)F
FPAMCA22,4.147200000000001,281.06636322,2,2,OC(=O)c1ccccc1Nc1cccc(c1)C(F)(F)F
FPRTOD10,1.8737,380.19990224799994,3,5,CC12CC(O)C3(F)C(CCC4=CC(=O)CCC34C)C1CCC2(O)C(=O)CO
FUBDEO,-5.6885999999999965,305.029365004,1,6,NC(=O)C1CCC2CN1C(=O)N2OS(=O)(=O)[O-].[Na+].O
FUBDIS,-4.8638999999999974,287.01880032,1,6,NC(=O)C1CCC2CN1C(=O)N2OS(=O)(=O)[O-].[Na+]
FUBDIS01,-4.8638999999999974,287.01880032,1,6,NC(=O)C1CCC2CN1C(=O)N2OS(=O)(=O)[O-].[Na+]
FUBDUE,-6.513299999999994,323.0399296879999,1,6,[Na+].NC(=O)C1CCC2CN1C(=O)N2OS(=O)(=O)[O-].O.O
FUFQOQ,2.1976,302.12665705599994,2,4,C(Cc1ccncc1)c1ccncc1.OC(=O)CCC(O)=O
FUFTIK,1.9220000000000006,448.232184744,4,6,CC(C)CC1(CC=C)C(=O)NC(=O)NC1=O.CC(C)CC1(CC=C)C(=O)NC(=O)NC1=O
FUGLEZ,-8.3544,350.01515771600003,2,8,[OH2][Mg]([OH2])([OH2])([OH2])(OS(=O)(=O)[O-])OS(=O)(=O)[O-].[NH3+]CC[NH3+]
FUGMIF02,-8.45000000000001,273.13240928409,4,6,O=[Cl](=O)(=O)[O-].[NH2+]1CCNCC1.[NH2+]1CCNCC1
FUGSEF,4.048700000000003,324.208930136,1,2,CCC12CC(=C)C3C(CCC4=CC(=O)CCC34)C1CCC2(O)C#C
FUGYUC,1.2471999999999994,273.172878976,1,2,O=C([O-])c1ccccc1.[NH3+]C12CC3CC(CC(C3)C1)C2
FUGYUC01,1.2471999999999994,273.172878976,1,2,O=C([O-])c1ccccc1.[NH3+]C12CC3CC(CC(C3)C1)C2
FUGYUC02,1.2471999999999994,273.172878976,1,2,O=C([O-])c1ccccc1.[NH3+]C12CC3CC(CC(C3)C1)C2
FUHGOE,0.26260000000000217,331.116148384,1,1,[Cl-].C[NH+](C)CCC=C1c2ccccc2CSc2ccccc12
FUHVOU02,-1.533999999999999,448.02546855191,2,9,O=C([O-])C=CC(=O)[O-].Nc1[nH+]nc(c(N)n1)c1cccc(Cl)c1Cl.CS(C)=O
FUJPEF,-10.192499999999999,235.06655821409,3,3,[Na+].OP(=O)([O-])[O-].O.O.O.[NH3+]CC[NH3+]
FULPUY,-2.206499999999997,392.0654250359999,2,6,C1[NH+]2CN3CN1CN(C2)C3.OC(=O)c1cc(Cl)c(Cl)cc1C(=O)[O-].O
FULTEP,-1.7877999999999954,340.05121088799996,2,2,[Cl-].[NH3+]C(Cc1ccc(cc1)N(CCCl)CCCl)C(O)=O
FULTIP,2.5908000000000007,396.149713896,0,6,CN(C)C1=NC(=NC(=N1)N(C)C)N(C)C.Fc1c(F)c(F)c(F)c(F)c1F
FULTOZ,0.6919999999999995,423.11788326400006,3,6,O=C([O-])c1cc(cc(c1)N(=O)=O)N(=O)=O.NC(Nc1ccccc1)=[NH+]c1ccccc1
FUMKIJ,3.1439000000000012,486.162723192,3,8,CC(c1ncncc1F)C(O)(CN1C=NC=N1)c1ccc(F)cc1F.Nc1ccc(cc1)C(O)=O
FUQMOU,1.2614,419.0264069759999,2,6,COC(=O)C([NH+]1CCC2=C(C1)C=CS2)c1ccccc1Cl.OS(=O)(=O)[O-]
FURACL02,-0.7977000000000001,130.017855556,2,2,FC1=CNC(=O)NC1=O
FURACL03,-0.7977000000000001,130.017855556,2,2,FC1=CNC(=O)NC1=O
FURDIF,0.9811999999999996,343.066048024,2,6,Nc1ccc(cc1)S(=O)(=O)N=C1NC=CS1.C1COCCO1
FUREHX,-0.6582000000000003,294.087666432,3,6,CCN1C=NC2=C1N=CNC2=O.FC1=CNC(=O)NC1=O
FURMCY,-1.4351999999999994,255.0767674,3,6,CN1C=CC(=NC1=O)N.FC1=CNC(=O)NC1=O
FURSEM02,1.8907,330.00772013200003,3,5,NS(=O)(=O)c1cc(C(O)=O)c(NCC2=CC=CO2)cc1Cl
FURSEM14,1.8907,330.00772013200003,3,5,NS(=O)(=O)c1cc(C(O)=O)c(NCC2=CC=CO2)cc1Cl
FURSEM15,1.8907,330.00772013200003,3,5,NS(=O)(=O)c1cc(C(O)=O)c(NCC2=CC=CO2)cc1Cl
FURSEM16,1.8907,330.00772013200003,3,5,NS(=O)(=O)c1cc(C(O)=O)c(NCC2=CC=CO2)cc1Cl
FURXEX,0.39320000000000055,445.1056043280001,4,7,NS(=O)(=O)c1ccc(cc1)C(O)=O.NC(=O)c1cccnc1.NC(=O)c1cccnc1
FURXIB,0.5876000000000006,418.09470529600003,4,6,NS(=O)(=O)c1ccc(cc1)C(O)=O.NC(=O)c1cccnc1.O=C1NC=CC=C1
FURXOH,0.89602,432.11035536,4,6,NS(=O)(=O)c1ccc(cc1)C(O)=O.NC(=O)c1cccnc1.CC1=CC=CC(=O)N1
FUSVAQ,-2.539,189.086189212,2,4,NC1=NC=NC2=C1N=CN2.O.O.O
FUSVAQ01,-2.539,189.086189212,2,4,NC1=NC=NC2=C1N=CN2.O.O.O
FUSZAY,0.9410000000000011,394.156242932,2,6,O=S(=O)([O-])c1ccccc1.CC[NH+](CC)CCOC(=O)c1ccc(N)cc1
FUSZIG,-4.007899999999995,415.13581851591,4,9,O=C([O-])C(=O)[O-].OC(=O)C(O)=O.CC[NH+](CC)CCOC(=O)c1ccc(N)cc1
FUSZOM,1.249420000000001,408.171892996,2,6,Cc1ccc(cc1)S(=O)(=O)[O-].CC[NH+](CC)CCOC(=O)c1ccc(N)cc1
FUTBAB,-0.4882999999999973,332.14059286800006,2,6,CS(=O)(=O)[O-].CC[NH+](CC)CCOC(=O)c1ccc(N)cc1
FUTBEF,-1.2725999999999962,352.16343648799995,3,6,CC[NH+](CC)CCOC(=O)c1ccc(N)cc1.OC(=O)C=CC(=O)[O-]
FUTBIJ,-1.0485999999999964,354.17908655199994,3,6,CC[NH+](CC)CCOC(=O)c1ccc(N)cc1.OC(=O)CCC(=O)[O-]
FUTJEN,2.3415599999999994,403.16860476409005,3,4,Cc1ccc(cc1)S(=O)(=O)[O-].Cc1ccc(O)c(C)c1.[NH3+]c1ccc([NH3+])cc1
FUTPOD,-2.4274999999999984,335.12823103591006,2,6,[NH3+]Cc1ccc(cc1)S(N)(=O)=O.O=C([O-])CCCCC(=O)[O-].[H].[H].[H].[H]
FUTQUK,1.6111000000000022,490.37705808000004,2,4,O=C([O-])CCCCCCCC(=O)[O-].[NH3+]C12CC3CC(CC(C3)C1)C2.[NH3+]C12CC3CC(CC(C3)C1)C2
FUWNIU,0.01969999999999983,211.059305768,1,5,O=C(NCCON(=O)=O)c1cccnc1
FUWVAU,-0.5670999999999988,350.1590198039999,2,8,CC(=O)[O-].COc1cc(Cc2c[nH+]c(N)nc2N)cc(OC)c1OC
FUXTEB,2.3473999999999995,434.17541881600005,1,4,Fc1ccc(CC2=NNC(=O)c3ccccc23)cc1C(=O)N1CCN(CC1)C(=O)C1CC1
FUXYEC,3.8419000000000034,264.172544628,2,3,CC12CCC(CC1)C(C)(C)O2.Oc1ccc(O)cc1
FUYCOS01,-4.4151999999999925,355.18130069208996,0,2,[OH2][Mg+2]([OH2])([OH2])([OH2])([OH2])[OH2].CC(C)Cc1ccc(cc1)C(C)C(=O)[O-].O
FUYCOS03,-4.4151999999999925,355.18130069208996,0,2,O.[OH2][Mg+2]([OH2])([OH2])([OH2])([OH2])[OH2].CC(C)Cc1ccc(cc1)C(C)C(=O)[O-]
GABZUF,3.8996000000000013,380.1484551199999,4,6,N(c1cccc(Nc2ccccn2)c1)c1ccccn1.OC(=O)CCC(O)=O
GADBEV,-3.8643999999999945,416.12870785599995,4,8,OC(=O)CCC(O)=O.[NH3+]C(CCSC)C(=O)[O-].[NH3+]C(CCSC)C(=O)[O-]
GAGNEJ,2.1902999999999997,298.087494676,4,5,Oc1ccc(O)cc1.Oc1ccc(O)cc1.CS(C)=O
GAHCAW,-2.8651999999999997,418.0528171639099,3,9,Oc1cccc2ccc[nH+]c12.OC(=O)c1nc(C(=O)[O-])c(nc1C(=O)[O-])C(O)=O.O
GAHHOM,-0.5046000000000008,211.095691276,2,6,NC1=NC(=O)N(C=C1)C1CCC(CO)O1
GAHHOM01,-0.5046000000000008,211.095691276,2,6,NC1=NC(=O)N(C=C1)C1CCC(CO)O1
GAHHUT,1.844299999999999,374.04986328,1,8,O=N(=O)c1cc(c([O-])c(c1)N(=O)=O)N(=O)=O.Oc1cccc2ccc[nH+]c12
GAHHUT02,1.8442999999999994,374.04986327999995,1,8,Oc1cccc2ccc[nH+]c12.O=N(=O)c1cc(c([O-])c(c1)N(=O)=O)N(=O)=O
GAHJOO,-3.2852999999999963,361.112129188,4,9,O=C([O-])c1cc(cc(c1)N(=O)=O)N(=O)=O.OCC[NH+](CCO)CCO
GAHZOI,1.5000999999999998,206.06914218,3,3,OC(=O)c1ccccc1O.N1C=CC=N1
GAJKAG,3.368500000000002,414.1613283119999,0,6,COc1ccc(cc1)C1Sc2ccccc2N(CCN(C)C)C(=O)C1OC(C)=O
GAJMIN,2.7200000000000024,476.2774036199999,2,6,CC(C)(C)CC(=O)OCC(=O)C1(O)CCC2C3CCC4=CC(=O)C=CC4(C)C3C(O)CC12C.O
GAJMOT,3.5447000000000024,458.26683893599994,2,6,CC(C)(C)CC(=O)OCC(=O)C1(O)CCC2C3CCC4=CC(=O)C=CC4(C)C3C(O)CC12C
GAJQOA,1.7845999999999993,293.99074886,2,4,[Se]1N=C2C=CC=CC2=N1.Oc1ccc(O)cc1
GAJROB,2.4714,477.944718288,2,6,[Se]1N=C2C=CC=CC2=N1.[Se]1N=C2C=CC=CC2=N1.Oc1cccc(O)c1
GALBIF,2.8278,302.10150492799994,2,6,c1cc(ccn1)N=Nc1ccncc1.OC(=O)CCC(O)=O
GALDEC,0.39931999999999995,139.063328528,1,3,CN1C=CC(=O)C(=C1C)O
GALDEC01,0.39931999999999995,139.063328528,1,3,CN1C=CC(=O)C(=C1C)O
GALDEC02,0.39931999999999995,139.063328528,1,3,CN1C=CC(=O)C(=C1C)O
GALDEC14,0.39931999999999995,139.063328528,1,3,CN1C=CC(=O)C(=C1C)O
GALDEC15,0.39931999999999995,139.063328528,1,3,CN1C=CC(=O)C(=C1C)O
GALDEC16,1.19796,417.189985584,3,9,CN1C=CC(=O)C(=C1C)O.CN1C=CC(=O)C(=C1C)O.CN1C=CC(=O)C(=C1C)O
GALDEC17,0.7986399999999998,278.126657056,2,6,CN1C=CC(=O)C(=C1C)O.CN1C=CC(=O)C(=C1C)O
GALDEC18,0.39931999999999995,139.063328528,1,3,CN1C=CC(=O)C(=C1C)O
GALFEH,-1.9405999999999963,472.09215913599996,3,5,[Br-].CC1[NH2+]C(C)CN(C1)c1c(F)c(N)c2C(=O)C(=CN(C3CC3)c2c1F)C(O)=O
GALJIQ,3.418280000000003,455.1227522880001,1,7,CC(C1=NC(=CS1)c1ccc(cc1)C#N)C(O)(CN1C=NC=N1)c1cc(F)ccc1F.O
GALJUC,4.242980000000003,437.1121876040001,1,7,CC(C1=NC(=CS1)c1ccc(cc1)C#N)C(O)(CN1C=NC=N1)c1cc(F)ccc1F
GALPIT,-0.45869999999999855,283.14197277200003,2,4,CC(Oc1ccccc1)C(O)=O.[NH3+]C(C(C)C)C(=O)[O-]
GAMBAC01,-3.902899999999998,139.04000624,2,1,[Cl-].[NH3+]CCCC(O)=O
GAMBAC10,-3.902899999999998,139.04000624,2,1,[Cl-].[NH3+]CCCC(O)=O
GAMBAC11,-3.902899999999998,139.04000624,2,1,[Cl-].[NH3+]CCCC(O)=O
GAMBUT01,-2.241599999999999,103.063328528,1,2,[NH3+]CCCC(=O)[O-]
GAMBUT02,-2.241599999999999,103.063328528,1,2,[NH3+]CCCC(=O)[O-]
GAMBUT04,-2.241599999999999,103.063328528,1,2,[NH3+]CCCC(=O)[O-]
GAMBUT10,-2.241599999999999,103.063328528,1,2,[NH3+]CCCC(=O)[O-]
GAMBUT11,-2.241599999999999,103.063328528,1,2,[NH3+]CCCC(=O)[O-]
GAMBUT12,-4.483199999999998,206.126657056,2,4,[NH3+]CCCC(=O)[O-].[NH3+]CCCC(=O)[O-]
GAMBUT13,-2.241599999999999,103.063328528,1,2,[NH3+]CCCC(=O)[O-]
GANIDC,-5.9771,95.02502487199999,3,0,[Cl-].NC(N)=[NH2+]
GANIDC01,-5.9771,95.02502487199999,3,0,[Cl-].NC(N)=[NH2+]
GANIDC02,-5.9771,95.02502487199999,3,0,[Cl-].NC(N)=[NH2+]
GANXUP,-1.8736999999999986,284.075684104,2,8,CN1C=NC2=C1C(=O)N(C)C(=O)N2C.OC(=O)C(O)=O
GANXUP01,-1.8736999999999986,284.075684104,2,8,CN1C=NC2=C1C(=O)N(C)C(=O)N2C.OC(=O)C(O)=O
GANXUP02,-1.8736999999999986,284.075684104,2,8,CN1C=NC2=C1C(=O)N(C)C(=O)N2C.OC(=O)C(O)=O
GANYAW,-1.4835999999999987,298.09133416799995,2,8,CN1C=NC2=C1C(=O)N(C)C(=O)N2C.OC(=O)CC(O)=O
GANYEA,-1.3174999999999986,310.09133416799995,2,8,CN1C=NC2=C1C(=O)N(C)C(=O)N2C.OC(=O)C=CC(O)=O
GANYEA01,-1.3174999999999986,310.09133416799995,2,8,CN1C=NC2=C1C(=O)N(C)C(=O)N2C.OC(=O)C=CC(O)=O
GAQFAH,2.6816000000000004,416.14845511999994,3,7,O=C1C(=O)C(=C1NCc1cccnc1)NCc1cccnc1.OC(=O)c1ccccc1
GAQJIT,-1.3259999999999965,435.10452041199994,2,4,[Br-].C[N+]1(CCC23C4Oc5c(O)ccc(CC1C2(O)CCC4=O)c35)CC1CC1
GAQKOA,-5.102499999999998,221.064785072,4,4,CN(CC(O)=O)C(N)=[NH2+].OC(=O)C(=O)[O-]
GAQTAU,2.8227,240.13749651199998,1,4,CC(C)CN1C=Nc2c(N)nc3ccccc3c12
GAQTAU01,2.8227,240.13749651199998,1,4,CC(C)CN1C=Nc2c(N)nc3ccccc3c12
GAQTAU02,2.8227,240.13749651199998,1,4,CC(C)CN1C=Nc2c(N)nc3ccccc3c12
GARYEH,0.8012999999999995,309.07609870399995,3,6,NC1=NC(=O)NC=C1F.CC(=O)Oc1ccccc1C(O)=O
GATMUL,-3.1868000000000007,322.06732491199995,4,7,O=C1NC=C(C(=O)N1)N(=O)=O.NC1=NC(=O)NC=C1F.O.O
GAVBAI,3.6334000000000017,436.16343648799995,2,8,Oc1cccc(O)c1.COC(=O)C=Cc1ccncc1.COC(=O)C=Cc1ccncc1
GAVLEV,1.1833999999999998,450.09739385999995,2,7,Nc1[nH+]nc(c(N)n1)c1cccc(Cl)c1Cl.O=C([O-])c1ccccc1.CN(C)C=O
GAWLOG,2.1293999999999995,342.0964195479999,2,7,O1C(=NN=C1c1ccncc1)c1ccncc1.OC(=O)CCC(O)=O
GAXFOC,-2.835099999999998,395.07872088399995,4,8,[NH2+]=C1NC(=O)N(C=C1)C1CSC(CO)O1.OC(=O)c1ccccc1C(=O)[O-]
GAXFUI,-3.6523999999999957,385.094370948,4,8,O.[NH2+]=C1NC(=O)N(C=C1)C1CSC(CO)O1.Oc1ccccc1C(=O)[O-]
GAXRUU,2.4238,290.16304256399997,3,3,O=C1CC2(CCCCC2)CN1.Nc1ccc(cc1)C(O)=O
GAXSIJ,1.3926000000000003,271.14197277200003,3,3,O=C1CC2(CCCCC2)CN1.OC(=O)CCC(O)=O
GAXSIJ01,1.3926000000000003,271.14197277200003,3,3,O=C1CC2(CCCCC2)CN1.OC(=O)CCC(O)=O
GAZCES,1.5653000000000004,244.084792244,2,3,NC(=O)c1cccnc1.OC(=O)c1ccccc1
GAZCES01,1.5653000000000004,244.084792244,2,3,NC(=O)c1cccnc1.OC(=O)c1ccccc1
GAZWUB,2.7573000000000008,392.10083623200006,4,7,Oc1cc2OC(=CC(=O)c2c(O)c1O)c1ccccc1.NC(=O)c1cccnc1
GEBMEF,0.7405000000000004,374.1073781559999,0,9,CC(=O)OCC[N+](C)(C)C.O=N(=O)c1cc(c([O-])c(c1)N(=O)=O)N(=O)=O
GEDCOL,0.5554999999999999,329.04542412009005,2,3,Clc1ccc(OCC(=O)[O-])c(Cl)c1.[NH3+]c1ccc([NH3+])cc1
GEFFIK,-0.40398,302.13002818399997,3,4,CC1=CNC(=[NH2+])S1.OC(=O)CCCCCCCC(=O)[O-]
GEFXOI,3.704200000000002,491.39745917600004,3,4,CC(CCC(=O)[O-])C1CCC2C3CCC4CC(O)CCC4(C)C3CC(O)C12C.[NH3+]C1CCCCC1
GEGFEH,-0.7322999999999966,344.18649403800003,2,4,CC(C)c1cccc(C(C)C)c1OP(=O)([O-])[O-].[NH2+]1CC[NH2+]CC1
GEHJIN,0.8923999999999999,323.119129152,2,4,C[NH2+]C(C)C(O)c1ccccc1.O=S(=O)([O-])c1ccccc1
GEHKAG,-1.969699999999998,241.131408088,3,4,C[NH2+]C(C)C(O)c1ccccc1.OCC(=O)[O-]
GEHKEK,-2.1263999999999976,299.136887392,4,5,C[NH2+]C(C)C(O)c1ccccc1.OC(CC(O)=O)C(=O)[O-]
GEHKIO,-2.145899999999998,299.136887392,3,4,C[NH2+]C(C)C(O)c1ccccc1.OC(=O)C=CC(=O)[O-].O
GEHKUA,-0.536899999999999,261.10347908800003,2,4,C[NH2+]C(C)C(O)c1ccccc1.CS(=O)(=O)[O-]
GEHLAH,0.06260000000000043,228.111006992,2,4,C[NH2+]C(C)C(O)c1ccccc1.O=N(=O)[O-]
GEHLEL,-0.6936999999999989,263.082743644,3,4,C[NH2+]C(C)C(O)c1ccccc1.OS(=O)(=O)[O-]
GEHLOV,1.2008200000000002,337.1347792159999,2,4,C[NH2+]C(C)C(O)c1ccccc1.Cc1ccc(cc1)S(=O)(=O)[O-]
GEHRUH,-2.461199999999999,199.04000624,1,1,[Cl-].Oc1cccc2ccc[nH+]c12.O
GEHRUH01,-2.461199999999999,199.04000624,1,1,[Cl-].Oc1cccc2ccc[nH+]c12.O
GEHXEX,4.018900000000003,310.123676288,1,2,Clc1ccc2c(CCc3cccnc3C2=C2CCNCC2)c1
GEHXEX01,4.018900000000003,310.123676288,1,2,Clc1ccc2c(CCc3cccnc3C2=C2CCNCC2)c1
GEHXEX02,4.018900000000003,310.123676288,1,2,Clc1ccc2c(CCc3cccnc3C2=C2CCNCC2)c1
GEHXEX03,4.018900000000003,310.123676288,1,2,Clc1ccc2c(CCc3cccnc3C2=C2CCNCC2)c1
GEJHOT,-0.292599999999999,204.183778008,4,4,CCC(CO)NCCNC(CC)CO
GEJHOT01,-0.292599999999999,204.183778008,4,4,CCC(CO)NCCNC(CC)CO
GEKKEQ,-3.228699999999999,332.072530372,4,4,Nc1ccc(cc1)S(=O)(=O)N=C1SC=C[N-]1.NC(N)=[NH2+].O
GEKKIU,0.7002999999999996,328.066382372,3,5,Nc1ccc(cc1)S(=O)(=O)N=C1NC=CS1.CNC(C)=O
GEKKOZ,4.477900000000005,392.29265975999994,3,3,CC(CCC(O)=O)C1CCC2C3CCC4CC(O)CCC4(C)C3CC(O)C12C
GEKLAM,4.477900000000005,392.29265975999994,3,3,CC(CCC(O)=O)C1CCC2C3CCC4CC(O)CCC4(C)C3CC(O)C12C
GEPFIR,0.9813999999999994,377.97076764800005,1,4,ClC(Cl)C(=O)[O-].OC(=O)C(Cl)Cl.CN(C)c1cc[nH+]cc1
GEPQUP,1.0405,375.081497756,3,8,O=C1CN(N=CC2=CC=C(O2)N(=O)=O)C(=O)N1.Nc1cccc(c1)C(O)=O
GEPSAX,1.3923999999999999,412.11313223200005,1,8,O=C1CN(N=CC2=CC=C(O2)N(=O)=O)C(=O)N1.c1cc(ccn1)c1ccncc1.O
GEQRIF,2.1058899999999996,290.04736118,4,5,S=C1NC=NC2=C1NC=N2.OC(=O)c1ccc(O)cc1
GEQRUR,-1.6366999999999992,238.10006544799998,3,5,[S-]C1=C2N=CN=C2N=CN1.[NH2+]1CCNCC1
GEQSAY,-2.4525999999999977,390.1157325760001,4,8,[S-]C1=C2N=CN=C2N=CN1.[S-]C1=C2N=CN=C2N=CN1.[NH2+]1CC[NH2+]CC1
GERCOZ,0.5666999999999999,334.0549486599999,3,7,NC(=O)c1cnccn1.OC(=O)c1cccc(c1C(O)=O)N(=O)=O
GERCOZ01,0.5666999999999999,334.0549486599999,3,7,NC(=O)c1cnccn1.OC(=O)c1cccc(c1C(O)=O)N(=O)=O
GERWUX,-2.4656999999999956,441.2475004599999,3,5,[NH3+]CCCCC(NC(CCc1ccccc1)C(O)=O)C(=O)N1CCCC1C(=O)[O-].O.O
GERWUX01,-4.826599999999992,441.2475004599999,2,5,[NH3+]CCCCC([NH2+]C(CCc1ccccc1)C(=O)[O-])C(=O)N1CCCC1C(=O)[O-].O.O
GERWUX02,-4.826599999999992,441.2475004599999,2,5,[NH3+]CCCCC([NH2+]C(CCc1ccccc1)C(=O)[O-])C(=O)N1CCCC1C(=O)[O-].O.O
GERXAE,-1.6409999999999962,423.23693577599994,3,5,[NH3+]CCCCC(NC(CCc1ccccc1)C(O)=O)C(=O)N1CCCC1C(=O)[O-].O
GERXEI,-0.8162999999999965,405.22637109199997,3,5,[NH3+]CCCCC(NC(CCc1ccccc1)C(O)=O)C(=O)N1CCCC1C(=O)[O-]
GESBAJ,0.4268999999999997,255.074287136,4,4,NC(=O)c1ccc(O)cc1.OC(=O)CCC(O)=O
GESKAS,2.955120000000001,460.14734864400003,2,7,COc1ccc(cc1)B(O)O.CC1=NN=C2CN=C(c3ccccc3)c3cc(Cl)ccc3N12
GESSEG,0.37476,293.965596732,2,6,N#CC1=N[Se]N=C1C#N.Oc1ccc(O)cc1
GETYIO,1.8849999999999993,205.073893212,3,4,Oc1ccc(O)cc1.Oc1ccncc1
GEVDAN,4.971400000000004,351.959140344,2,2,OCc1ccc(Cl)cc1Cl.OCc1ccc(Cl)cc1Cl
GEVJUO,-2.3976999999999977,267.133139404,4,3,Oc1ccccc1C(=O)[O-].C[N+](C)=C(N)N=C(N)N
GEVYOY,2.0083999999999995,301.04971539599995,3,6,Nc1nnc(c(N)n1)c1cccc(Cl)c1Cl.CCO
GEWHID,-2.605599999999998,292.047755104,1,8,CN1C=[NH+]C2=C1C(=O)N(C)C(=O)N2C.OS(=O)(=O)[O-]
GEWLEB,1.6661199999999996,289.05997446400005,2,7,Oc1ccc(O)cc1.N#Cc1cc(C#N)c(nc1C#N)C#N
GEXVEK,-2.359699999999995,322.15603903600004,1,4,[Cl-].COc1ccc(CN(CC[NH+](C)C)c2ncccn2)cc1
GEYLIF,1.4182999999999995,331.03536870799996,1,2,[NH3+]C(C)Cc1cccc(c1)C(F)(F)F.ClC(Cl)C(=O)[O-]
GEYMOQ,1.7311999999999999,388.1018988519999,1,8,O=C1CN(N=CC2=CC=C(O2)c2ccc(cc2)N(=O)=O)C(=O)N1.C1COCO1
GEYMUW,1.7390999999999996,360.10698423199995,2,7,O=C1CN(N=CC2=CC=C(O2)c2ccc(cc2)N(=O)=O)C(=O)N1.CCO
GEYNAD,2.1396999999999995,404.0968134719999,1,9,O=C1CN(N=CC2=CC=C(O2)c2ccc(cc2)N(=O)=O)C(=O)N1.COC(=O)OC
GEYNEH,1.6333999999999997,375.081497756,1,8,O=C1CN(N=CC2=CC=C(O2)c2ccc(cc2)N(=O)=O)C(=O)N1.CN(=O)=O
GEYNOR,0.46059999999999995,298.091334168,2,7,O=C1CN(N=CC2=CC=C(O2)N(=O)=O)C(=O)N1.CC(C)O
GEYNUX,1.2524,346.091334168,2,7,O=C1CN(N=CC2=CC=C(O2)N(=O)=O)C(=O)N1.OCc1ccccc1
GEYQOU,1.7736999999999998,402.1175489159999,1,8,O=C1CN(N=CC2=CC=C(O2)c2ccc(cc2)N(=O)=O)C(=O)N1.C1COCCO1
GEYQUA,1.4448999999999996,387.117883264,1,7,O=C1CN(N=CC2=CC=C(O2)c2ccc(cc2)N(=O)=O)C(=O)N1.CN(C)C=O
GEYRAH,1.7351999999999999,392.0790552319999,1,7,O=C1CN(N=CC2=CC=C(O2)c2ccc(cc2)N(=O)=O)C(=O)N1.CS(C)=O
GEYSAE,2.5668400000000005,416.11544073999994,4,7,Cc1cc(C)nc(NS(=O)(=O)c2ccc(N)cc2)n1.OC(=O)c1ccccc1O
GEYSAE01,2.5668400000000005,416.11544073999994,4,7,Cc1cc(C)nc(NS(=O)(=O)c2ccc(N)cc2)n1.OC(=O)c1ccccc1O
GEYSAE02,2.5668400000000005,416.11544073999994,4,7,Cc1cc(C)nc(NS(=O)(=O)c2ccc(N)cc2)n1.OC(=O)c1ccccc1O
GEYXIV,1.7125999999999997,404.1331989799999,1,7,O=C1CN(N=CC2=CC=C(O2)c2ccc(cc2)N(=O)=O)C(=O)N1.O.C1CCOC1
GEYXOB,2.2703800000000003,355.091668516,1,7,O=C1CN(N=CC2=CC=C(O2)c2ccc(cc2)N(=O)=O)C(=O)N1.CC#N
GEYXOX,-2.3882599999999967,300.08115984400007,2,5,[Cl-].Cc1ncc(C[N+]2=CSC(=C2C)CCO)c(N)n1
GEYXUH,1.4412999999999998,360.0705987239999,2,7,OC=O.O=C1CN(N=CC2=CC=C(O2)c2ccc(cc2)N(=O)=O)C(=O)N1
GEZKEB,-1.8649999999999975,237.07093307200003,2,6,[NH3+]CCC1=CNC=[NH+]1.O=N(=O)[O-].O=N(=O)[O-]
GEZKUU,3.827920000000003,372.198382516,2,6,CN1CCN(CC1)C1=Nc2ccccc2NC2=C1C=C(C)S2.CCCO
GEZLEG,4.556700000000004,489.25489434799994,0,6,CC(=O)SC1CC2=CC(=O)CCC2(C)C2CCC3(C)C(CCC43CCC(=O)O4)C12.CN(C)C=O
GEZREL,3.607540000000002,349.131408088,2,3,CC1=CC(=C(C(=O)N1)C(=O)c1ccccc1)C.OC(=O)c1ccccc1
GICHEG,2.26534,323.246043916,1,3,Cc1ccc(C)c(OCCCC(C)(C)C(=O)[O-])c1.[NH3+]C(C)(C)C
GICHIK,1.2377400000000012,339.240958536,2,4,Cc1ccc(C)c(OCCCC(C)(C)C(=O)[O-])c1.[NH3+]C(C)(C)CO
GICHOQ,0.21014000000000244,355.23587315599997,3,5,Cc1ccc(C)c(OCCCC(C)(C)C(=O)[O-])c1.[NH3+]C(C)(CO)CO
GICHUW,-0.8174599999999963,371.23078777599994,4,6,Cc1ccc(C)c(OCCCC(C)(C)C(=O)[O-])c1.[NH3+]C(CO)(CO)CO
GICMEK,-1.705799999999997,252.102940844,1,1,[Cl-].O.NC1=C2C=CC=CC2=[NH+]C2=C1CCCC2
GICMEK01,-1.2557999999999991,256.134240972,1,1,[Cl-].O.Nc1c2CCCCc2[nH+]c2ccccc12.[H].[H].[H].[H]
GICVUJ,3.9109000000000034,483.115753792,0,6,COC12CC(COC(=O)c3cncc(Br)c3)CN(C)C1CC1=CN(C)c3cccc2c13
GICVUJ01,3.9109000000000034,483.115753792,0,6,COC12CC(COC(=O)c3cncc(Br)c3)CN(C)C1CC1=CN(C)c3cccc2c13
GIDFIM,-1.5035999999999983,273.121237328,3,4,[NH3+]CC1CCC(CC1)C(O)=O.OC(=O)C=CC(=O)[O-]
GIDFOS,-2.7189999999999923,430.23151604799983,4,6,[NH3+]CC1CCC(CC1)C(O)=O.[NH3+]CC1CCC(CC1)C(=O)[O-].OC(=O)C=CC(=O)[O-]
GIDFUY,-2.3282999999999983,291.13180201200004,3,4,[NH3+]CC1CCC(CC1)C(O)=O.OC(=O)C=CC(=O)[O-].O
GIDGIN,1.0221000000000005,340.10929274,2,4,[NH3+]CC1CCC(CC1)C(O)=O.O=C1[N-]S(=O)(=O)c2ccccc12
GIDGOT,-0.9422999999999997,285.15762283600003,3,4,[NH3+]CC1CCC(CC1)C(=O)[O-].Oc1ccccc1O.O
GIDGUZ,-1.7670000000000001,303.16818752,3,4,[NH3+]CC1CCC(CC1)C(=O)[O-].Oc1cccc(O)c1.O.O
GIDHAG,-0.9422999999999999,285.15762283600003,3,4,[NH3+]CC1CCC(CC1)C(=O)[O-].Oc1ccc(O)cc1.O
GIDHEK,-0.412,283.14197277200003,4,5,[NH3+]CC1CCC(CC1)C(=O)[O-].Oc1cccc(O)c1O
GIDLUB,2.5704999999999996,323.01966472,4,5,Clc1ccc2OC(=O)Nc2c1.OC(=O)c1ccc(O)cc1O
GIDQOA,4.966940000000005,416.173607248,3,5,Cc1cccc(C)c1NC(=O)COc1cccc2cccnc12.Oc1ccc(O)cc1
GIFWIF,1.6762999999999995,318.11281856,4,4,NC1=NC(=O)NC=C1F.OC(=O)CCC1=CNc2ccccc12
GIGSEY,-4.459599999999998,252.111006992,2,4,O=C([O-])c1cccc(c1)C(=O)[O-].[NH2+]1CC[NH2+]CC1
GIGTEV,-0.6576999999999966,335.17327290000003,2,5,COC1CC(=O)C(=C1)CC(=O)[O-].C[NH2+]C(C)C(O)c1ccccc1
GIGXOJ,-1.7782999999999975,199.08916641599998,1,4,S=C=[N-].C1[NH+]2CN3CN1CN(C2)C3
GIHBOQ,3.3634000000000026,474.2617535559999,4,7,CC1(CO)C(O)CCC2(C)C(CC=C3C(O)COC3=O)C(=C)CCC12.COc1ccccc1O
GIHCIK,-2.930999999999999,181.085126592,3,2,O=C([O-])c1ccccc1.NC(N)=[NH2+]
GIHWOJ,-1.322999999999999,219.99509620009002,1,4,[Ca+2].CC(=O)NCCCS(=O)(=O)[O-]
GIKKEQ,-1.7661999999999949,464.26025621609,3,9,O=N(=O)c1cc2COCCOCCOCCOCCOCc(c1)c2[O-].[NH3+]CC[NH3+].CCO
GILHAL,4.431500000000004,351.129299912,0,4,CCOC(=O)c1ccc(nc1)C#Cc1ccc2SCCC(C)(C)c2c1
GILXAE,2.3834999999999997,452.11683562000013,3,8,CC1(C)NC(=O)N(C1=O)c1ccc(c(c1)C(F)(F)F)N(=O)=O.Nc1ncnc2NC=Nc12
GIMBEM,-3.1258999999999997,217.055951704,3,5,O=N(=O)C1=C[N-]N=C1N(=O)=O.NC(N)=[NH2+]
GIMNUO,-3.9506000000000006,235.066516388,3,5,O=N(=O)C1=N[N-]C(=C1)N(=O)=O.NC(N)=[NH2+].O
GIMYUY,-6.147799999999996,169.111421592,4,3,[F-].OCC[NH+](CCO)CCO
GINDAI,-4.6707,125.97192563600001,0,3,[K+].CC(=O)C(=O)[O-]
GINFOZ,4.020500000000002,350.087826936,2,2,NC(=O)N1c2ccccc2C=Cc2ccccc12.OC(=O)C(F)(F)F
GINFOZ01,1.2802,350.087826936,2,2,[NH2+]=C(O)N1c2ccccc2C=Cc2ccccc12.FC(F)(F)C(=O)[O-]
GINFOZ02,4.020500000000002,350.087826936,2,2,NC(=O)N1c2ccccc2C=Cc2ccccc12.OC(=O)C(F)(F)F
GINNIB,0.5632999999999999,389.12546718,2,6,CCc1[nH+]c(N)nc(N)c1c1ccc(Cl)cc1.O=C([O-])c1cccnc1.O
GIQRED,1.3156000000000003,449.212156944,2,2,[Cl-].Oc1ccc2C(C(CCc2c1)c1ccccc1)c1ccc(OCC[NH+]2CCCC2)cc1
GIRWUA,3.430020000000002,340.189926008,2,5,Cc1ccnc2N(C3CC3)c3ncccc3C(=O)Nc12.CCCCO
GISKIE,-1.987899999999999,201.074955832,3,4,OC(=O)CCC(=O)[O-].NC1=CC=[NH+]N1
GITRIM,-0.9125000000000001,192.020477736,2,4,Nc1cc[nH+]cc1.OS(=O)(=O)[O-]
GITVAI,-2.3465999999999987,253.065847692,2,7,[NH3+]c1c[nH+]ccc1N.O=N(=O)[O-].O=N(=O)[O-].O
GIVCAQ,2.6048999999999998,301.190260356,3,3,CCCCCNC(N)=NN=CC1=CNc2ccc(OC)cc12
GIVCEU,1.7801999999999998,319.20082504,3,3,CCCCCNC(N)=NN=CC1=CNc2ccc(OC)cc12.O
GIVFIC,-0.5740000000000001,172.059640116,2,5,Nc1c[nH+]ccc1N.O=N(=O)[O-]
GIXDAS,-1.9208999999999996,78.07931294,2,2,O.NCCN
GIXVIW,4.535000000000006,458.2668389359999,3,4,CC1(O)CCC2C3CCC4=CC(=O)CCC4(C)C3CCC12C.OC(=O)c1ccccc1O.O
GIXXOB,3.6784000000000017,379.169605164,1,4,Fc1ccc(cc1)C(=O)CCCN1CCC(=CC1)N1C(=O)Nc2ccccc12
GIXXOB01,3.6784000000000017,379.169605164,1,4,Fc1ccc(cc1)C(=O)CCCN1CCC(=CC1)N1C(=O)Nc2ccccc12
GIYDEZ,-5.547499999999997,246.052171788,3,6,CS(=O)(=O)[O-].[NH3+]CC(O)=O.[NH3+]CC(=O)[O-]
GIYDEZ01,-5.547499999999997,246.052171788,3,6,CS(=O)(=O)[O-].[NH3+]CC(O)=O.[NH3+]CC(=O)[O-]
GIYDEZ04,-5.547499999999997,246.052171788,3,6,CS(=O)(=O)[O-].[NH3+]CC(O)=O.[NH3+]CC(=O)[O-]
GIYLUY,2.3673999999999995,315.15829153199996,3,4,NNC(=O)c1ccncc1.CC(C)(C)c1ccc(cc1)C(O)=O
GIZMAE,2.8537000000000017,397.180169848,1,4,Fc1ccc(cc1)C(=O)CCCN1CCC(=CC1)N1C(=O)Nc2ccccc12.O
GIZMAE01,2.8537000000000017,397.180169848,1,4,Fc1ccc(cc1)C(=O)CCCN1CCC(=CC1)N1C(=O)Nc2ccccc12.O
GLCROL,-1.6681000000000001,92.047344116,3,3,OCC(O)CO
GLCROL01,-1.6681000000000001,92.047344116,3,3,OCC(O)CO
GLICAC01,-1.8734000000000002,152.032087976,4,4,OCC(O)=O.OCC(O)=O
GLICAC10,-1.8734000000000002,152.032087976,4,4,OCC(O)=O.OCC(O)=O
GLULAC10,-3.0132,178.04773804,4,6,OCC1OC(=O)C(O)C(O)C1O
GLUTAM,-3.3876999999999997,146.06914218,2,3,[NH3+]C(CCC(N)=O)C(=O)[O-]
GLUTAM01,-3.3876999999999997,146.06914218,2,3,[NH3+]C(CCC(N)=O)C(=O)[O-]
GLUTAM02,-3.3876999999999997,146.06914218,2,3,[NH3+]C(CCC(N)=O)C(=O)[O-]
GLUTAM03,-3.3876999999999997,146.06914218,2,3,[NH3+]C(CCC(N)=O)C(=O)[O-]
GLUTAM04,-3.3876999999999997,146.06914218,2,3,[NH3+]C(CCC(N)=O)C(=O)[O-]
GLUTAM05,-3.3876999999999997,146.06914218,2,3,[NH3+]C(CCC(N)=O)C(=O)[O-]
GLUTAM06,-3.3876999999999997,146.06914218,2,3,[NH3+]C(CCC(N)=O)C(=O)[O-]
GLUTAM07,-3.3876999999999997,146.06914218,2,3,[NH3+]C(CCC(N)=O)C(=O)[O-]
GLUTAM08,-3.3876999999999997,146.06914218,2,3,[NH3+]C(CCC(N)=O)C(=O)[O-]
GLUTAM09,-3.3876999999999997,146.06914218,2,3,[NH3+]C(CCC(N)=O)C(=O)[O-]
GLUTAM10,-3.3876999999999997,146.06914218,2,3,[NH3+]C(CCC(N)=O)C(=O)[O-]
GLUTAN,-5.048999999999998,182.045819892,3,2,[Cl-].[NH3+]C(CCC(N)=O)C(O)=O
GLYBAC10,-7.223299999999999,265.91614438409,1,2,[Ba+2].[Cl-].[NH3+]CC(=O)[O-].O
GLYCAD,-15.715200000000001,332.0066118759999,2,4,[Ca+2].[Cl-].[Cl-].[NH3+]CC(=O)[O-].[NH3+]CC(=O)[O-].O.O.O.O
GLYCAD10,-15.715200000000001,332.0066118759999,2,4,[Ca+2].[Cl-].[Cl-].[NH3+]CC(=O)[O-].[NH3+]CC(=O)[O-].O.O.O.O
GLYCIN,-3.0218,75.0320284,1,2,[NH3+]CC(=O)[O-]
GLYCIN01,-3.0218,75.0320284,1,2,[NH3+]CC(=O)[O-]
GLYCIN02,-3.0218,75.0320284,1,2,[NH3+]CC(=O)[O-]
GLYCIN03,-3.0218,75.0320284,1,2,[NH3+]CC(=O)[O-]
GLYCIN04,-3.0218,75.0320284,1,2,[NH3+]CC(=O)[O-]
GLYCIN05,-3.0218,75.0320284,1,2,[NH3+]CC(=O)[O-]
GLYCIN15,-3.0218,75.0320284,1,2,[NH3+]CC(=O)[O-]
GLYCIN16,-3.0218,75.0320284,1,2,[NH3+]CC(=O)[O-]
GLYCIN17,-3.0218,75.0320284,1,2,[NH3+]CC(=O)[O-]
GLYCIN18,-3.0218,75.0320284,1,2,[NH3+]CC(=O)[O-]
GLYCIN19,-3.0218,75.0320284,1,2,[NH3+]CC(=O)[O-]
GLYCIN20,-3.0218,75.0320284,1,2,[NH3+]CC(=O)[O-]
GLYCIN21,-3.0218,75.0320284,1,2,[NH3+]CC(=O)[O-]
GLYCIN22,-3.0218,75.0320284,1,2,[NH3+]CC(=O)[O-]
GLYCIN23,-3.0218,75.0320284,1,2,[NH3+]CC(=O)[O-]
GLYCIN24,-3.0218,75.0320284,1,2,[NH3+]CC(=O)[O-]
GLYCIN25,-3.0218,75.0320284,1,2,[NH3+]CC(=O)[O-]
GLYCIN26,-3.0218,75.0320284,1,2,[NH3+]CC(=O)[O-]
GLYCIN27,-3.0218,75.0320284,1,2,[NH3+]CC(=O)[O-]
GLYCIN28,-3.0218,75.0320284,1,2,[NH3+]CC(=O)[O-]
GLYCIN29,-3.0218,75.0320284,1,2,[NH3+]CC(=O)[O-]
GLYCIN30,-3.0218,75.0320284,1,2,[NH3+]CC(=O)[O-]
GLYCIN31,-3.0218,75.0320284,1,2,[NH3+]CC(=O)[O-]
GLYCIN32,-3.0218,75.0320284,1,2,[NH3+]CC(=O)[O-]
GLYCIN33,-3.0218,75.0320284,1,2,[NH3+]CC(=O)[O-]
GLYCIN34,-3.0218,75.0320284,1,2,[NH3+]CC(=O)[O-]
GLYCIN35,-3.0218,75.0320284,1,2,[NH3+]CC(=O)[O-]
GLYCIN36,-3.0218,75.0320284,1,2,[NH3+]CC(=O)[O-]
GLYCIN37,-3.0218,75.0320284,1,2,[NH3+]CC(=O)[O-]
GLYCIN38,-3.0218,75.0320284,1,2,[NH3+]CC(=O)[O-]
GLYCIN39,-3.0218,75.0320284,1,2,[NH3+]CC(=O)[O-]
GLYCIN40,-3.0218,75.0320284,1,2,[NH3+]CC(=O)[O-]
GLYCIN41,-3.0218,75.0320284,1,2,[NH3+]CC(=O)[O-]
GLYCIN42,-3.0218,75.0320284,1,2,[NH3+]CC(=O)[O-]
GLYCIN43,-3.0218,75.0320284,1,2,[NH3+]CC(=O)[O-]
GLYCIN44,-3.0218,75.0320284,1,2,[NH3+]CC(=O)[O-]
GLYCIN45,-3.0218,75.0320284,1,2,[NH3+]CC(=O)[O-]
GLYCIN46,-3.0218,75.0320284,1,2,[NH3+]CC(=O)[O-]
GLYCIN47,-3.0218,75.0320284,1,2,[NH3+]CC(=O)[O-]
GLYCIN48,-3.0218,75.0320284,1,2,[NH3+]CC(=O)[O-]
GLYCIN49,-3.0218,75.0320284,1,2,[NH3+]CC(=O)[O-]
GLYCIN50,-3.0218,75.0320284,1,2,[NH3+]CC(=O)[O-]
GLYCIN51,-3.0218,75.0320284,1,2,[NH3+]CC(=O)[O-]
GLYCIN52,-3.0218,75.0320284,1,2,[NH3+]CC(=O)[O-]
GLYCIN53,-3.0218,75.0320284,1,2,[NH3+]CC(=O)[O-]
GLYCIN54,-3.0218,75.0320284,1,2,[NH3+]CC(=O)[O-]
GLYCIN55,-3.0218,75.0320284,1,2,[NH3+]CC(=O)[O-]
GLYCIN56,-3.0218,75.0320284,1,2,[NH3+]CC(=O)[O-]
GLYCIN57,-3.0218,75.0320284,1,2,[NH3+]CC(=O)[O-]
GLYCIN58,-3.0218,75.0320284,1,2,[NH3+]CC(=O)[O-]
GLYCIN59,-3.0218,75.0320284,1,2,[NH3+]CC(=O)[O-]
GLYCIN60,-3.0218,75.0320284,1,2,[NH3+]CC(=O)[O-]
GLYCIN61,-3.0218,75.0320284,1,2,[NH3+]CC(=O)[O-]
GLYCIN62,-3.0218,75.0320284,1,2,[NH3+]CC(=O)[O-]
GLYCIN63,-3.0218,75.0320284,1,2,[NH3+]CC(=O)[O-]
GLYCIN64,-3.0218,75.0320284,1,2,[NH3+]CC(=O)[O-]
GLYCIN65,-3.0218,75.0320284,1,2,[NH3+]CC(=O)[O-]
GLYCIN66,-3.0218,75.0320284,1,2,[NH3+]CC(=O)[O-]
GLYCIN67,-3.0218,75.0320284,1,2,[NH3+]CC(=O)[O-]
GLYCIN68,-3.0218,75.0320284,1,2,[NH3+]CC(=O)[O-]
GLYCIN69,-3.0218,75.0320284,1,2,[NH3+]CC(=O)[O-]
GLYCIN71,-3.0218,75.0320284,1,2,[NH3+]CC(=O)[O-]
GLYCIN72,-3.0218,75.0320284,1,2,[NH3+]CC(=O)[O-]
GLYCIN73,-3.0218,75.0320284,1,2,[NH3+]CC(=O)[O-]
GLYCIN74,-3.0218,75.0320284,1,2,[NH3+]CC(=O)[O-]
GLYCIN75,-3.0218,75.0320284,1,2,[NH3+]CC(=O)[O-]
GLYCIN76,-3.0218,75.0320284,1,2,[NH3+]CC(=O)[O-]
GLYCIN77,-3.0218,75.0320284,1,2,[NH3+]CC(=O)[O-]
GLYCIN78,-3.0218,75.0320284,1,2,[NH3+]CC(=O)[O-]
GLYCIN79,-3.0218,75.0320284,1,2,[NH3+]CC(=O)[O-]
GLYCIN80,-3.0218,75.0320284,1,2,[NH3+]CC(=O)[O-]
GLYCIN81,-6.0436,150.0640568,2,4,[NH3+]CC(=O)[O-].[NH3+]CC(=O)[O-]
GLYCIN82,-9.065400000000004,225.0960852,3,6,[NH3+]CC(=O)[O-].[NH3+]CC(=O)[O-].[NH3+]CC(=O)[O-]
GLYCIN83,-3.0218,75.0320284,1,2,[NH3+]CC(=O)[O-]
GLYCIN84,-3.0218,75.0320284,1,2,[NH3+]CC(=O)[O-]
GLYCIN85,-3.0218,75.0320284,1,2,[NH3+]CC(=O)[O-]
GLYCIN86,-3.0218,75.0320284,1,2,[NH3+]CC(=O)[O-]
GLYCIN87,-3.0218,75.0320284,1,2,[NH3+]CC(=O)[O-]
GLYCIN88,-3.0218,75.0320284,1,2,[NH3+]CC(=O)[O-]
GLYCIN89,-3.0218,75.0320284,1,2,[NH3+]CC(=O)[O-]
GLYCIN90,-3.0218,75.0320284,1,2,[NH3+]CC(=O)[O-]
GLYCIN91,-3.0218,75.0320284,1,2,[NH3+]CC(=O)[O-]
GLYCIN92,-3.0218,75.0320284,1,2,[NH3+]CC(=O)[O-]
GLYCIN93,-3.0218,75.0320284,1,2,[NH3+]CC(=O)[O-]
GLYCIN94,-3.0218,75.0320284,1,2,[NH3+]CC(=O)[O-]
GLYCIN95,-3.0218,75.0320284,1,2,[NH3+]CC(=O)[O-]
GLYCIN96,-3.0218,75.0320284,1,2,[NH3+]CC(=O)[O-]
GLYCIN97,-3.0218,75.0320284,1,2,[NH3+]CC(=O)[O-]
GLYCIN98,-3.0218,75.0320284,1,2,[NH3+]CC(=O)[O-]
GLYCIN99,-3.0218,75.0320284,1,2,[NH3+]CC(=O)[O-]
GLYCNI,-1.9261999999999997,138.027671292,2,4,[NH3+]CC(O)=O.O=N(=O)[O-]
GLYCPH,-3.247699999999999,173.008923606,4,3,OP(O)(=O)[O-].[NH3+]CC(O)=O
GLYCPH01,-3.247699999999999,173.008923606,4,3,OP(O)(=O)[O-].[NH3+]CC(O)=O
GLYHCL,-4.683099999999999,111.008706112,2,1,[Cl-].[NH3+]CC(O)=O
GLYHCL01,-4.683099999999999,111.008706112,2,1,[Cl-].[NH3+]CC(O)=O
GLYHCL02,-4.683099999999999,111.008706112,2,1,[Cl-].[NH3+]CC(O)=O
GLYHCL03,-4.683099999999999,111.008706112,2,1,[Cl-].[NH3+]CC(O)=O
GLYSRC10,-8.047999999999998,233.92707396809,1,2,[Cl-].[NH3+]CC(=O)[O-].O.O.[Sr+2]
GLYTMS,-3.065299999999999,303.059030996,4,5,OC(=O)c1cc(cc(c1)C(O)=O)C(O)=O.[NH3+]CC(=O)[O-].O
GOBVAU,3.1654400000000025,428.087052798,2,5,Cc1ncc(C[N+]2=CSC(=C2C)CCO)c(N)n1.O.F[P-](F)(F)(F)(F)F
GODHUG,-3.6203999999999974,462.04132251191,3,6,Clc1ccccc1.O=S(=O)([O-])c1ccc(cc1)S(=O)(=O)[O-].O.O.O.NC(N)=[NH2+]
GODNAO,3.3916600000000017,243.125928784,1,2,Cc1cc(C)nc(C)c1.OC(=O)c1ccccc1
GOFRIG,0.6614999999999995,196.084792244,2,3,CCC(O)=O.NC(=O)c1ccncc1
GOFSEA,-1.4266799999999975,235.15533764808998,2,2,CC1=CC(=O)N([N-]1)c1ccccc1.[NH3+]CC[NH3+]
GOFWOP,-4.470399999999995,366.1790865519999,2,4,[NH3+]C(Cc1ccccc1)C(=O)[O-].[NH3+]C(Cc1ccccc1)C(=O)[O-].O.O
GOFWOP01,-4.470399999999995,366.1790865519999,2,4,[NH3+]C(Cc1ccccc1)C(=O)[O-].[NH3+]C(Cc1ccccc1)C(=O)[O-].O.O
GOFWOP02,-4.470399999999995,366.1790865519999,2,4,[NH3+]C(Cc1ccccc1)C(=O)[O-].[NH3+]C(Cc1ccccc1)C(=O)[O-].O.O
GOFWOP03,-4.470399999999995,366.1790865519999,2,4,[NH3+]C(Cc1ccccc1)C(=O)[O-].[NH3+]C(Cc1ccccc1)C(=O)[O-].O.O
GOFWUV,-3.645699999999996,348.1685218679999,2,4,[NH3+]C(Cc1ccccc1)C(=O)[O-].[NH3+]C(Cc1ccccc1)C(=O)[O-].O
GOFWUV01,-3.645699999999996,348.1685218679999,2,4,[NH3+]C(Cc1ccccc1)C(=O)[O-].[NH3+]C(Cc1ccccc1)C(=O)[O-].O
GOFWUV02,-3.645699999999996,348.1685218679999,2,4,[NH3+]C(Cc1ccccc1)C(=O)[O-].[NH3+]C(Cc1ccccc1)C(=O)[O-].O
GOGLAS,-2.338779999999997,332.978274344,2,4,[Br-].[NH3+]c1ccc(cc1)S(=O)(=O)NC1=NOC(=C1)C
GOGLAT,0.6107999999999989,379.05894268799995,3,5,OC1=C(Cl)C(=O)C(=C(Cl)C1=O)[O-].[NH3+]CC1(CCCCC1)CC(O)=O
GOGQEZ,2.1687000000000007,422.26683893599994,4,6,CC12CCC(=O)C=C1CCC1C3CCC(O)(C(=O)CO)C3(C)CC(O)C21.CC(C)O
GOGQID,1.7494,288.111006992,2,5,NC(=O)c1cccnc1.CCOC(=O)c1ccc(O)cc1
GOHSUS,-1.3412599999999952,342.207405912,2,1,O.CCCC[NH+]1CCCCC1C(=O)Nc1c(C)cccc1C.[Cl-]
GOHTUW,2.7514000000000003,285.10010796,3,3,OC(=O)C=Cc1ccccc1.Nc1ccc(cc1)C(O)=O
GOJLIC,3.4680000000000013,358.012326844,3,5,Oc1ccc(Cl)cc1C(=O)Nc1ccc(cc1Cl)N(=O)=O.CO
GOJRUU,-5.434299999999998,348.0414911439999,2,5,Nc1cc[nH+]cc1.[NH3+]c1cc[nH+]cc1.O=[As]([O-])([O-])[O-].O
GOKBAL,2.0793999999999997,274.095356928,2,4,OC(=O)CCC(O)=O.c1cc(ccn1)c1ccncc1
GOKBAL01,2.0793999999999992,274.095356928,2,4,c1cc(ccn1)c1ccncc1.OC(=O)CCC(O)=O
GOKCES,1.1469999999999996,470.27538694800006,2,8,O.CN(C)C(=O)C1=Cc2cnc(Nc3ccc(cn3)N3CCNCC3)nc2N1C1CCCC1.O
GOLGIA,-4.491199999999998,328.0776157520001,3,4,[O-]C(=S)c1[nH+]c(ccc1)C([O-])=S.CN(C)C(=[NH2+])N=C(N)N
GOLVOS,-3.3630999999999958,280.145678248,2,5,[NH3+]C(CCSC)C(=O)[O-].[NH3+]C(CCCC)C(=O)[O-]
GOLVUY,-3.460199999999997,248.173607248,2,4,[NH3+]C(C(C)C)C(=O)[O-].[NH3+]C(CCCC)C(=O)[O-]
GOLZIR,-7.156499999999999,284.085580092,4,6,OC(=O)C=CC(=O)[O-].[NH3+]CC(O)=O.[NH3+]CC(=O)[O-].O
GOMDAO,-1.6629999999999996,282.121571676,3,3,[NH3+]C(CC1=CNc2ccccc12)C(=O)[O-].CC(O)=O.O
GOMDET,1.2240999999999993,376.12052612,1,8,CN1C=NC2=C1C(=O)N(C)C(=O)N2C.OC(=O)CCSc1ccccc1
GOMREF,2.1621000000000015,403.181729408,1,4,CS(=O)(=O)[O-].C[NH+]1C2CCC1CC(C2)OC(c1ccccc1)c1ccccc1
GONLUU,4.601280000000004,466.25800556800004,2,8,CCOC(=O)c1ccc(N)cc1.CCOC(=O)c1ccc(N)cc1.Cc1nc(C)c(C)nc1C
GONTOW,0.9054000000000002,290.09027154800003,4,5,OC(=O)Cc1ccc(O)c(O)c1.NC(=O)c1cccnc1
GOPGEX,4.385440000000004,430.16410518400005,4,8,Oc1ccc(O)cc1.Cc1cnc2cccc(O)c2n1.Cc1cnc2cccc(O)c2n1
GORKUV,-6.346600000000001,183.13710074008998,4,2,[NH3+]CCNCCNCC[NH3+].[Cl-]
GORKUV01,-9.342600000000008,218.10650199999998,4,2,[Cl-].[Cl-].[NH3+]CCNCCNCC[NH3+]
GOVZIC,-6.147799999999996,277.017491372,4,3,[I-].OCC[NH+](CCO)CCO
GOVZIC01,-6.147799999999996,277.017491372,4,3,[I-].OCC[NH+](CCO)CCO
GOWPOA,0.27331999999999984,313.06200820000004,1,4,Cc1ccc(cc1)S(=O)(=O)[O-].OC(=O)c1c[nH+]ccc1.O
GOYGOU,1.0857999999999999,462.1306121360001,3,9,Oc1ccc(Cl)cc1C(=O)[O-].COc1cc(Cc2c[nH+]c(N)nc2N)cc(OC)c1OC
GOZTUO,-3.5247000000000006,392.1543283479998,3,9,CN1C=NC2=C1C(=O)N(C)C(=O)N2C.Oc1cccc(O)c1O.O.O.O.O
GOZVAW,-0.2259000000000005,320.1120696119999,3,9,CN1C=NC2=C1C(=O)N(C)C(=O)N2C.Oc1cccc(O)c1O
GRISFL,2.8103000000000007,352.071365944,0,6,COc1cc(OC)c2C(=O)C3(Oc2c1Cl)C(C)CC(=O)C=C3OC
GRISFL02,2.8103000000000007,352.071365944,0,6,COc1cc(OC)c2C(=O)C3(Oc2c1Cl)C(C)CC(=O)C=C3OC
GRISFL03,2.8103000000000007,352.071365944,0,6,COc1cc(OC)c2C(=O)C3(Oc2c1Cl)C(C)CC(=O)C=C3OC
GRISFL04,2.8103000000000007,352.071365944,0,6,COc1cc(OC)c2C(=O)C3(Oc2c1Cl)C(C)CC(=O)C=C3OC
GRISFL06,2.8103000000000007,352.071365944,0,6,COc1cc(OC)c2C(=O)C3(Oc2c1Cl)C(C)CC(=O)C=C3OC
GRISFL07,2.8103000000000007,352.071365944,0,6,COc1cc(OC)c2C(=O)C3(Oc2c1Cl)C(C)CC(=O)C=C3OC
GRISFL10,2.8103000000000007,352.071365944,0,6,COc1cc(OC)c2C(=O)C3(Oc2c1Cl)C(C)CC(=O)C=C3OC
GRISFL18,2.8103000000000007,352.071365944,0,6,COc1cc(OC)c2C(=O)C3(Oc2c1Cl)C(C)CC(=O)C=C3OC
GRISFL24,2.8103000000000007,352.071365944,0,6,COc1cc(OC)c2C(=O)C3(Oc2c1Cl)C(C)CC(=O)C=C3OC
GRISFL25,2.8103000000000007,352.071365944,0,6,COc1cc(OC)c2C(=O)C3(Oc2c1Cl)C(C)CC(=O)C=C3OC
GRISFL26,2.8103000000000007,352.071365944,0,6,COc1cc(OC)c2C(=O)C3(Oc2c1Cl)C(C)CC(=O)C=C3OC
GRISFL40,2.8103000000000007,352.071365944,0,6,COc1cc(OC)c2C(=O)C3(Oc2c1Cl)C(C)CC(=O)C=C3OC
GRISFL41,2.8103000000000007,352.071365944,0,6,COc1cc(OC)c2C(=O)C3(Oc2c1Cl)C(C)CC(=O)C=C3OC
GRISFL42,2.8103000000000007,352.071365944,0,6,COc1cc(OC)c2C(=O)C3(Oc2c1Cl)C(C)CC(=O)C=C3OC
GRISFL43,2.8103000000000007,352.071365944,0,6,COc1cc(OC)c2C(=O)C3(Oc2c1Cl)C(C)CC(=O)C=C3OC
GRISFL44,2.8103000000000007,352.071365944,0,6,COc1cc(OC)c2C(=O)C3(Oc2c1Cl)C(C)CC(=O)C=C3OC
GRISFL45,2.8103000000000007,352.071365944,0,6,COc1cc(OC)c2C(=O)C3(Oc2c1Cl)C(C)CC(=O)C=C3OC
GRISFL47,2.8103000000000007,352.071365944,0,6,COc1cc(OC)c2C(=O)C3(Oc2c1Cl)C(C)CC(=O)C=C3OC
GUANCB,-5.428100000000001,120.04146463190999,3,3,O=C([O-])[O-].NC(N)=[NH2+]
GUANCB01,-5.428100000000001,120.04146463191,3,3,NC(N)=[NH2+].O=C([O-])[O-]
GUANCB02,-5.428100000000001,120.04146463190999,3,3,O=C([O-])[O-].NC(N)=[NH2+]
GUANCW,-3.1205999999999943,386.20127854000003,3,9,C1COCCOCCOCCOCCOCCO1.NC(N)=[NH2+].O=N(=O)[O-]
GUAPST,-3.4277000000000006,123.019763062,3,2,O=P[O-].NC(N)=[NH2+]
GUAPST01,-3.4277000000000006,123.019763062,3,2,NC(N)=[NH2+].O=P[O-]
GUBARB10,-3.687599999999998,279.154268772,4,3,CCC1(CC)C(=O)NC(=O)[N-]C1=O.NC(N)=[NH2+].O.O
GUDFIY,-2.6839999999999975,227.11903239209,2,2,Fc1ccc(cc1)C(=O)[O-].[NH2+]1CC[NH2+]CC1
GUFKUR,-2.4962999999999997,288.04544659600003,3,7,O=N(=O)c1cc(c([O-])c(c1)N(=O)=O)N(=O)=O.NC(N)=[NH2+]
GUHOXM,-5.9849,167.054220388,4,3,OC(=O)C(=O)[O-].NC(N)=[NH2+].O
GUHOXM01,-5.9849,167.054220388,4,3,OC(=O)C(=O)[O-].NC(N)=[NH2+].O
GUHOXM02,-5.9849,167.054220388,4,3,OC(=O)C(=O)[O-].O.NC(N)=[NH2+]
GUHOXM04,-5.9849,167.054220388,4,3,OC(=O)C(=O)[O-].NC(N)=[NH2+].O
GUHZES,0.9964000000000004,382.189257312,2,5,CC(C)[NH2+]CC(O)COc1cccc2ccccc12.O=C([O-])c1cccnc1
GUJBOG,-1.520499999999995,421.221285712,4,7,CC(C)[NH2+]CC(O)COc1ccc(CC(N)=O)cc1.O=C([O-])c1cccnc1.CO
GUJPAG,-3.003099999999999,314.07501540799996,3,5,NC(=O)c1c[nH+]ccc1.OC(=O)C=C(CC(=O)[O-])C(O)=O.O
GUJPAG01,-3.003099999999999,314.07501540799996,3,5,NC(=O)c1c[nH+]ccc1.OC(=O)C=C(CC(=O)[O-])C(O)=O.O
GUKPOR,-4.795399999999997,276.06400955600003,4,4,OP(=O)([O-])CCP(O)(=O)[O-].[NH2+]1CC[NH2+]CC1
GUKSAH,-8.642500000000004,319.090952576,4,5,[NH3+]C(C)(P(O)(=O)[O-])P(=O)([O-])[O-].[NH3+]CC[NH3+].O.O.O
GUKYEQ,-3.9593999999999934,324.15326572799995,2,6,OC(=O)C(=O)[O-].C[N+](C)(C)CC(=O)[O-].C[N+](C)(C)CC(O)=O
GUKZOB,4.593800000000002,273.26677936,1,2,CCCCCCCCCCCCCCCC(=O)[O-].[NH4+]
GULQOV,-2.2364799999999985,360.0198261039999,3,7,[NH3+]c1ccc(cc1)S(=O)(=O)N=C1NN=C(C)S1.OC(=O)C(=O)[O-]
GULQOV01,-2.2364799999999985,360.0198261039999,3,7,[NH3+]c1ccc(cc1)S(=O)(=O)N=C1NN=C(C)S1.OC(=O)C(=O)[O-]
GUNPEK,3.4487000000000023,408.28757437999997,4,4,CC(CCC(O)=O)C1CCC2C3C(O)CC4CC(O)CCC4(C)C3CC(O)C12C
GURNEN,0.06449999999999995,56.026214748,0,1,C=O.C#C
GUSSES,3.5584000000000024,479.24202115599996,2,8,CN(C)C=CC(=O)c1cc(cc(c1)C(=O)C=CN(C)C)C(=O)C=CN(C)C.Oc1ccc(O)cc1
GUTSIX,-3.4988999999999946,356.16958448800005,3,7,OC(=O)C1CC(CC(C1)C(=O)[O-])C(O)=O.C1[NH+]2CN3CN1CN(C2)C3
GUVHOY,0.8862999999999996,349.06584769200003,3,8,OC(=O)c1cc(cc(c1)N(=O)=O)N(=O)=O.NNC(=O)c1ccncc1
GUVXEC,0.7376999999999999,256.084792244,2,3,Oc1ccccc1C(=O)[O-].N1C=[NH+]c2ccccc12
GUVXEC01,0.7376999999999999,256.084792244,2,3,Oc1ccccc1C(=O)[O-].N1C=[NH+]c2ccccc12
GUWRAV,1.5097000000000003,447.130946484,3,8,O=C([O-])c1ccc(cc1)N(=O)=O.CCc1[nH+]c(N)nc(N)c1c1ccc(Cl)cc1.CO
GUXNEV,-2.208199999999998,295.09683414799997,3,4,FC1=CNC(=O)NC1=O.[NH3+]C(Cc1ccccc1)C(=O)[O-]
GUXQOI,-3.8347999999999987,133.085126592,3,2,NC(N)=[NH2+].CCC(=O)[O-]
GUXTIF,1.2874999999999996,378.0568803080001,2,8,CC(=O)NC1=NN=C(S1)S(N)(=O)=O.c1cc(ccn1)c1ccncc1
GUXTOL,1.7908999999999997,404.0725303720001,2,8,CC(=O)NC1=NN=C(S1)S(N)(=O)=O.c1cc(ccn1)C=Cc1ccncc1
GUXTUR,1.405699999999999,406.0881804360001,2,8,CC(=O)NC1=NN=C(S1)S(N)(=O)=O.C(Cc1ccncc1)c1ccncc1
GUXVAZ,1.7957999999999992,420.1038305000001,2,8,CC(=O)NC1=NN=C(S1)S(N)(=O)=O.C(Cc1ccncc1)Cc1ccncc1
GUXVIH,-0.37950000000000084,302.02558018,2,8,CC(=O)NC1=NN=C(S1)S(N)(=O)=O.c1cnccn1
GUYGOX03,-0.6502999999999979,471.0173622840001,1,6,C[N+]1(C)C2CC(CC1C1OC21)OC(=O)C(O)(C1=CC=CS1)C1=CC=CS1.[Br-]
GUYGUD01,-1.4749999999999954,489.0279269679999,1,6,[Br-].C[N+]1(C)C2CC(CC1C1OC21)OC(=O)C(O)(C1=CC=CS1)C1=CC=CS1.O
HABGOL,0.5236000000000034,385.20742363609,0,0,[I-].C[N+](C)(C)CCCCCCCCCC[N+](C)(C)C
HABGUR,0.5236000000000034,385.20742363609,0,0,[I-].C[N+](C)(C)CCCCCCCCCC[N+](C)(C)C
HABHAY,1.0534800000000029,426.2339727320901,0,1,[I-].C[N+](C)(C)CCCCCCCCCC[N+](C)(C)C.CC#N
HABJAY,3.1144000000000007,369.08240720799995,2,4,CC(=O)Oc1cc(ccc1C(O)=O)C(F)(F)F.NC(=O)c1ccccc1
HABJEC,2.5094000000000003,370.077656176,2,5,CC(=O)Oc1cc(ccc1C(O)=O)C(F)(F)F.NC(=O)c1ccncc1
HABJIG,2.509400000000001,370.077656176,2,5,CC(=O)Oc1cc(ccc1C(O)=O)C(F)(F)F.NC(=O)c1ccccn1
HABJOM,2.2106,321.082407208,2,4,CC(=O)Oc1cc(ccc1C(O)=O)C(F)(F)F.CCC(N)=O
HABJUS,1.3526999999999996,308.062006112,3,4,NC(N)=O.CC(=O)Oc1cc(ccc1C(O)=O)C(F)(F)F
HABKAZ,4.017000000000002,391.160657528,2,4,CC(=O)Oc1cc(ccc1C(O)=O)C(F)(F)F.CCCC(CCC)C(N)=O
HABVIP,4.324700000000005,411.33485891999993,1,3,CCCCCCCCCCCCCC[N+](C)(C)C.Oc1ccccc1C(=O)[O-].O
HABYOD,-2.4723999999999915,416.14017341600004,0,0,[Br-].C[N+](C)(C)CCCCCCCCCC[N+](C)(C)C.[Br-]
HACGEY,-0.6345999999999974,433.06837013000006,3,4,O=S(=O)([O-])c1cccc(c1)P(=S)(c1ccccc1)c1ccccc1.NC(N)=[NH2+]
HACGIC,-1.0129999999999972,481.0128204300001,3,3,O=S(=O)([O-])c1cccc(c1)P(=[Se])(c1ccccc1)c1ccccc1.NC(N)=[NH2+]
HADYUK,2.175,411.1728960400001,3,7,Nc1ccc(cc1)S(=O)(=O)c1ccc(N)cc1.C1CN(CCN1)c1ccncc1
HADZAR,2.175,411.1728960400001,3,7,Nc1ccc(cc1)S(=O)(=O)c1ccc(N)cc1.C1CN(CCN1)c1ccncc1
HAFNUX,4.357300000000007,457.17866389599993,1,3,CC12CCC3C(CCc4cc(OC(=O)N(CCCl)CCCl)ccc34)C1CCC2O.O
HAGTOY,0.015200000000000546,460.0367941079999,2,8,[K+].O=C1O[B-]2(OC(=O)c3ccccc3O2)Oc2ccccc12.OC(=O)c1ccccc1O
HAGWET,-0.5551000000000001,242.126657056,4,4,OC(=O)c1ccc(O)cc1.C1CNCCN1.O
HAJROA,0.09100000000000147,364.1317595,3,6,CN(C)c1ccc(cc1)N=Nc1ccc(cc1)S(=O)(=O)[O-].NC(N)=[NH2+]
HAKTEW,4.069300000000005,480.25455999999986,2,7,CC(=O)SC1CC2=CC(=O)CCC2(C)C2CCC3(C)C(CCC43CCC(=O)O4)C12.CO.CO
HALDOL,4.425600000000004,375.14013487600005,1,3,OC1(CCN(CCCC(=O)c2ccc(F)cc2)CC1)c1ccc(Cl)cc1
HALDOL01,4.425600000000004,375.14013487600005,1,3,OC1(CCN(CCCC(=O)c2ccc(F)cc2)CC1)c1ccc(Cl)cc1
HALDOL02,4.425600000000004,375.14013487600005,1,3,OC1(CCN(CCCC(=O)c2ccc(F)cc2)CC1)c1ccc(Cl)cc1
HALOPB,0.012500000000001732,455.066297008,2,2,[Br-].OC1(CC[NH+](CCCC(=O)c2ccc(F)cc2)CC1)c1ccc(Cl)cc1
HAMTOH,-4.566299999999998,318.22670543999993,4,4,[NH3+]C(CCC[NH+]=C(N)N)C(=O)[O-].CCCC(CCC)C(=O)[O-]
HAMYEA,-7.192900000000001,240.062532576,1,7,O=[Cl](=O)(=O)[O-].C1[NH+]2CN3CN1CN(C2)C3
HAMYEA01,-7.192900000000001,240.062532576,1,7,O=[Cl](=O)(=O)[O-].C1[NH+]2CN3CN1CN(C2)C3
HAMYIE,-1.1122999999999978,394.14884904399986,3,9,COc1cc(Cc2c[nH+]c(N)nc2N)cc(OC)c1OC.OC(=O)CC(=O)[O-]
HANRIB,-4.826099999999998,220.979988596,1,2,[Br-].O.NC(=O)c1c[nH+]ccn1
HAPCOU,3.020380000000001,316.14230712,1,5,CC(=O)Oc1ccccc1C(O)=O.Cc1nc(C)c(C)nc1C
HAQTOK,-0.3334199999999973,455.24202115599996,2,5,[NH3+]C(C(=O)N1C(CC2CC12)C#N)C12CC3CC(CC(O)(C3)C1)C2.O=C([O-])c1ccccc1.O
HARJET,2.724600000000001,409.1273853279999,3,7,CC1=C(C=C(C#N)C(=O)N1)c1ccncc1.COc1cc(cc(OC)c1O)C(O)=O
HASSAX,1.7169999999999999,336.11437811999997,2,6,Nc1ccc(cc1)S(=O)(=O)c1ccc(N)cc1.C1COCCO1
HAWYIN,-3.390899999999997,212.100836232,4,6,OCC[NH+](CCO)CCO.O=N(=O)[O-]
HAXBUD,-0.7511999999999999,256.044383976,1,6,O=C1CN(N=CC2=CC=C(O2)N(=O)=O)C(=O)N1.O
HAXBUD01,-0.7511999999999999,256.044383976,1,6,O=C1CN(N=CC2=CC=C(O2)N(=O)=O)C(=O)N1.O
HAXHOH,0.09090000000000009,272.039298596,3,8,O=C1CN(N=CC2=CC=C(O2)N(=O)=O)C(=O)N1.OO
HAXKUQ,-6.032899999999996,348.0917280919999,2,8,OC1=C([O-])C(=O)C1=O.CN1C(=O)N(C)C2=C([NH+]=CN2)C1=O.O.O.O
HAXXEM,-4.830999999999995,382.1488490439999,4,6,[NH3+]CCC(=O)NC(CC1=CNC=[NH+]1)C(=O)[O-].O.Oc1ccccc1C(=O)[O-]
HAXXUC,-5.985599999999997,362.14376366399995,4,6,O.[NH3+]CCC(=O)NC(CC1=CNC=[NH+]1)C(=O)[O-].OC(=O)CCC(=O)[O-]
HAXYEN,-6.033399999999996,302.12263429599994,4,6,[NH3+]CCC(=O)NC(CC1=CNC=[NH+]1)C(=O)[O-].OCC(=O)[O-]
HAXZIT,-2.2132999999999963,249.11317118,3,3,[Cl-].Oc1ccccc1O.C[N+](C)(C)CCO
HCCYHG,3.644400000000001,287.860066272,0,0,ClC1C(Cl)C(Cl)C(Cl)C(Cl)C1Cl
HCCYHG02,3.644400000000001,287.860066272,0,0,ClC1C(Cl)C(Cl)C(Cl)C(Cl)C1Cl
HCCYHG04,3.644400000000001,287.860066272,0,0,ClC1C(Cl)C(Cl)C(Cl)C(Cl)C1Cl
HCCYHG05,3.644400000000001,287.860066272,0,0,ClC1C(Cl)C(Cl)C(Cl)C(Cl)C1Cl
HCCYHG06,3.644400000000001,287.860066272,0,0,ClC1C(Cl)C(Cl)C(Cl)C(Cl)C1Cl
HCSBTZ,-0.35129999999999945,296.964475416,3,5,NS(=O)(=O)c1cc2c(NCNS2(=O)=O)cc1Cl
HCSBTZ01,-0.35129999999999945,296.964475416,3,5,NS(=O)(=O)c1cc2c(NCNS2(=O)=O)cc1Cl
HCSBTZ02,-0.35129999999999945,296.964475416,3,5,NS(=O)(=O)c1cc2c(NCNS2(=O)=O)cc1Cl
HCSBTZ03,-0.35129999999999945,296.964475416,3,5,NS(=O)(=O)c1cc2c(NCNS2(=O)=O)cc1Cl
HCSBTZ04,-0.35129999999999945,296.964475416,3,5,NS(=O)(=O)c1cc2c(NCNS2(=O)=O)cc1Cl
HCSBTZ05,-0.35129999999999945,296.964475416,3,5,NS(=O)(=O)c1cc2c(NCNS2(=O)=O)cc1Cl
HCSBTZ06,-0.35129999999999945,296.964475416,3,5,NS(=O)(=O)c1cc2c(NCNS2(=O)=O)cc1Cl
HCSBTZ07,-0.35129999999999945,296.964475416,3,5,NS(=O)(=O)c1cc2c(NCNS2(=O)=O)cc1Cl
HCSBTZ08,-0.35129999999999945,296.964475416,3,5,NS(=O)(=O)c1cc2c(NCNS2(=O)=O)cc1Cl
HCSBTZ09,-0.35129999999999945,296.964475416,3,5,NS(=O)(=O)c1cc2c(NCNS2(=O)=O)cc1Cl
HCSBTZ10,-0.35129999999999945,296.964475416,3,5,NS(=O)(=O)c1cc2c(NCNS2(=O)=O)cc1Cl
HDCMAI,4.556900000000004,481.173903704,0,0,Cl[I-]Cl.CCCCCCCCCCCCCCCC[N+](C)(C)C
HEBFAX,4.826500000000002,463.03379056,4,6,Oc1ccc(Cl)cc1C(=O)Nc1ccc(cc1Cl)N(=O)=O.Nc1ccc(cc1)C(O)=O
HEBFOL,2.8832999999999993,386.018474844,4,5,Oc1ccc(Cl)cc1C(=O)Nc1ccc(cc1Cl)N(=O)=O.NC(N)=O
HEBFUR,3.8595000000000006,325.986112096,2,4,Oc1ccc(Cl)cc1C(=O)Nc1ccc(cc1Cl)N(=O)=O
HEBHOM,4.936100000000003,412.178692628,3,5,COc1ccc(cc1)C1(O)c2ccccc2Oc2ccccc12.Nc1ccc(N)cc1
HECMEK,2.3570200000000003,230.105527688,2,3,Nc1ccc(cc1)C(O)=O.Cc1ccncc1
HECPAJ,2.4426999999999994,422.161500068,2,9,COC(=O)N(C)c1c(N)nc(nc1N)C1=NN(Cc2ccccc2F)c2ncccc12
HEDRAL,0.3788999999999999,249.074955832,4,6,Oc1cccc(O)c1O.NC(=O)c1cnccn1
HEDYAU,4.566000000000004,388.14230711999994,2,4,NC(=O)N1c2ccccc2C=Cc2ccccc12.COC(=O)c1ccc(O)cc1
HEDYAU01,4.566000000000004,388.14230711999994,2,4,NC(=O)N1c2ccccc2C=Cc2ccccc12.COC(=O)c1ccc(O)cc1
HEGFEF,-3.161199999999999,473.8724814239999,4,6,ClC(Cl)(Cl)C(=O)[O-].ClC(Cl)(Cl)C(=O)[O-].[NH3+]CC(O)=O.[NH3+]CC(O)=O
HEGFUW,-9.5412,432.181885396,0,3,[Na+].O.O.O.O.O.O.O.O.O.COc1ccc2cc(ccc2c1)C(C)C(=O)[O-].O
HEGHIL,0.12180000000000146,413.16991883599997,2,9,COc1cc(Cc2c[nH+]c(N)nc2N)cc(OC)c1OC.O=C([O-])c1ccccn1
HEGHIL01,0.1218000000000019,413.169918836,2,9,O=C([O-])c1ccccn1.COc1cc(Cc2c[nH+]c(N)nc2N)cc(OC)c1OC
HEGQIT,-1.0708999999999982,400.0390987479099,3,8,NC(N)=[NH2+].O=S(=O)([O-])c1ccc(cc1)N=Nc1ccc(cc1)S(=O)(=O)[O-]
HEGWIZ,0.3550000000000001,452.1219656,2,8,OC(=O)C(OC(=O)c1ccccc1)C(OC(=O)c1ccccc1)C(=O)[O-].Nc1cc[nH+]cc1
HEGZIG,3.027400000000001,320.127325752,2,6,c1cc(ccn1)C=NN=Cc1ccncc1.Oc1cccc(O)c1
HEKNIU,-0.6360599999999987,324.12561149999993,2,7,Cc1ncc(C[N+]2=CSC(=C2C)CCO)c(N)n1.CC(=O)[O-]
HELFEL,4.564400000000004,488.03086936799997,3,4,OC(=O)CCC(O)=O.NC(=O)N1c2ccccc2CC(=O)c2ccccc12.ClC(Cl)Cl
HELXEE,3.3077000000000005,423.1430353919999,3,7,COc1cc2ncnc(Nc3cccc(c3)C#C)c2cc1OC.OC(=O)CCC(O)=O
HEMQIC,1.8999000000000001,358.156242932,1,4,CCCN(CCC)S(=O)(=O)c1ccc(cc1)C(O)=O.CN(C)C=O
HEMRIB,3.3872000000000018,236.094963004,1,1,NC(=O)N1c2ccccc2C=Cc2ccccc12
HENFOV,-0.7417999999999969,397.23254291600006,3,0,c1ccc(cc1)[B-](c1ccccc1)(c1ccccc1)c1ccccc1.NC(N)=[NH2+].O
HEPHCL10,-2.988699999999997,217.086956432,3,2,[Cl-].C[NH2+]C(C)C(O)c1ccc(O)cc1
HEPQIG,3.5226200000000025,344.092770084,1,4,OC(=O)c1ccccc1Cl.CN1N(C(=O)C=C1C)c1ccccc1
HEPQIG01,3.5226200000000025,344.092770084,1,4,OC(=O)c1ccccc1Cl.CN1N(C(=O)C=C1C)c1ccccc1
HEPXUW,-0.12110000000000015,190.07422756,1,2,O=C([O-])c1ccccc1.N1C=[NH+]C=C1
HEPXUW01,-0.12110000000000015,190.07422756,1,2,O=C([O-])c1ccccc1.N1C=[NH+]C=C1
HEPXUW02,-0.12110000000000015,190.07422756,1,2,O=C([O-])c1ccccc1.N1C=[NH+]C=C1
HEPXUW03,-0.12109999999999999,190.07422756,1,2,N1C=[NH+]C=C1.O=C([O-])c1ccccc1
HEPXUW04,-0.12109999999999999,190.07422756,1,2,N1C=[NH+]C=C1.O=C([O-])c1ccccc1
HEPXUW05,-0.12109999999999999,190.07422756,1,2,N1C=[NH+]C=C1.O=C([O-])c1ccccc1
HEPXUW06,-0.12109999999999999,190.07422756,1,2,N1C=[NH+]C=C1.O=C([O-])c1ccccc1
HEPXUW07,-0.12109999999999999,190.07422756,1,2,N1C=[NH+]C=C1.O=C([O-])c1ccccc1
HEPXUW08,-0.12109999999999999,190.07422756,1,2,N1C=[NH+]C=C1.O=C([O-])c1ccccc1
HEPXUW09,-0.12109999999999999,190.07422756,1,2,N1C=[NH+]C=C1.O=C([O-])c1ccccc1
HEPXUW10,-0.12109999999999999,190.07422756,1,2,N1C=[NH+]C=C1.O=C([O-])c1ccccc1
HEPXUW11,-0.12109999999999999,190.07422756,1,2,N1C=[NH+]C=C1.O=C([O-])c1ccccc1
HEPXUW12,-0.12109999999999999,190.07422756,1,2,N1C=[NH+]C=C1.O=C([O-])c1ccccc1
HEPXUW13,-0.12109999999999999,190.07422756,1,2,N1C=[NH+]C=C1.O=C([O-])c1ccccc1
HEQJEW,-0.22849999999999582,413.1620565840001,3,6,COc1ccc2OC3(C)CCC(C(C)COS(=O)(=O)[O-])C3=Cc2c1.NC(N)=[NH2+]
HEQZUY,-0.8435999999999999,226.039611272,1,2,[K+].[O-]c1ccccc1.Oc1ccccc1
HERCIQ,0.6767999999999992,412.10878799182,1,4,[K+].[O-]c1ccccc1.Oc1ccccc1.[O-]c1ccccc1.[O-]c1ccccc1
HERCIQ01,1.9407999999999994,414.123340896,3,4,[K+].Oc1ccccc1.Oc1ccccc1.[O-]c1ccccc1.Oc1ccccc1
HESKUP,-3.478599999999997,492.1787666239099,3,5,C[NH2+]Cc1ccc(cc1)C1=C2CCNC(=O)c3cc(F)cc(N1)c23.O=C([O-])C=CC(=O)[O-].O.O.O
HESLAW,1.7244999999999995,483.21694927999994,4,4,C[NH2+]Cc1ccc(cc1)C1=C2CCNC(=O)c3cc(F)cc(N1)c23.OC(=O)CCCCCC(=O)[O-]
HESLEA,1.3343999999999996,469.20129921599994,4,4,C[NH2+]Cc1ccc(cc1)C1=C2CCNC(=O)c3cc(F)cc(N1)c23.OC(=O)CCCCC(=O)[O-]
HESNAV,-5.3455,204.960177004,4,3,O[Se](=O)(=O)[O-].NC(N)=[NH2+]
HESNAV01,-5.3455,204.960177004,4,3,O[Se](=O)(=O)[O-].NC(N)=[NH2+]
HETJAV,0.7389800000000001,378.190319932,2,6,CCN(CC)C(=O)C(=Cc1cc(O)c([O-])c(c1)N(=O)=O)C#N.CC[NH2+]CC
HETJEZ,0.8830799999999994,390.190319932,2,6,CCN(CC)C(=O)C(=Cc1cc(O)c([O-])c(c1)N(=O)=O)C#N.[NH2+]1CCCCC1
HEVMOO,0.5995999999999997,212.079706864,3,4,OC(=O)CCC(O)=O.Nc1ccncc1
HEWWAI,-1.9802,213.027336944,2,4,OC(=O)c1c[nH+]ccc1.OC(=O)C(=O)[O-]
HEWXAJ,0.8952999999999993,423.16416476,3,8,O=C([O-])c1cc(cc(c1)N(=O)=O)N(=O)=O.Oc1ccc(O)cc1.CC[NH+](CC)CC
HEYGEX,-2.796199999999995,341.1474520759999,4,6,C[NH+]1CCOC(C1C)c1ccccc1.OC(C(O)C(=O)[O-])C(O)=O
HEZTAI,-4.065599999999998,242.14991792009,3,3,Nc1ccc(cc1)C(=O)[O-].[NH2+]1CC[NH2+]CC1.O
HEZTAI01,-4.065599999999997,242.14991792009,3,3,O.Nc1ccc(cc1)C(=O)[O-].[NH2+]1CC[NH2+]CC1
HEZTOW,-5.2247999999999974,484.25331411199994,4,8,Nc1ccc(cc1)C(=O)[O-].Nc1ccc(cc1)C(=O)[O-].[NH2+]1CCOCC[NH2+]CCOCC1.O.O
HEZTUC,-4.195399999999992,454.25264541599984,2,8,Nc1ccc(cc1)C(=O)[O-].[NH2+]1CCOCCOCCOCCOCCOCC1.O.O.O
HEZWES,2.2701000000000002,433.184900204,1,8,COC(=O)C1=C(C)NC(=C(C1c1ccccc1N(=O)=O)C(=O)OC)C.CN(C)C(C)=O
HEZWES01,2.2701000000000002,433.184900204,1,8,COC(=O)C1=C(C)NC(=C(C1c1ccccc1N(=O)=O)C(=O)OC)C.CN(C)C(C)=O
HEZWUI,1.8799999999999997,419.16925014,1,8,COC(=O)C1=C(C)NC(=C(C1c1ccccc1N(=O)=O)C(=O)OC)C.CN(C)C=O
HEZXET,1.7841,378.1427010439999,2,8,COC(=O)C1=C(C)NC(=C(C1c1ccccc1N(=O)=O)C(=O)OC)C.CO
HEZXIX,1.7817999999999996,433.184900204,2,9,COC(=O)C1=C(C)NC(=C(C1c1ccccc1N(=O)=O)C(=O)OC)C.C1COCCN1
HEZXIX01,1.7817999999999996,433.184900204,2,9,COC(=O)C1=C(C)NC(=C(C1c1ccccc1N(=O)=O)C(=O)OC)C.C1COCCN1
HEZXUJ,2.9724000000000013,418.1740011719999,1,8,COC(=O)C1=C(C)NC(=C(C1c1ccccc1N(=O)=O)C(=O)OC)C.C1CCOC1
HIBCOK,-2.482199999999999,262.03719042,3,5,NC(N)=[NH2+].O=N(=O)c1ccc(cc1)S(=O)(=O)[O-]
HIBCOK01,-2.482199999999999,262.03719042,3,5,O=N(=O)c1ccc(cc1)S(=O)(=O)[O-].NC(N)=[NH2+]
HIBDAX,-2.684799999999999,233.047026832,4,4,Oc1ccc(cc1)S(=O)(=O)[O-].NC(N)=[NH2+]
HIBDEB,-2.692199999999999,261.041941452,4,4,NC(N)=[NH2+].OC(=O)c1ccc(cc1)S(=O)(=O)[O-]
HIBDEB01,-2.692199999999999,261.041941452,4,4,OC(=O)c1ccc(cc1)S(=O)(=O)[O-].NC(N)=[NH2+]
HIBFED,0.5713999999999995,180.126263132,3,3,C1CNCCN1.Oc1ccccc1
HIBFIH,1.3483999999999998,208.15756326,3,3,Oc1ccccc1.CC1CNC(C)CN1
HIBFON,0.29599999999999993,154.110613068,3,3,Oc1ccccc1.NCCN
HIBFUT,2.3666,203.094628656,3,3,Nc1ccccc1.Oc1ccc(O)cc1
HIBGII,3.990100000000003,338.164872404,3,3,Oc1ccc(Cl)cc1.CC1(O)C2CCC3CC1CC(C2)C3(C)O
HIBGOO,3.3453000000000017,334.21440943999994,3,4,CC1(O)C2CCC3CC1CC(C2)C3(C)O.COc1ccc(O)cc1
HIBHAB,3.7268000000000034,318.21949481999997,3,3,CC1(O)C2CCCC3CC1CC(C2)C3(C)O.Oc1ccccc1
HICHIK,4.477900000000005,392.29265975999994,3,3,CC(CCC(O)=O)C1CCC2C3CCC4CC(O)CCC4(C)C3CC(O)C12C
HICTOD,0.12049999999999994,264.15862588,2,6,C1CN2CN3CN1CN(C2)C3.Oc1ccc(O)cc1
HICYEZ,-2.605599999999998,292.047755104,2,7,OS(=O)(=O)[O-].CN1C(=O)N(C)C2=C([N+](=CN2)C)C1=O
HIDBOP,-2.529799999999998,219.074287136,3,4,OC(=O)C=CC(=O)[O-].[NH3+]CCCC(O)=O
HIDBUV,-1.7940999999999958,305.147452076,3,4,OC(=O)C=CC(=O)[O-].O.[NH3+]CC1(CCCCC1)CC(O)=O
HIDGOT,-2.107159999999997,340.1765611319099,2,6,CC([NH2+]CCOc1c(C)cccc1C)CO.O=C([O-])CCC(=O)[O-]
HIFDEJ,-2.5105000000000004,241.07841846399998,4,8,O=N(=O)C1=NC(N[N-]1)=C1N=NN=N1.NC(N)=[NH2+]
HIFJAH,-0.8833999999999969,476.31138344,4,6,CC(CCC(=O)[O-])C1CCC2C3C(O)CC4CC(O)CCC4(C)C3CC(O)C12C.[Na+].CCO
HIFRIX,2.691300000000001,351.18344366,1,3,COc1ccc2cc(ccc2c1)C(C)C(=O)[O-].[NH3+]C(C)c1ccccc1
HIFRIX01,2.691300000000001,351.18344366,1,3,COc1ccc2cc(ccc2c1)C(C)C(=O)[O-].[NH3+]C(C)c1ccccc1
HIGKOB,0.7714000000000005,395.9983336560001,2,6,C1COCCO1.NS(=O)(=O)c1cc(Cl)c(Cl)c(c1)S(N)(=O)=O.[H].[H].[H].[H]
HIGSAT,-0.009599999999997832,485.15982832799995,3,7,CCN1C=C(C(O)=O)C(=O)c2cc(F)c(cc12)N1CC[NH2+]CC1.OC(=O)c1ccccc1C(=O)[O-]
HIGSIB,-0.009599999999997832,485.15982832799995,3,7,CCN1C=C(C(O)=O)C(=O)c2cc(F)c(cc12)N1CC[NH2+]CC1.OC(=O)c1cccc(c1)C(=O)[O-]
HIHHOY,3.331200000000002,358.156039036,2,5,CN1CCN(CC1)C1=Nc2cc(Cl)ccc2Nc2ccccc12.CO
HIHHOY01,3.331200000000002,358.156039036,2,5,CN1CCN(CC1)C1=Nc2cc(Cl)ccc2Nc2ccccc12.CO
HIHJOX,-7.665199999999999,236.100836232,4,6,[NH2+]1CC[NH2+]CC1.OC(C(O)C(=O)[O-])C(=O)[O-]
HIHJOX01,-7.665199999999999,236.100836232,4,6,[NH2+]1CC[NH2+]CC1.OC(C(O)C(=O)[O-])C(=O)[O-]
HIHJOX02,-7.665200000000003,236.100836232,4,6,OC(C(O)C(=O)[O-])C(=O)[O-].[NH2+]1CC[NH2+]CC1
HIJFAH,3.2306000000000075,470.3607393199999,3,3,CC(CCCC(C)(C)O)C1CCC2C(CCCC12C)=CC=C1CC(O)CC(O)C1=C.O.O.O
HILWIK,-0.7278999999999971,310.17722982791,2,6,O=C([O-])CCCCCCCCC(=O)[O-].Nc1c[nH+]ccc1N
HIMCAJ,-3.4033999999999978,336.15460312,4,8,O=C([O-])CCC(=O)[O-].Nc1[nH+]cccc1N.Nc1[nH+]cccc1N
HIMDAK,-2.874699999999998,209.05678034791,1,5,O=C([O-])C=CC(=O)[O-].Nc1cc[nH+]cc1
HIMDEO,-0.3100999999999998,295.16633079591,1,5,Nc1cc[nH+]cc1.O=C([O-])CCCCCCCCC(=O)[O-]
HIMDOY,-3.699399999999998,227.06734503191,1,5,O=C([O-])C=CC(=O)[O-].Nc1cc[nH+]cc1.O
HIMDUE,-3.4753999999999987,229.08299509591,1,5,Nc1cc[nH+]cc1.O=C([O-])CCC(=O)[O-].O
HINJAT,2.7492,491.129277148,2,5,OC(=O)c1ccc(F)cc1.CC1=C(C=C(C#N)C(=O)N1)c1cc[nH+]cc1.Fc1ccc(cc1)C(=O)[O-]
HINJEX,3.280000000000001,369.092497716,2,4,CC1=C(C=C(C#N)C(=O)N1)c1ccncc1.OC(=O)c1cc(F)ccc1F
HINJIB,3.419100000000001,387.08307590400005,2,4,OC(=O)c1cc(F)c(F)c(F)c1.CC1=C(C=C(C#N)C(=O)N1)c1ccncc1
HINJOH,3.558200000000002,405.0736540920001,2,4,OC(=O)c1cc(F)c(F)c(F)c1F.CC1=C(C=C(C#N)C(=O)N1)c1ccncc1
HINJUN,0.9308999999999997,367.096834148,2,5,Oc1ccc(F)cc1C(=O)[O-].CC1=C(C=C(C#N)C(=O)N1)c1cc[nH+]cc1
HIPTOS,-4.757300000000001,130.07154219199998,3,4,NC(N)=[NH2+].n1nn[n-]n1
HIQNEE,-4.304399999999996,345.16672471990995,1,6,COc1ccccc1N1CC[NH2+]CC1.O=C([O-])CCC(=O)[O-].O.O
HIQQAB,3.723200000000002,316.08816337199994,1,5,CC(C)COc1ccc(cc1C#N)C1=NC(=C(S1)C(O)=O)C
HIQQEF,3.214800000000001,375.12527715199997,2,6,CC(C)COc1ccc(cc1C#N)C1=NC(=C(S1)C(O)=O)C.CC(N)=O
HIQQIJ,3.9037000000000015,438.13617618399996,2,7,CC(C)COc1ccc(cc1C#N)C1=NC(=C(S1)C(O)=O)C.NC(=O)c1cccnc1
HIQQOP,4.690200000000003,453.13584183599994,3,7,CC(C)COc1ccc(cc1C#N)C1=NC(=C(S1)C(O)=O)C.Nc1ccc(cc1)C(O)=O
HIQSIL,1.4838,316.9898845839999,3,3,NC(=O)c1ccc(Br)cc1.OC(=O)CCC(O)=O
HIRCOB,4.657800000000002,496.0592867279999,2,6,CC(=O)Oc1cc(ccc1C(O)=O)C(F)(F)F.CC(=O)Oc1cc(ccc1C(O)=O)C(F)(F)F
HIRFOH,3.248820000000001,348.075548,1,4,CS(C)=O.CC1=C(C=NO1)C(=O)Nc1ccc(cc1)C(F)(F)F
HIRFUN,-0.04521999999999937,356.1460105080001,3,4,CC([O-])=C(C#N)C(=O)Nc1ccc(cc1)C(F)(F)F.[NH2+]1CCNCC1
HIRHUN,-2.542899999999996,332.19473661599994,2,5,CC[NH+](CC)CCOC(=O)c1ccc(N)cc1.CC(=O)[O-].O.O
HIRYUE,0.23312000000000171,416.15182624799985,3,7,C[NH+]1CCN(CC1)C1=Nc2ccccc2NC2=C1C=C(C)S2.OC(=O)CC(=O)[O-]
HIRZEP,0.8297200000000009,467.1991107879999,3,7,C[NH+]1CCN(CC1)C1=Nc2ccccc2NC2=C1C=C(C)S2.Nc1ccc(cc1)C(=O)[O-].O
HIRZUF,2.6145200000000006,330.151432324,1,5,CN1CCN(CC1)C1=Nc2ccccc2NC2=C1C=C(C)S2.O
HIRZUF01,2.6145200000000006,330.151432324,1,5,CN1CCN(CC1)C1=Nc2ccccc2NC2=C1C=C(C)S2.O
HISAHC10,-7.378800000000005,183.03300271199998,2,0,[Cl-].[Cl-].[NH3+]CCc1c[nH+]c[nH]1
HISAHC11,-7.378800000000002,183.033002712,2,0,[NH3+]CCc1c[nH+]c[nH]1.[Cl-].[Cl-]
HISAHC12,-7.378800000000005,183.03300271199998,2,0,[Cl-].[Cl-].[NH3+]CCC1=C[NH+]=CN1
HISBAO,2.6207900000000013,398.14126156399993,1,5,CN1CCN(CC1)C1=Nc2ccccc2NC2=C1C=C(C)S2.[O][C]1[C][C]1[O].O
HISHEX,2.9914000000000014,495.1753981399999,1,8,C[NH2+]CCCN1c2ccccc2CCc2ccccc12.O=N(=O)c1cc(c([O-])c(c1)N(=O)=O)N(=O)=O
HISTAN,-0.08910000000000035,111.07964728799999,2,2,NCCC1=CN=CN1
HISTAN02,-0.08910000000000035,111.07964728799999,2,2,NCCC1=CN=CN1
HISTBR,-3.801899999999998,191.00580942,2,1,[Br-].[NH3+]CCC1=CNC=N1
HISTBR01,-3.801899999999998,191.00580942,2,1,[NH3+]CCC1=CNC=N1.[Br-]
HISTSL,-6.274299999999999,436.10461834799986,4,8,[NH3+]CCC1=CNC=[NH+]1.[NH3+]CCC1=CNC=[NH+]1.O.O=S(=O)([O-])[O-].O=S(=O)([O-])[O-]
HIVHIE,4.407500000000005,374.15180918399994,2,4,O=C1OCCC21CC2(c1ccccc1)c1ccccc1.Oc1ccc(O)cc1
HIWSIT,-5.570499999999997,230.07824406391,2,5,O=C([O-])CCC(=O)[O-].CN1CC(=O)NC1=[NH2+]
HIYYOG,-1.830499999999998,446.1449065359999,4,8,CCN1C=C(C(O)=O)C(=O)c2cc(F)c(nc12)N1CCNCC1.OC(=O)C(O)=O.O.O
HIYYUM,-2.151899999999997,424.13942723199995,3,8,CCN1C=C(C(O)=O)C(=O)c2cc(F)c(nc12)N1CC[NH2+]CC1.OC(=O)CC(=O)[O-]
HIYZEX,-0.6145999999999976,486.15507729599994,3,8,CCN1C=C(C(O)=O)C(=O)c2cc(F)c(nc12)N1CC[NH2+]CC1.OC(=O)c1ccccc1C(=O)[O-]
HMELAM,0.0696000000000001,210.15929457599998,0,6,CN(C)c1nc(nc(n1)N(C)C)N(C)C
HMTAAB,0.6563999999999999,245.143488792,1,4,[NH4+].F[B-](F)(F)F.C1N2CN3CN1CN(C2)C3
HMTATU,-1.8310999999999975,216.11571551199998,2,5,C1N2CN3CN1CN(C2)C3.NC(N)=S
HMTATU01,-1.831099999999997,216.11571551199998,2,5,NC(N)=S.C1N2CN3CN1CN(C2)C3
HMTHQU,0.07799999999999996,250.142975816,2,6,C1N2CN3CN1CN(C2)C3.Oc1ccc(O)cc1
HMTMCR,0.6808199999999998,248.16371125999999,1,5,C1N2CN3CN1CN(C2)C3.Cc1cccc(O)c1
HMTOHQ,1.1883999999999997,376.17466986799997,4,8,[O-][N+]12CN3CN(CN(C3)C1)C2.Oc1ccc(O)cc1.Oc1ccc(O)cc1
HMTTPO10,0.37239999999999984,234.148061196,1,5,Oc1ccccc1.C1N2CN3CN1CN(C2)C3
HMXBZP,2.6318,228.078644244,1,3,COc1ccc(c(O)c1)C(=O)c1ccccc1
HOCCAF,0.9606000000000001,308.094311372,2,5,CC(=O)[N-]S(=O)(=O)c1ccc(N)cc1.Nc1cc[nH+]cc1
HOCCEJ,2.2371999999999996,370.10996143600005,2,6,CC(=O)NS(=O)(=O)c1ccc(N)cc1.c1cc(ccn1)c1ccncc1
HOCCOT,0.45460000000000156,458.13723880400005,4,8,CC(=O)NS(=O)(=O)c1ccc(N)cc1.NC(=O)c1ccncc1.NC(=O)c1ccncc1
HOFDEL,-2.1880999999999986,300.09897950791,3,4,[NH2+]=C(Nc1ccccc1)Nc1ccccc1.O=C([O-])C(=O)[O-]
HOFYUZ,2.2472999999999983,432.2008846159999,4,6,NC(=O)c1ccncc1.NC(=O)c1ccncc1.OC(=O)CCCCCCCC(O)=O
HOFZOS,1.3132999999999997,370.99634243199995,3,4,[NH3+]c1ccc(cc1)C(O)=O.OC(=O)c1cc(Cl)c(Cl)cc1C(=O)[O-]
HOGFEQ,1.2709000000000001,260.079706864,3,4,NC(=O)c1ccccn1.OC(=O)c1ccccc1O
HOGJEV,-1.533199999999996,460.13615286390984,3,8,O=C(NN=Cc1[nH+]cccc1)c1ccccc1.O=C([O-])CCC(=O)[O-].OC(=O)CCC(O)=O
HOHSEG,-4.424499999999997,223.116820644,4,3,OC(=O)CCCCC(=O)[O-].NC(N)=[NH2+].O
HOLKAW,0.3274000000000008,364.21105537599993,4,8,Oc1cccc(O)c1.CN(C)CCNC1=C(NCCN(C)C)C(=O)C1=O
HOLNIG,-2.523359999999996,400.1594137279999,4,6,CC1=C[NH+]=CN1.CC1=C[NH+]=CN1.O=C([O-])CCC(=O)[O-].OC(=O)CCC(O)=O
HOLNIG01,-2.6605799999999977,317.09903908391,3,6,OC(=O)CCC(O)=O.CC1=CNC=[NH+]1.O=C([O-])CCC(=O)[O-]
HOMGID,1.9115000000000009,499.30462141199996,3,5,[NH3+]C1CCCCC1C(=O)NCCC(=O)NCCCC.COc1ccc2cc(ccc2c1)C(C)C(=O)[O-]
HONWEN,0.2563999999999995,217.073893212,1,3,Oc1c[nH+]ccc1.O=C([O-])c1ccccc1
HOQDAV,-0.4155000000000004,206.06914218,2,3,Oc1ccccc1C(=O)[O-].N1C=[NH+]C=C1
HOQHUQ,2.1543599999999996,246.15929457599998,3,3,CC1=CNN=C1.CC1=CNN=C1.CC1=CNN=C1
HORWIX,4.588400000000004,448.1018988519999,2,6,NC(=O)N1c2ccccc2C=Cc2ccccc12.OC(=O)c1cc(cc(c1)N(=O)=O)N(=O)=O
HOSGEF,0.30540000000000117,497.1598283279999,3,7,OC(=O)C1=CN(C2CC2)c2cc(N3CC[NH2+]CC3)c(F)cc2C1=O.OC(=O)c1ccccc1C(=O)[O-]
HOSMAF,-3.1134999999999957,381.099456328,4,8,[NH2+]=C1NC(=O)N(C=C1)C1CSC(CO)O1.OC(C(=O)[O-])c1ccccc1
HOSSOA,-0.21640000000000037,266.137890436,3,7,Oc1cccc(O)c1O.C1N2CN3CN1CN(C2)C3
HOTTER,2.7792000000000012,307.168462292,0,4,CN1CCC(CC1)=C1c2ccccc2CCN2C(=CN=C12)C=O
HOTZOF,0.5913999999999988,433.23951456400016,2,4,[Cl-].Fc1ccc(cc1)C1CC[NH2+]CC1COc1ccc2OCOc2c1.CC(C)O.[H].[H].[H].[H].[H].[H].[H].[H]
HOVDUT,-4.976899999999997,421.068400152,2,3,CC(c1nc[nH+]cc1F)C(O)(C[N+]1=CNC=N1)c1ccc(F)cc1F.[Cl-].[Cl-]
HOVDUT01,-4.976899999999997,421.068400152,2,3,CC(c1nc[nH+]cc1F)C(O)(C[N+]1=CNC=N1)c1ccc(F)cc1F.[Cl-].[Cl-]
HOVFOP01,3.2673000000000014,487.1467387799999,3,8,CC(c1ncncc1F)C(O)(CN1C=NC=N1)c1ccc(F)cc1F.OC(=O)c1ccc(O)cc1
HOVXAV,-4.156099999999997,325.13976157999997,4,5,FC1=CNC(=O)NC1=O.NC(N)=O.O.C[N+](C)(C)CC(=O)[O-]
HOWCAX,-5.111099999999998,345.8961819439999,3,5,[Sr+2].CC(O)(P(O)(=O)[O-])P(O)(=O)[O-].O.O.O
HOYXEA,3.058600000000001,497.17691430799994,2,4,OC1(CC[NH+](CCCC(=O)c2ccc(F)cc2)CC1)c1ccc(Cl)cc1.O=C([O-])c1ccccc1
HOZLAM,-1.7566999999999986,261.07832696,3,4,CC(OS(=O)(=O)[O-])c1ccccc1.NC(N)=[NH2+]
HOZLEQ,-2.183699999999998,260.094311372,4,3,CC(NS(=O)(=O)[O-])c1ccccc1.NC(N)=[NH2+]
HOZLIU,-1.136999999999996,293.140927216,3,4,CC1CCC(C(C1)OS(=O)(=O)[O-])C(C)=C.NC(N)=[NH2+]
HOZLOA,-1.0570999999999957,295.15657728,3,4,CC(C)C1CCC(C)CC1OS(=O)(=O)[O-].NC(N)=[NH2+]
HOZLUG,-1.1353999999999962,305.1409272160001,3,4,CC1(C)C2CC=C(CCOS(=O)(=O)[O-])C1C2.NC(N)=[NH2+]
HOZMAN,-1.3030999999999962,293.140927216,3,4,CC1(C)C2CCC1(C)C(C2)OS(=O)(=O)[O-].NC(N)=[NH2+]
HOZMER,-1.447199999999996,293.140927216,3,4,CC1C(CC2CC1C2(C)C)OS(=O)(=O)[O-].NC(N)=[NH2+]
HOZMUH,-1.1589999999999963,269.140927216,3,4,CCCCCCC(C)OS(=O)(=O)[O-].NC(N)=[NH2+]
HOZNIW,-1.7141999999999973,275.093977024,3,4,CC(COS(=O)(=O)[O-])c1ccccc1.NC(N)=[NH2+]
HOZNOC,-3.9563999999999986,243.052506136,3,6,COC(=O)C(C)OS(=O)(=O)[O-].NC(N)=[NH2+]
HOZPAQ,-3.121399999999995,399.13115038000007,3,9,CC1(C)OC2OC(COS(=O)(=O)[O-])C3OC(C)(C)OC3C2O1.NC(N)=[NH2+]
HOZPEU,-2.3406999999999973,415.10493563200004,3,8,O=C1CC2C(CC(OC(=O)c3ccccc3)C2COS(=O)(=O)[O-])O1.NC(N)=[NH2+]
HOZPIX,-1.3065000000000002,259.051695524,4,5,NC1=NC(=O)NC=C1F.FC1=CNC(=O)NC1=O
HOZPUJ,0.8759999999999999,251.0706194,3,4,NC1=NC(=O)NC=C1F.OC(=O)c1ccccc1
HPIMTZ,-2.7692999999999968,240.048797096,1,2,[Cl-].C1CN2CC([NH+]=C2S1)c1ccccc1
HQNLSE,2.928400000000001,346.878582836,1,2,Cl[Se-](Cl)(Cl)=O.Oc1cccc2C=CC=[NH+]c12
HQUACN02,1.6276799999999998,151.063328528,2,3,Oc1ccc(O)cc1.CC#N
HQUACN03,1.6276799999999998,151.063328528,2,3,Oc1ccc(O)cc1.CC#N
HQUACN04,1.6276799999999998,151.063328528,2,3,Oc1ccc(O)cc1.CC#N
HQUACN05,1.6276799999999998,151.063328528,2,3,Oc1ccc(O)cc1.CC#N
HQUACN06,1.6276799999999998,151.063328528,2,3,Oc1ccc(O)cc1.CC#N
HQUACN07,1.6276799999999998,151.063328528,2,3,Oc1ccc(O)cc1.CC#N
HQUACN08,1.6276799999999998,151.063328528,2,3,Oc1ccc(O)cc1.CC#N
HQUACN09,1.6276799999999998,151.063328528,2,3,Oc1ccc(O)cc1.CC#N
HQUACN10,1.6276799999999998,151.063328528,2,3,Oc1ccc(O)cc1.CC#N
HQUACN11,1.6276799999999998,151.063328528,2,3,Oc1ccc(O)cc1.CC#N
HQUACN14,1.6276799999999998,151.063328528,2,3,Oc1ccc(O)cc1.CC#N
HQUACN15,1.6276799999999998,151.063328528,2,3,Oc1ccc(O)cc1.CC#N
HQUCLA,4.457000000000002,388.918003804,1,4,ClC1=C(Cl)C(=O)C(=C(Cl)C1=O)Cl.Oc1cccc2cccnc12
HQUNBZ,3.351600000000002,358.0549486599999,1,8,Oc1cccc2cccnc12.O=N(=O)c1cc(cc(c1)N(=O)=O)N(=O)=O
HQUPRD,-2.544999999999998,367.14191134808993,2,2,Oc1ccc(O)cc1.C[n+]1ccc(cc1)c1cc[n+](C)cc1.O.O.[Cl-]
HSLSTZ,1.1953000000000003,441.059917088,3,7,Nc1ccc(cc1)S(=O)(=O)[N-]C1=NC=CS1.[NH3+]Cc1ccc(cc1)S(N)(=O)=O
HTRYPT10,-1.2236000000000005,220.084792244,3,3,[NH3+]C(CC1=CNc2ccc(O)cc12)C(=O)[O-]
HUCHEU,-0.5084999999999964,343.22780700799996,3,2,[Cl-].[NH3+]C(CO)(CO)CCc1ccc(CCCCCCCC)cc1
HUCHEU02,-0.5084999999999982,343.22780700799996,3,2,[NH3+]C(CO)(CO)CCc1ccc(CCCCCCCC)cc1.[Cl-]
HUCPOL,0.13190000000000007,155.058243148,2,3,Oc1ccccc1C(=O)[O-].[NH4+]
HUCSOP,-3.6205000000000007,256.05482325191,3,6,O=N(=O)C1=N[N-]C2=C1[N-]N=C2N(=O)=O.NC(N)=[NH2+]
HUCSOP01,-3.6205000000000007,256.05482325191,3,6,O=N(=O)C1=N[N-]C2=C1[N-]N=C2N(=O)=O.NC(N)=[NH2+]
HUDXEL,3.8642400000000023,298.15036970399996,1,3,Cc1ccc(Sc2ccccc2N2CCNCC2)c(C)c1
HUDXIP,3.472740000000002,330.17658445199993,2,4,Cc1ccc(Sc2ccccc2N2CCNCC2)c(C)c1.CO
HUDYOX,-2.647999999999996,378.11754891600003,4,7,OC(CC(O)=O)C(=O)[O-].NC(=O)c1c[nH+]ccc1.NC(=O)c1cccnc1
HUGKED,-4.385309999999999,320.09412810400005,4,7,NC(=NN(=O)=O)N1N=CCC1[C-](N(=O)=O)N(=O)=O.NC(N)=[NH2+]
HUGPIJ,-2.8093999999999992,294.01741222400005,2,4,Clc1cc(C(=O)[O-])c(cc1Cl)C(=O)[O-].[NH3+]CC[NH3+]
HUHDAQ,2.886000000000001,324.111006992,2,6,O=Cc1ccncc1.O=Cc1ccncc1.Oc1cccc(O)c1
HUHQIN,-1.9078999999999973,426.1022927759999,4,8,O.CN1C(=O)N(C)C2=C(NC=N2)C1=O.OC(=O)c1cc(cc(c1)C(O)=O)C(O)=O.O
HUHQIN01,-1.9078999999999995,426.102292776,4,8,OC(=O)c1cc(cc(c1)C(O)=O)C(O)=O.CN1C(=O)N(C)C2=C(NC=N2)C1=O.O.O
HUHQUZ,-0.24809999999999804,404.0968134719999,3,9,CN1C=NC2=C1C(=O)N(C)C(=O)N2C.OC(=O)c1cc(cc(c1)C(O)=O)C(O)=O
HUHQUZ01,-0.24809999999999804,404.0968134719999,3,9,CN1C=NC2=C1C(=O)N(C)C(=O)N2C.OC(=O)c1cc(cc(c1)C(O)=O)C(O)=O
HUHRIL,-3.813999999999999,261.11934606409,3,5,Nc1cc(ccc1C(=O)[O-])N(=O)=O.[NH3+]CC[NH3+].O
HUHSOS,-0.31490000000000024,228.07462148399998,2,4,O=N(=O)[O-].[NH3+]C(Cc1ccccc1)C(O)=O
HUHZEP,-6.626000000000001,275.052027468,4,6,O=[Cl](=O)(=O)[O-].[NH3+]C(CCCNC(N)=O)C(O)=O
HUKDEZ,-2.590499999999997,332.00217565599996,3,1,[I-].[NH3+]C(CC1=CNc2ccccc12)C(O)=O
HUKSAL,-3.838359999999999,251.12430603599998,3,7,CC1=NN(C(=C1)C)c1nnc([O-])nn1.NC(N)=[NH2+]
HULGAA,-5.272699999999998,259.136602036,3,8,[NH3+]CC[NH3+].N(N=NC1=NN=N[N-]1)C1=NN=N[N-]1.O
HUMJEE,0.5258999999999996,169.073893212,2,2,CC(=O)Nc1ccc(O)cc1.O
HUMNEK,-0.07270000000000082,317.11240396,3,7,Nc1ccc(cc1)C(O)=O.CN1C(=O)N(C)C2=C(NC=N2)C1=O
HUMNEK01,-0.0726999999999996,317.11240396,3,7,CN1C(=O)N(C)C2=C(NC=N2)C1=O.Nc1ccc(cc1)C(O)=O
HUMZIC,2.2120000000000006,403.15503599199997,1,4,CC(C)(Oc1ccc(cc1)C(=O)c1ccc(Cl)cc1)C(=O)[O-].[NH2+]1CCCCC1
HUNJIL,1.2833999999999994,416.1695844879999,2,9,CN1C=NC2=C1C(=O)N(CCCCC(C)=O)C(=O)N2C.OC(=O)c1ccccc1O
HUNLUB,-0.39489999999999714,405.15756141209,2,4,CC(C)(Oc1ccc(cc1)C(=O)c1ccc(Cl)cc1)C(=O)[O-].[NH2+]1CC[NH2+]CC1
HUNYIC,1.5426800000000005,441.17222734399996,2,6,C[NH+](C)CC(C)CN1c2ccccc2Sc2ccc(cc12)C#N.OC(=O)CCC(=O)[O-]
HUPPEP,-1.675799999999996,434.26281617600006,4,6,OC(=O)CCC(O)=O.O=C([O-])CCC(=O)[O-].[NH3+]C1CCCCC1.[NH3+]C1CCCCC1
HUPPOX,3.4537000000000013,336.11100699199994,1,5,c1cc(ccn1)c1ccncc1.CC(=O)Oc1ccccc1C(O)=O
HUPPUG,-7.035700000000001,268.91632148800005,2,1,[Br-].[Br-].[NH3+]c1c[nH+]ccc1N
HUPWEV,-0.7893599999999985,457.18490020399986,3,7,CN(C)C(=O)CC1=C([NH+]=C2C=CC(=CN12)C)c1ccc(C)cc1.OC(C(O)C(=O)[O-])C(O)=O
HUPWIZ,3.248840000000002,307.168462292,0,3,CN(C)C(=O)CC1=C(N=C2C=CC(=CN12)C)c1ccc(C)cc1
HUPWIZ01,3.248840000000002,307.168462292,0,3,CN(C)C(=O)CC1=C(N=C2C=CC(=CN12)C)c1ccc(C)cc1
HUQRAM,-2.6759999999999966,203.101839276,1,6,C1[NH+]2CN3CN1CN(C2)C3.O=N(=O)[O-]
HUQVIA,3.794200000000002,403.06028008,3,6,Nc1nnc(c(N)n1)c1cccc(Cl)c1Cl.OC(=O)C=Cc1ccccc1
HUQWIB,3.862500000000002,341.10899454791,1,1,NC(=O)N1c2ccccc2C=Cc2ccccc12.O.F[B-](F)(F)F
HUQWUN,2.572300000000002,394.09872805599997,2,3,O=S(=O)([O-])c1ccccc1.[NH2+]=C(O)N1c2ccccc2C=Cc2ccccc12
HUQXEY,1.1514000000000006,472.0940366,4,5,OC(=O)c1cc(ccc1O)S(=O)(=O)[O-].[NH2+]=C(O)N1c2ccccc2C=Cc2ccccc12.O
HURMOW,1.3801999999999999,446.13569751600005,2,8,Clc1cccc(c1)C(=O)[O-].COc1cc(Cc2c[nH+]c(N)nc2N)cc(OC)c1OC
HURMUC,-0.26919999999999994,482.156826884,2,8,Clc1cccc(c1)C(=O)[O-].COc1cc(Cc2c[nH+]c(N)nc2N)cc(OC)c1OC.O.O
HURPAL,3.4487000000000023,408.28757437999997,4,4,CC(CCC(O)=O)C1CCC2C3C(O)CC4CC(O)CCC4(C)C3CC(O)C12C
HUSFOU,0.6959000000000001,251.0706194,3,5,NC1=NC(=O)NC=C1F.Oc1ccc(C=O)cc1
HUSTOE24,2.1976,302.12665705599994,2,4,C(Cc1ccncc1)c1ccncc1.OC(=O)CCC(O)=O
HUSTOE25,2.1976,302.12665705599994,2,4,C(Cc1ccncc1)c1ccncc1.OC(=O)CCC(O)=O
HUSTOE26,2.1976,302.12665705599994,2,4,C(Cc1ccncc1)c1ccncc1.OC(=O)CCC(O)=O
HUSTOE27,2.1976,302.12665705599994,2,4,C(Cc1ccncc1)c1ccncc1.OC(=O)CCC(O)=O
HUSTOE28,2.1976,302.12665705599994,2,4,C(Cc1ccncc1)c1ccncc1.OC(=O)CCC(O)=O
HUSTOE29,2.1976,302.12665705599994,2,4,C(Cc1ccncc1)c1ccncc1.OC(=O)CCC(O)=O
HUSTOE30,2.1976,302.12665705599994,2,4,C(Cc1ccncc1)c1ccncc1.OC(=O)CCC(O)=O
HUSTOE31,2.1976,302.12665705599994,2,4,C(Cc1ccncc1)c1ccncc1.OC(=O)CCC(O)=O
HUSVEW,-5.682699999999995,371.12083714791,3,9,C1[NH+]2CN3CN1CN(C2)C3.OC(=O)C=CC(=O)[O-].OC(=O)C=CC(=O)[O-]
HUSWIB,0.578300000000002,340.21105537600005,2,6,CC1(C)C(CCC1(C)C(O)=O)C(O)=O.C1N2CN3CN1CN(C2)C3
HUTRAS,-1.0916999999999981,270.06742792800003,2,4,CCc1[nH+]ccc(c1)C(N)=S.OC(=O)CC(=O)[O-]
HUTREW,1.6040999999999999,298.09872805599997,3,4,CCc1cc(ccn1)C(N)=S.OC(=O)CCCC(O)=O
HUVGIQ,1.9937999999999998,328.11715499199994,2,6,C1=CN(C=N1)c1ccc(cc1)N1C=CN=C1.OC(=O)CCC(O)=O
HUWHAK,1.3185999999999998,278.05388604,2,5,OC(=O)c1ccccc1O.O=N(=O)c1cc[n+]([O-])cc1
HUWHEO,0.14440000000000014,312.052840484,2,6,Nc1ccc(cc1)S(N)(=O)=O.O=N(=O)c1cc[n+]([O-])cc1
HUWNIX,1.1059999999999994,346.22564281999996,3,3,C1CCC(CC1)NC=[NH+]C1CCCCC1.Oc1ccccc1C(=O)[O-]
HUWNUL,-2.2272999999999983,217.007864452,3,5,CS(=O)(=O)[O-].[NH3+]C(CS)C(O)=O
HUWPIC,3.139500000000001,440.19473661599994,2,5,O=C(C=CC=Cc1ccc2OCOc2c1)N1CCCCC1.Nc1ccc(cc1)C(O)=O.O
HUYMOH,-0.24379999999999735,488.21586598399995,2,8,Oc1ccc(cc1)C1=COc2cc(O)ccc2C1=O.C[N+](C)(C)CC(=O)[O-].C[N+](C)(C)CC(=O)[O-]
HUYSED,3.6658000000000026,332.06847348400004,2,5,Oc1ccc2c(Oc3cc(O)ccc3C32OC(=O)c2ccccc32)c1
HUYSIH,4.195680000000003,373.0950225800001,2,6,Oc1ccc2c(Oc3cc(O)ccc3C32OC(=O)c2ccccc32)c1.CC#N
HUYXII,-0.12560000000000032,350.04986328,2,7,OC(=O)c1cc(cc(c1[O-])N(=O)=O)N(=O)=O.NC(=O)c1c[nH+]ccc1
HUZCUA,1.5874000000000001,325.10625595999994,2,4,[O-][n+]1ccc(cc1)c1cc[n+]([O-])cc1.Nc1ccc(cc1)C(O)=O
HUZCUA03,1.5874000000000001,325.10625595999994,2,4,[O-][n+]1ccc(cc1)c1cc[n+]([O-])cc1.Nc1ccc(cc1)C(O)=O
HUZLUJ,-3.302599999999998,192.097088244,3,3,CN(C)C(=[NH2+])N=C(N)N.O=N(=O)[O-]
HXACAN,1.3505999999999998,151.063328528,2,2,CC(=O)Nc1ccc(O)cc1
HXACAN01,1.3505999999999998,151.063328528,2,2,CC(=O)Nc1ccc(O)cc1
HXACAN04,1.3505999999999998,151.063328528,2,2,CC(=O)Nc1ccc(O)cc1
HXACAN06,1.3505999999999998,151.063328528,2,2,CC(=O)Nc1ccc(O)cc1
HXACAN07,1.3505999999999998,151.063328528,2,2,CC(=O)Nc1ccc(O)cc1
HXACAN08,1.3505999999999998,151.063328528,2,2,CC(=O)Nc1ccc(O)cc1
HXACAN09,1.3505999999999998,151.063328528,2,2,CC(=O)Nc1ccc(O)cc1
HXACAN10,1.3505999999999998,151.063328528,2,2,CC(=O)Nc1ccc(O)cc1
HXACAN11,1.3505999999999998,151.063328528,2,2,CC(=O)Nc1ccc(O)cc1
HXACAN12,1.3505999999999998,151.063328528,2,2,CC(=O)Nc1ccc(O)cc1
HXACAN13,1.3505999999999998,151.063328528,2,2,CC(=O)Nc1ccc(O)cc1
HXACAN14,1.3505999999999998,151.063328528,2,2,CC(=O)Nc1ccc(O)cc1
HXACAN15,1.3505999999999998,151.063328528,2,2,CC(=O)Nc1ccc(O)cc1
HXACAN16,1.3505999999999998,151.063328528,2,2,CC(=O)Nc1ccc(O)cc1
HXACAN17,1.3505999999999998,151.063328528,2,2,CC(=O)Nc1ccc(O)cc1
HXACAN18,1.3505999999999998,151.063328528,2,2,CC(=O)Nc1ccc(O)cc1
HXACAN19,1.3505999999999998,151.063328528,2,2,CC(=O)Nc1ccc(O)cc1
HXACAN21,1.3505999999999998,151.063328528,2,2,CC(=O)Nc1ccc(O)cc1
HXACAN22,1.3505999999999998,151.063328528,2,2,CC(=O)Nc1ccc(O)cc1
HXACAN23,1.3505999999999998,151.063328528,2,2,CC(=O)Nc1ccc(O)cc1
HXACAN24,1.3505999999999998,151.063328528,2,2,CC(=O)Nc1ccc(O)cc1
HXACAN25,1.3505999999999998,151.063328528,2,2,CC(=O)Nc1ccc(O)cc1
HXACAN26,1.3505999999999998,151.063328528,2,2,CC(=O)Nc1ccc(O)cc1
HXACAN27,1.3505999999999998,151.063328528,2,2,CC(=O)Nc1ccc(O)cc1
HXACAN28,1.3505999999999998,151.063328528,2,2,CC(=O)Nc1ccc(O)cc1
HXACAN29,2.7012,302.126657056,4,4,CC(=O)Nc1ccc(O)cc1.CC(=O)Nc1ccc(O)cc1
HXACAN30,1.3505999999999998,151.063328528,2,2,CC(=O)Nc1ccc(O)cc1
HXACAN31,1.3505999999999998,151.063328528,2,2,CC(=O)Nc1ccc(O)cc1
HXACAN32,1.3505999999999998,151.063328528,2,2,CC(=O)Nc1ccc(O)cc1
HXACAN33,1.3505999999999998,151.063328528,2,2,CC(=O)Nc1ccc(O)cc1
HXACAN34,1.3505999999999998,151.063328528,2,2,CC(=O)Nc1ccc(O)cc1
HXACAN35,1.3505999999999998,151.063328528,2,2,CC(=O)Nc1ccc(O)cc1
HXACAN36,1.3505999999999998,151.063328528,2,2,CC(=O)Nc1ccc(O)cc1
HXACAN37,1.3505999999999998,151.063328528,2,2,CC(=O)Nc1ccc(O)cc1
HXACAN38,1.3505999999999998,151.063328528,2,2,CC(=O)Nc1ccc(O)cc1
HXACAN40,2.7012,302.126657056,4,4,CC(=O)Nc1ccc(O)cc1.CC(=O)Nc1ccc(O)cc1
HXACAN41,1.3505999999999998,151.063328528,2,2,CC(=O)Nc1ccc(O)cc1
HXACAN42,1.3505999999999998,151.063328528,2,2,CC(=O)Nc1ccc(O)cc1
HXACAN43,1.3505999999999998,151.063328528,2,2,CC(=O)Nc1ccc(O)cc1
HXACAN44,1.3505999999999998,151.063328528,2,2,CC(=O)Nc1ccc(O)cc1
HXACAN45,1.3505999999999998,151.063328528,2,2,CC(=O)Nc1ccc(O)cc1
HXACAN46,1.3505999999999998,151.063328528,2,2,CC(=O)Nc1ccc(O)cc1
HXACAN47,2.7012,302.126657056,4,4,CC(=O)Nc1ccc(O)cc1.CC(=O)Nc1ccc(O)cc1
HXACAN48,1.3505999999999998,151.063328528,2,2,CC(=O)Nc1ccc(O)cc1
HXACAN49,1.3505999999999998,151.063328528,2,2,CC(=O)Nc1ccc(O)cc1
HXACAN50,1.3505999999999998,151.063328528,2,2,CC(=O)Nc1ccc(O)cc1
HXACAN51,1.3505999999999998,151.063328528,2,2,CC(=O)Nc1ccc(O)cc1
HXACAN52,1.3505999999999998,151.063328528,2,2,CC(=O)Nc1ccc(O)cc1
HXACAN53,1.3505999999999998,151.063328528,2,2,CC(=O)Nc1ccc(O)cc1
HXACAN54,1.3505999999999998,151.063328528,2,2,CC(=O)Nc1ccc(O)cc1
HXACAN57,1.3505999999999998,151.063328528,2,2,CC(=O)Nc1ccc(O)cc1
HXACAN58,1.3505999999999998,151.063328528,2,2,CC(=O)Nc1ccc(O)cc1
HXACAN61,1.3505999999999998,151.063328528,2,2,CC(=O)Nc1ccc(O)cc1
HXACAN62,1.3505999999999998,151.063328528,2,2,CC(=O)Nc1ccc(O)cc1
HXACAN63,1.3505999999999998,151.063328528,2,2,CC(=O)Nc1ccc(O)cc1
HXACAN64,1.3505999999999998,151.063328528,2,2,CC(=O)Nc1ccc(O)cc1
HXACAN65,1.3505999999999998,151.063328528,2,2,CC(=O)Nc1ccc(O)cc1
HXACAN66,1.3505999999999998,151.063328528,2,2,CC(=O)Nc1ccc(O)cc1
HXACAN69,2.7012,302.126657056,4,4,CC(=O)Nc1ccc(O)cc1.CC(=O)Nc1ccc(O)cc1
HXMTAM,-1.0197999999999992,140.106196384,0,4,C1N2CN3CN1CN(C2)C3
HXMTAM01,-1.0197999999999992,140.106196384,0,4,C1N2CN3CN1CN(C2)C3
HXMTAM02,-1.0197999999999992,140.106196384,0,4,C1N2CN3CN1CN(C2)C3
HXMTAM03,-1.0197999999999992,140.106196384,0,4,C1N2CN3CN1CN(C2)C3
HXMTAM04,-1.0197999999999992,140.106196384,0,4,C1N2CN3CN1CN(C2)C3
HXMTAM05,-1.0197999999999992,140.106196384,0,4,C1N2CN3CN1CN(C2)C3
HXMTAM07,-1.0197999999999992,140.106196384,0,4,C1N2CN3CN1CN(C2)C3
HXMTAM08,-1.0197999999999992,140.106196384,0,4,C1N2CN3CN1CN(C2)C3
HXMTAM09,-1.0197999999999992,140.106196384,0,4,C1N2CN3CN1CN(C2)C3
HXMTAM10,-1.0197999999999992,140.106196384,0,4,C1N2CN3CN1CN(C2)C3
HXMTAM11,-1.0197999999999992,140.106196384,0,4,C1N2CN3CN1CN(C2)C3
HXMTAM12,-1.0197999999999992,140.106196384,0,4,C1N2CN3CN1CN(C2)C3
HXMTAM13,-1.0197999999999992,140.106196384,0,4,C1N2CN3CN1CN(C2)C3
HXMTAM14,-1.0197999999999992,140.106196384,0,4,C1N2CN3CN1CN(C2)C3
HXMTAM15,-1.0197999999999992,140.106196384,0,4,C1N2CN3CN1CN(C2)C3
HXMTAM16,-1.0197999999999992,140.106196384,0,4,C1N2CN3CN1CN(C2)C3
HXMTAM17,-1.0197999999999992,140.106196384,0,4,C1N2CN3CN1CN(C2)C3
HXMTAM18,-1.0197999999999992,140.106196384,0,4,C1N2CN3CN1CN(C2)C3
HXMTAM19,-1.0197999999999992,140.106196384,0,4,C1N2CN3CN1CN(C2)C3
HXMTAM20,-1.0197999999999992,140.106196384,0,4,C1N2CN3CN1CN(C2)C3
HXMTAM21,-1.0197999999999992,140.106196384,0,4,C1N2CN3CN1CN(C2)C3
HXMTAM22,-1.0197999999999992,140.106196384,0,4,C1N2CN3CN1CN(C2)C3
HXMTAM23,-1.0197999999999992,140.106196384,0,4,C1N2CN3CN1CN(C2)C3
HXMTAM42,-1.0197999999999992,140.106196384,0,4,C1N2CN3CN1CN(C2)C3
HXMTAM43,-1.0197999999999992,140.106196384,0,4,C1N2CN3CN1CN(C2)C3
HXMTAM44,-1.0197999999999992,140.106196384,0,4,C1N2CN3CN1CN(C2)C3
HXMTAM45,-1.0197999999999992,140.106196384,0,4,C1N2CN3CN1CN(C2)C3
HXMTAM46,-1.0197999999999992,140.106196384,0,4,C1N2CN3CN1CN(C2)C3
HXMTAM47,-1.0197999999999992,140.106196384,0,4,C1N2CN3CN1CN(C2)C3
HXMTAM48,-1.0197999999999992,140.106196384,0,4,C1N2CN3CN1CN(C2)C3
HXMTAM49,-1.0197999999999992,140.106196384,0,4,C1N2CN3CN1CN(C2)C3
HXMTAM50,-1.0197999999999992,140.106196384,0,4,C1N2CN3CN1CN(C2)C3
HXMTAM51,-1.0197999999999992,140.106196384,0,4,C1N2CN3CN1CN(C2)C3
HXMTAM52,-1.0197999999999992,140.106196384,0,4,C1N2CN3CN1CN(C2)C3
HXMTAM53,-1.0197999999999992,140.106196384,0,4,C1N2CN3CN1CN(C2)C3
HXMTAM54,-1.0197999999999992,140.106196384,0,4,C1N2CN3CN1CN(C2)C3
HXMTAM55,-1.0197999999999992,140.106196384,0,4,C1N2CN3CN1CN(C2)C3
HXMTAM56,-1.0197999999999992,140.106196384,0,4,C1N2CN3CN1CN(C2)C3
HXMTAM57,-1.0197999999999992,140.106196384,0,4,C1N2CN3CN1CN(C2)C3
HXMTDI,0.7515999999999999,393.915142384,0,4,C1N2CN3CN1CN(C2)C3.II
HXMTDI01,0.7516,393.9151423840001,0,4,II.C1N2CN3CN1CN(C2)C3
HXMTHH,-2.6691999999999974,176.127325752,0,4,O.O.C1N2CN3CN1CN(C2)C3
HXQUIN03,1.9403999999999995,145.052763844,1,2,Oc1cccc2cccnc12
HXQUIN10,1.9403999999999995,145.052763844,1,2,Oc1cccc2cccnc12
HXQUIN11,1.9403999999999995,145.052763844,1,2,Oc1cccc2cccnc12
HXQUIN13,1.9403999999999995,145.052763844,1,2,Oc1cccc2cccnc12
HXQUIN14,1.9403999999999995,145.052763844,1,2,Oc1cccc2cccnc12
HXQUIN15,3.8808000000000016,290.105527688,2,4,Oc1cccc2cccnc12.Oc1cccc2cccnc12
HXQUIN16,1.9403999999999995,145.052763844,1,2,Oc1cccc2cccnc12
HXQUIN17,1.9403999999999995,145.052763844,1,2,Oc1cccc2cccnc12
HYDLAZ01,-2.6614999999999984,196.05157396799999,2,3,[Cl-].NNc1[nH+]ncc2ccccc12
HYDLAZ10,-2.6614999999999984,196.05157396799999,2,3,[Cl-].NNc1[nH+]ncc2ccccc12
HYQHCL,1.5195999999999998,146.013457144,2,2,Oc1ccc(O)cc1.Cl
HYQHCL01,1.5195999999999998,146.013457144,2,2,Oc1ccc(O)cc1.Cl
HYQUIN,2.1955999999999998,220.073558864,4,4,Oc1ccc(O)cc1.Oc1ccc(O)cc1
HYQUIN05,1.0977999999999999,110.036779432,2,2,Oc1ccc(O)cc1
HYQUIN08,1.0977999999999999,110.036779432,2,2,Oc1ccc(O)cc1
HYQUIN09,1.0977999999999999,110.036779432,2,2,Oc1ccc(O)cc1
HYQUIN10,1.0977999999999999,110.036779432,2,2,Oc1ccc(O)cc1
HYQUIN11,1.0977999999999999,110.036779432,2,2,Oc1ccc(O)cc1
HYQUIN12,1.0977999999999999,110.036779432,2,2,Oc1ccc(O)cc1
HYQUIN13,1.0977999999999999,110.036779432,2,2,Oc1ccc(O)cc1
IACNCA,1.9754999999999994,297.11134134,3,3,NC(=O)c1cccnc1.OC(=O)CC1=CNc2ccccc12
IBIYUP,-0.1291999999999991,493.99127732000005,0,8,BrN1C(=O)CCC1=O.BrN1C(=O)CCC1=O.C1N2CN3CN1CN(C2)C3
IBIZAW,-0.5343999999999989,365.03487275200007,0,6,IN1C(=O)CCC1=O.C1N2CN3CN1CN(C2)C3
IBPRAC,3.073200000000001,206.130679816,1,1,CC(C)Cc1ccc(cc1)C(C)C(O)=O
IBPRAC01,3.073200000000001,206.130679816,1,1,CC(C)Cc1ccc(cc1)C(C)C(O)=O
IBPRAC03,3.073200000000001,206.130679816,1,1,CC(C)Cc1ccc(cc1)C(C)C(O)=O
IBPRAC04,3.073200000000001,206.130679816,1,1,CC(C)Cc1ccc(cc1)C(C)C(O)=O
IBPRAC20,3.073200000000001,206.130679816,1,1,CC(C)Cc1ccc(cc1)C(C)C(O)=O
IBPRAC21,3.073200000000001,206.130679816,1,1,CC(C)Cc1ccc(cc1)C(C)C(O)=O
IBPRAC24,3.073200000000001,206.130679816,1,1,CC(C)Cc1ccc(cc1)C(C)C(O)=O
IBPRAC26,3.073200000000001,206.130679816,1,1,CC(C)Cc1ccc(cc1)C(C)C(O)=O
IBUJOH,-0.9826599999999979,352.1376121,1,2,[Cl-].Cc1ccc(Sc2ccccc2N2CC[NH2+]CC2)c(C)c1.O
IBUNOJ,1.7601,425.175771436,3,3,[Cl-].Oc1ccc2ccccc2c1c1c(O)ccc2ccccc12.C[N+](C)(C)CCO
ICEXOH,-3.5650000000000004,159.011390272,3,3,FS(=O)(=O)[O-].NC(N)=[NH2+]
ICRFRB10,-2.708299999999996,268.117154992,2,6,CC(CN1CC(=O)NC(=O)C1)N1CC(=O)NC(=O)C1
ICUWAF,1.7820999999999985,493.27669976799996,1,4,O1B(O[B-](OB1c1ccccc1)(c1ccccc1)c1ccccc1)c1ccccc1.C[N+](C)(C)CCO
IDAQAG,4.468500000000002,280.215078136,1,3,CCCCCCCCCCCC(O)=O.c1cnccn1
IDIKAL,0.6086999999999994,333.09541293999996,1,2,C[NH2+]CCC(Oc1cccc2ccccc12)C1=CC=CS1.[Cl-]
IDIXUR,-2.5730799999999983,263.090605896,4,4,CC1=CC(=O)NC(=[NH2+])N1.Oc1ccccc1C(=O)[O-]
IDIYIF,-2.1239,213.074955832,3,5,Nc1c[nH+]ccc1N.OC(=O)CC(=O)[O-]
IDOHAN,3.335720000000002,473.07152732799995,3,7,CN1C(=C(O)c2ccccc2S1(=O)=O)C(=O)NC1=NC=C(C)S1.OC(=O)c1ccccc1
IDOVEE,-5.511419999999999,155.028396,2,2,[Cl-].[S-]C#N.[NH3+]CC[NH3+]
IDOXUR,-1.2181,353.971269452,3,6,OCC1OC(CC1O)N1C=C(I)C(=O)NC1=O
IDOXUR01,-1.2181,353.971269452,3,6,OCC1OC(CC1O)N1C=C(I)C(=O)NC1=O
IDUBES,-0.32235999999999776,378.116876656,3,3,Cc1cccc(C)c1NC1=[NH+]CCCS1.[Cl-].OC(=O)c1ccccc1
IDUMUP,2.6012000000000004,362.22055744,2,4,CN(C)C(=O)C12CCC(CC1)(CC2)C(=O)N(C)C.Oc1ccc(O)cc1
IDUNAW,3.6990000000000025,472.25733687199994,4,6,CN(C)C(=O)C12CCC(CC1)(CC2)C(=O)N(C)C.Oc1ccc(O)cc1.Oc1ccc(O)cc1
IDUTOR,-4.879399999999999,250.062342548,2,5,O=C([O-])C1=CC=C(S1)C(=O)[O-].[NH3+]CC[NH3+].O
IDUTUX,0.7334000000000014,282.205576072,1,5,CC1(C)C(C(O)=O)C1(C)C.C1N2CN3CN1CN(C2)C3
IFACUO,1.0429999999999995,292.11715499199994,3,7,COc1cc(OC)nc(N)n1.Nc1ccc(cc1)C(O)=O
IFACUO01,-0.8725999999999989,292.11715499199994,2,7,COc1[nH+]c(N)nc(OC)c1.Nc1ccc(cc1)C(=O)[O-]
IFEFOR,3.997220000000003,481.11712625999996,3,6,CN1N(C(=O)C(=C1C)NC(C)=O)c1ccccc1.OC(=O)c1ccccc1O.ClCCCl
IFEFUX,2.5332200000000014,383.14812077199997,3,6,CN1N(C(=O)C(=C1C)NC(C)=O)c1ccccc1.OC(=O)c1ccccc1O
IFOSAY,-0.29740000000000044,285.06286692399993,3,8,Nc1nc(Cl)nc2N(C=Nc12)C1CC(O)C(CO)O1
IFUVOY,-0.026900000000000646,465.1260033359999,2,8,CC(c1ncncc1F)C(O)(CN1C=[NH+]C=N1)c1ccc(F)cc1F.OC(=O)C=CC(=O)[O-]
IGAZUM,-6.927199999999997,331.17933259200015,3,1,[Cl-].[Cl-].[NH3+]c1ccc(cc1)C(=O)NCC[NH+](CC)CC.O.[H].[H].[H].[H].[H].[H]
IGIYAB,1.3708999999999996,238.084123548,4,4,Oc1cccc(O)c1.O.Oc1cccc(O)c1
IGIYAB01,1.3708999999999996,238.084123548,4,4,Oc1cccc(O)c1.O.Oc1cccc(O)c1
IGIYAB02,0.5461999999999996,256.094688232,4,4,Oc1cccc(O)c1.O.O.Oc1cccc(O)c1
IGIZAC,0.27309999999999995,128.047344116,2,2,Oc1cccc(O)c1.O
IGIZEG,0.7062999999999997,142.06299418,3,3,CO.Oc1cccc(O)c1
IGIZEG01,0.7062999999999997,142.06299418,3,3,CO.Oc1cccc(O)c1
IHAHOR,-2.7297999999999973,285.04590278809,2,2,[Cl-].[NH3+]c1ccc(cc1)S(=O)(=O)c1ccc([NH3+])cc1
IHAHUX,-2.7297999999999973,328.99538720809,2,2,[Br-].[NH3+]c1ccc(cc1)S(=O)(=O)c1ccc([NH3+])cc1
IHAWAS,0.9049999999999999,317.1011705800001,3,5,OC(=O)CC(C(O)=O)c1ccccc1.NC(=O)c1cnccn1
IHEPOA,-2.3884999999999996,189.024892332,2,3,[NH3+]CC(O)=O.FC(F)(F)C(=O)[O-]
IHESOD,-4.123299999999997,329.09903908391,4,6,[NH2+]=C1NC=CC=C1.OC(=O)CCC(O)=O.O=C([O-])CCC(=O)[O-]
IHESOD01,-2.7148999999999965,329.09903908391004,3,7,O=C([O-])CCC(=O)[O-].OC(=O)CCC(O)=O.Nc1[nH+]cccc1
IHIMEU,-1.1137999999999977,347.18450627999994,2,5,COc1ccc(cc1)N1CC[NH2+]CC1.Nc1ccc(cc1)C(=O)[O-].O
IHIQID,0.1956000000000001,381.13247070799997,2,5,O.O=C(NN=Cc1ccccc1)c1cc[nH+]cc1.Oc1ccccc1C(=O)[O-]
IHIROK,0.38118000000000074,495.167331992,1,8,Clc1cccc(c1)C(=O)[O-].[NH3+]C1CCCN(C1)C1=CC(=O)N(C)C(=O)N1Cc1ccccc1C#N
IHISOL,-1.9873999999999996,266.96459368800004,3,3,[NH3+]c1ccc(cc1)C(O)=O.O[Se](=O)[O-]
IHUDOE,-6.8637999999999995,165.05158377009,2,4,O=S(=O)([O-])[O-].[NH3+]CC[NH3+].[Li+]
IHUDUK,-10.192499999999999,251.04049561409,3,3,[K+].OP(=O)([O-])[O-].O.O.O.[NH3+]CC[NH3+]
IHUFOG,-7.394499999999996,228.07248998791002,4,7,O=C([O-])C(=O)[O-].O.[NH3+]C(CO)(CO)CO
IHUMUV,-1.7145,250.106590308,2,5,Nc1[nH+]c(N)ccc1.O=C([O-])c1cccnc1.O
IJAXAW,4.576000000000003,485.2049669519999,2,7,COc1ccc(Cc2nccc3cc(OC)c(OC)cc23)cc1OC.OC(=O)CCCCC(O)=O
IJAXEA,1.6562,455.1580167599999,1,7,COc1ccc(Cc2[nH+]ccc3cc(OC)c(OC)cc23)cc1OC.OC(=O)C=CC(=O)[O-]
IJECUZ,1.0999999999999999,429.1423666959999,1,7,COc1ccc(Cc2[nH+]ccc3cc(OC)c(OC)cc23)cc1OC.OC(=O)C(=O)[O-]
IJEDAG,4.966100000000004,499.2206170159999,2,7,COc1ccc(Cc2nccc3cc(OC)c(OC)cc23)cc1OC.OC(=O)CCCCCC(O)=O
IJELUE,-4.827899999999995,297.105981188,4,6,OC(=O)CC(O)(CC(=O)[O-])C(O)=O.[NH2+]1CCOCC1.O
IJETOG02,0.0863000000000016,300.179755248,2,6,OC(=O)CCCCCC(O)=O.C1N2CN3CN1CN(C2)C3
IJEZUT,0.46069999999999967,358.12771967599997,2,8,CN1C=NC2=C1C(=O)N(C)C(=O)N2C.OC(=O)C=Cc1ccc(O)cc1
IJIBEJ01,0.45029999999999976,344.11206961199997,3,7,CN1C(=O)N(C)C2=C(NC=N2)C1=O.OC(=O)C=Cc1ccc(O)cc1
IJOWOX,-2.7377999999999982,264.95997649599997,2,1,[I-].[NH3+]c1ccc(cc1)C(O)=O
IJOYAI,-0.05779999999999835,312.17975524799994,2,6,C1N2CN3CN1CN(C2)C3.OC(=O)C1CCC(CC1)C(O)=O
IKACUT,0.043399999999999994,152.044488052,1,2,OB1OCc2cc(F)ccc12
IKACUT01,0.043399999999999994,152.044488052,1,2,OB1OCc2cc(F)ccc12
IKAFOQ,-5.4018,235.010831352,2,7,Nc1[nH+]cnc2NC=Nc12.O=[Cl](=O)(=O)[O-]
IKAJAG,1.6627999999999998,346.106590308,0,6,O=C([O-])c1ccccc1.[nH+]1ccc(cc1)C1=NN=C(O1)c1ccncc1
IKAJEM,-0.3335999999999999,345.01465985199997,2,3,[Br-].CCCSc1ccc2NC(=[NH+]c2c1)NC(=O)OC
IKAJOW,2.4232999999999993,328.08414061199994,2,6,CCCSc1ccc2[NH+]=C(NC(=O)OC)Nc2c1.O=N(=O)[O-]
IKATIY,0.4143999999999996,234.121571676,2,4,[NH3+]CC1(CCCCC1)CC(O)=O.O=N(=O)[O-]
IKEKOB,2.912460000000002,488.18034950399993,1,5,Cc1ccc(Sc2ccccc2N2CC[NH2+]CC2)c(C)c1.Cc1ccc(cc1)S(=O)(=O)[O-].O
IKOCET,-3.009699999999998,376.0390987479101,3,8,O=S(=O)([O-])c1ccc(cc1)S(=O)(=O)[O-].NC(N)=[NH2+].c1cnccn1
IKOCUJ,-3.486299999999999,296.00165061991004,3,6,O=S(=O)([O-])c1ccc(cc1)S(=O)(=O)[O-].NC(N)=[NH2+]
IKODAQ,-3.486299999999999,296.00165061991004,3,6,O=S(=O)([O-])c1ccc(cc1)S(=O)(=O)[O-].NC(N)=[NH2+]
IKOLIG,-5.027799999999993,415.1703127599999,3,9,CCN1C=C(C(O)=O)C(=O)c2cnc(nc12)N1CC[NH2+]CC1.OCC(=O)[O-].O.O
IKOPOQ,-3.2293999999999965,393.0544144639101,3,7,O=S(=O)([O-])c1ccc(cc1)S(=O)(=O)[O-].O.NC(N)=[NH2+].c1ccncc1
ILAKUD,-0.9373999999999978,171.09504590008999,2,1,[NH3+]CC[NH3+].[S-]c1ccccc1
ILAVID,-3.093359999999998,234.05210896444999,3,4,O=S(=O)([O-])[O-].NC(N)=[NH2+].[cH+]1[cH+][cH+][cH+][cH+][cH+]1
ILIZOV,-4.304899999999997,277.09099982000004,4,5,O=C1NC(=O)C=C(N1)C(=O)[O-].[NH3+]CCCC(O)=O.O
IMADEI,0.5409999999999998,321.143704088,1,9,CC(=O)OCC(CCN1C=Nc2cnc(N)nc12)COC(C)=O
IMADEI01,0.5409999999999998,321.143704088,1,9,CC(=O)OCC(CCN1C=Nc2cnc(N)nc12)COC(C)=O
IMEHOY02,-1.329599999999997,257.154642068,2,1,[Cl-].CCC(C(C)C[NH+](C)C)c1cccc(O)c1
IMEHOY05,-1.329599999999997,257.154642068,2,1,CCC(C(C)C[NH+](C)C)c1cccc(O)c1.[Cl-]
IMEHOY08,-1.329599999999997,257.154642068,2,1,[Cl-].CCC(C(C)C[NH+](C)C)c1cccc(O)c1
IMIHIY,-4.886999999999998,246.12077757191,3,4,O=C([O-])CCC(=O)[O-].C[N+](C)=C(N)N=C(N)N
IMIHIY01,-5.797099999999999,246.12077757191,3,4,O=C([O-])CCC(=O)[O-].CN(C)C(=[NH2+])N=C(N)N
IMUXAQ,-4.0539000000000005,190.056286052,3,7,O=N(=O)C1=NN([O-])N=N1.NC(N)=[NH2+]
INAHZC,-7.604600000000005,209.012267268,2,1,[Cl-].[Cl-].[NH3+]NC(=O)c1cc[nH+]cc1
INAHZC01,-7.604600000000005,209.012267268,2,1,[Cl-].[Cl-].[NH3+]NC(=O)c1cc[nH+]cc1
INAHZC02,-7.604600000000001,209.012267268,2,1,[NH3+]NC(=O)c1cc[nH+]cc1.[Cl-].[Cl-]
INAZUT,-0.18989999999999774,405.178752204,2,7,Oc1ccccc1C(=O)[O-].[NH2+]1CCOCCOc2ccccc2OCCOCC1
INDMET,3.9273200000000026,357.07678567199997,1,4,COc1ccc2N(C(=C(CC(O)=O)c2c1)C)C(=O)c1ccc(Cl)cc1
INDMET01,3.9273200000000026,357.07678567199997,1,4,COc1ccc2N(C(=C(CC(O)=O)c2c1)C)C(=O)c1ccc(Cl)cc1
INDMET03,3.9273200000000026,357.07678567199997,1,4,COc1ccc2N(C(=C(CC(O)=O)c2c1)C)C(=O)c1ccc(Cl)cc1
INDMET05,3.9273200000000026,357.07678567199997,1,4,COc1ccc2N(C(=C(CC(O)=O)c2c1)C)C(=O)c1ccc(Cl)cc1
INDMET06,3.9273200000000026,357.07678567199997,1,4,COc1ccc2N(C(=C(CC(O)=O)c2c1)C)C(=O)c1ccc(Cl)cc1
INDMET11,3.9273200000000026,357.07678567199997,1,4,COc1ccc2N(C(=C(CC(O)=O)c2c1)C)C(=O)c1ccc(Cl)cc1
INDMET12,3.9273200000000026,357.07678567199997,1,4,COc1ccc2N(C(=C(CC(O)=O)c2c1)C)C(=O)c1ccc(Cl)cc1
INDMET13,3.9273200000000026,357.07678567199997,1,4,COc1ccc2N(C(=C(CC(O)=O)c2c1)C)C(=O)c1ccc(Cl)cc1
INEBAF,-0.5105999999999997,223.120843404,2,3,Oc1ccccc1C(=O)[O-].[NH2+]1CCCCC1
INEBEJ,-3.247299999999992,437.2260963199999,2,8,Oc1ccccc1C(=O)[O-].[NH2+]1CCOCCOCCOCCOCCOCC1.O.O
INEDIP,0.07310000000000039,325.18892296399997,3,4,C[NH2+]C(C)C(O)c1ccccc1.OC(=O)CCCCCC(=O)[O-]
INEDOV,-0.959899999999994,490.304287064,4,6,O=C([O-])CCCCCC(=O)[O-].C[NH2+]C(C)C(O)c1ccccc1.C[NH2+]C(C)C(O)c1ccccc1
INICAC,-0.3149000000000006,137.058911844,2,3,NNC(=O)c1ccncc1
INICAC01,-0.3149000000000006,137.058911844,2,3,NNC(=O)c1ccncc1
INICAC02,-0.3149000000000006,137.058911844,2,3,NNC(=O)c1ccncc1
INICAC03,-0.3149000000000006,137.058911844,2,3,NNC(=O)c1ccncc1
INOMUV,-0.8235999999999972,373.14447130799994,2,2,C[NH+](C)CCC=C1c2ccccc2COc2ccc(CC(O)=O)cc12.[Cl-]
INOSEL,-0.8235999999999946,373.14447130799994,2,2,[Cl-].C[NH+](C)CCC=C1c2ccccc2COc2ccc(CC(O)=O)cc12
INUZAU,3.3872000000000018,236.094963004,1,1,NC(=O)N1c2ccccc2C=Cc2ccccc12
INUZUN,-4.280620000000001,154.07154219199998,3,4,N#CC1=NN=N[N-]1.NC(N)=[NH2+]
IODOFO,2.575,393.721244032,0,0,IC(I)I
IODOFO02,2.575,393.721244032,0,0,IC(I)I
IODOFO03,2.575,393.721244032,0,0,IC(I)I
IODOFO04,2.575,393.721244032,0,0,IC(I)I
IOFDOX,2.575,393.721244032,0,0,IC(I)I
IPANUK,-0.25679999999999925,283.10771876009,2,3,O=C1C=C([O-])C(=O)c2ccccc12.[NH3+]c1ccc([NH3+])cc1
IPAPAS,-0.25079999999999764,309.18198085991,2,5,O=C([O-])CCCCCCCCC(=O)[O-].[NH3+]c1ccc(N)cc1
IPEVEF,2.2828,396.27365563199993,2,6,C1N2CN3CN1CN(C2)C3.OC(=O)C1CCCCC1.OC(=O)C1CCCCC1
IPEVIJ,2.028,420.16091162399994,2,6,C1N2CN3CN1CN(C2)C3.OC(=O)c1ccc(F)cc1.OC(=O)c1ccc(F)cc1
IPEVOP,2.3666399999999994,412.21105537599993,2,6,C1N2CN3CN1CN(C2)C3.Cc1ccc(cc1)C(O)=O.Cc1ccc(cc1)C(O)=O
IPEVOP01,2.3666400000000003,412.2110553760001,2,6,Cc1ccc(cc1)C(O)=O.Cc1ccc(cc1)C(O)=O.C1N2CN3CN1CN(C2)C3
IPEVOP02,2.3666400000000003,412.2110553760001,2,6,Cc1ccc(cc1)C(O)=O.Cc1ccc(cc1)C(O)=O.C1N2CN3CN1CN(C2)C3
IPEVUV,0.7646000000000006,288.15862588,1,5,C1N2CN3CN1CN(C2)C3.OC(=O)C=Cc1ccccc1
IPEVUV01,0.7646000000000002,288.15862588,1,5,OC(=O)C=Cc1ccccc1.C1N2CN3CN1CN(C2)C3
IPEWAC,-0.5514999999999993,325.13861870799997,1,7,C1N2CN3CN1CN(C2)C3.OC(=O)c1ccc(cc1)N(=O)=O.O
IPEWEG,-0.05779999999999835,312.17975524799994,2,6,C1N2CN3CN1CN(C2)C3.OC(=O)C1CCC(CC1)C(O)=O
IPEWIK,-0.05779999999999835,312.17975524799994,2,6,C1N2CN3CN1CN(C2)C3.OC(=O)C1CCC(CC1)C(O)=O
IPIKOJ,1.303580000000003,468.21797059600004,1,4,[Cl-].OC(C(=O)OC1CC2CCC(C1)[N+]12CCCC1)(c1ccccc1)c1ccccc1.CC#N
IPIKUP,1.1608000000000032,487.24893637599996,2,4,[Cl-].OC(C(=O)OC1CC2CCC(C1)[N+]12CCCC1)(c1ccccc1)c1ccccc1.CC(C)O
IPILEA,0.6666000000000039,488.207799836,1,5,[Cl-].OC(C(=O)OC1CC2CCC(C1)[N+]12CCCC1)(c1ccccc1)c1ccccc1.CN(=O)=O
IPILIE,1.6936800000000025,482.23362066000004,1,4,[Cl-].OC(C(=O)OC1CC2CCC(C1)[N+]12CCCC1)(c1ccccc1)c1ccccc1.CCC#N
IPILUQ,-0.8756999999999959,463.21255086799994,1,3,[Cl-].OC(C(=O)OC1CC2CCC(C1)[N+]12CCCC1)(c1ccccc1)c1ccccc1.O.O
IPIPIG,1.2482999999999993,401.07161198399996,2,1,C[NH2+]C1CCC(c2ccc(Cl)c(Cl)c2)c2ccccc12.[Cl-].CC(O)=O
IPMEPL,2.824020000000002,150.104465068,1,1,CC(C)c1ccc(C)cc1O
IPMEPL01,2.824020000000002,150.104465068,1,1,CC(C)c1ccc(C)cc1O
IPOLEF,-2.5254999999999983,330.00765870809005,3,4,NS(=O)(=O)c1cc(c(Cl)cc1Cl)C(=O)[O-].[NH3+]CC[NH3+]
IPOWIT,3.9582000000000024,356.12598835999995,1,5,COc1cccc(OC)c1C1=CC(=O)c2ccccc2O1.CCC(O)=O
IPOZAO,0.08439999999999959,351.04511224799995,1,8,NC(=O)c1c[nH+]ccc1.O=N(=O)c1cc(c([O-])c(c1)N(=O)=O)N(=O)=O
IPOZAO01,0.08439999999999959,351.04511224799995,1,8,NC(=O)c1c[nH+]ccc1.O=N(=O)c1cc(c([O-])c(c1)N(=O)=O)N(=O)=O
IPOZAO02,0.08439999999999942,351.04511224800007,1,8,O=N(=O)c1cc(c([O-])c(c1)N(=O)=O)N(=O)=O.NC(=O)c1c[nH+]ccc1
IPRAMI,1.1155000000000013,480.16376167600004,1,1,CC(C)[N+](C)(CCC(C(N)=O)(c1ccccc1)c1ccccc1)C(C)C.[I-]
IPRAMI01,1.115500000000004,480.163761676,1,1,[I-].CC(C)[N+](C)(CCC(C(N)=O)(c1ccccc1)c1ccccc1)C(C)C
IQIHEW,-0.2595000000000003,187.059305768,3,4,OC(=O)CCC(O)=O.N1C=NC=N1
IQIHEW01,-0.2595000000000003,187.059305768,3,4,OC(=O)CCC(O)=O.N1C=NC=N1
IQIKUQ,0.29269999999999974,268.049549608,4,4,OC(=O)c1cccc(O)c1.FC1=CNC(=O)NC1=O
IQILAW,2.4711,264.1473925,3,3,ONC(=O)CCCCCCC(=O)Nc1ccccc1
IQILAW01,2.4711,264.1473925,3,3,ONC(=O)CCCCCCC(=O)Nc1ccccc1
IQILAW02,2.4711,264.1473925,3,3,ONC(=O)CCCCCCC(=O)Nc1ccccc1
IQILAW03,2.4711,264.1473925,3,3,ONC(=O)CCCCCCC(=O)Nc1ccccc1
IQILAX,0.16929999999999928,267.06553402,4,4,FC1=CNC(=O)NC1=O.Nc1ccc(cc1)C(O)=O
IQILEB,0.9866999999999999,278.07028505200003,3,3,FC1=CNC(=O)NC1=O.OC(=O)C=Cc1ccccc1
IQIRUX,-3.5961199999999947,483.00883932391,1,2,C[NH+](C)CCCC1(OCc2cc(ccc12)C#N)c1ccc(F)cc1.[Br-].[Br-]
IQISAE,2.7733,430.24677218799997,2,5,CCOC(=O)C(CCc1ccccc1)NC(C)C(=O)N1C2CCCCC2CC1C(O)=O
IQISAE01,2.7733,430.24677218799997,2,5,CCOC(=O)C(CCc1ccccc1)NC(C)C(=O)N1C2CCCCC2CC1C(O)=O
IQISAE02,2.7733,430.24677218799997,2,5,CCOC(=O)C(CCc1ccccc1)NC(C)C(=O)N1C2CCCCC2CC1C(O)=O
IQOXAQ,3.140500000000001,489.1787522039999,1,7,COc1ccc2cc3[n+](CCc4cc(OC)c(OC)cc34)cc2c1OC.Oc1ccccc1C(=O)[O-]
IQUMAI,2.2112999999999996,389.13755608799994,1,4,CN1CC(=O)N2C(CC3=C(Nc4ccccc34)C2c2ccc3OCOc3c2)C1=O
IQUMAI01,2.2112999999999996,389.13755608799994,1,4,CN1CC(=O)N2C(CC3=C(Nc4ccccc34)C2c2ccc3OCOc3c2)C1=O
IQUXIE,4.469900000000003,344.2562742519999,3,3,CC(C)(CCCCCC(O)CCCCCC(C)(C)C(O)=O)C(O)=O
IRAMEV,2.4821999999999997,346.11648629599995,3,6,COc1cccc(C=Nc2cccnc2)c1O.OC(=O)CCC(O)=O
IRAMEV01,2.4821999999999997,346.11648629599995,3,6,COc1cccc(C=Nc2cccnc2)c1O.OC(=O)CCC(O)=O
IRAMEV02,2.4821999999999997,346.11648629599995,3,6,COc1cccc(C=Nc2cccnc2)c1O.OC(=O)CCC(O)=O
IROQEL,-3.4105999999999956,495.23480427990995,4,9,COc1ccc2nccc(C(O)C3CC4CC[NH+]3CC4C=C)c2c1.OC(C(O)C(=O)[O-])C(=O)[O-].O.[H].[H].[H].[H]
IROTEO,-1.4614999999999967,397.10743416800005,3,6,O=S(=O)([O-])[O-].[NH3+]c1cc(OC)c(cc1Cl)C(=O)NCC[NH+](CC)CC
IRUDUU,-4.467899999999998,184.07503872809,3,3,NS(=O)(=O)[O-].[NH2+]1CC[NH2+]CC1
ISERIK,1.1426999999999998,337.04837800399997,1,4,COc1c(Cl)ccc(Cl)c1C(O)=O.C[N+](C)(C)CC(=O)[O-]
ISERUT,0.7280000000000002,231.125928784,1,2,CCC(=O)[O-].[NH3+]Cc1cccc2ccccc12
ISERUW,0.8937000000000002,381.07459275199994,2,5,COc1c(Cl)ccc(Cl)c1C(=O)[O-].C[N+](C)(C)CC(O)CC(O)=O
ISEVOR,1.6317999999999997,279.12592878400005,1,2,O=C([O-])c1ccccc1.[NH3+]Cc1cccc2ccccc12
ISIFUM,2.219500000000001,483.19065428,2,7,[nH+]1ccc(cc1)c1ccncc1.Nc1ccc(c(O)c1)C(=O)[O-].c1cc(ccn1)c1ccncc1.O
ISIHIB,-0.4521999999999996,213.136493468,0,2,C[N+](C)(C)C.O=C([O-])c1ccccc1.O
ISIJAW,2.0667999999999997,310.152871804,3,4,NC(=O)c1ccncc1.OC(=O)CCCCCCCC(O)=O
ISIVIR,0.5142999999999998,154.026608672,2,4,Oc1ccc(O)cc1.O=C=O
ISIVIR01,0.5142999999999998,154.026608672,2,4,Oc1ccc(O)cc1.O=C=O
ISIVIR02,0.5142999999999998,154.026608672,2,4,Oc1ccc(O)cc1.O=C=O
ISIVIR03,0.5142999999999998,154.026608672,2,4,Oc1ccc(O)cc1.O=C=O
ISIVIR04,0.5142999999999998,154.026608672,2,4,Oc1ccc(O)cc1.O=C=O
ISUMUG,-1.0306999999999975,316.1270509799999,3,6,CCC(N1CCCC1=O)C(N)=O.OC(=O)C1(O)CCC(=O)O1
ISUNAN,-0.6223999999999981,316.1270509799999,3,5,CCC(N1CCCC1=O)C(N)=O.OC(=O)CCC(=O)C(O)=O
ISUQAR,3.3341000000000003,286.04181685800006,2,3,F[P-](F)(F)(F)(F)F.NC(=O)c1cnccn1.[NH4+]
ISUQAR01,3.3341000000000003,286.041816858,2,3,NC(=O)c1cnccn1.[NH4+].F[P-](F)(F)(F)(F)F
ISUSUK,-4.171699999999997,374.16016267599997,1,6,CCN1C=C(C(=O)[O-])C(=O)c2cc(F)c(nc12)N1CC[NH2+]CC1.O.O.O
ISUTEV,-5.522400000000002,352.18456585600006,4,6,OC(=O)CCC(O)=O.O=C([O-])CCC(=O)[O-].C[NH+](C)CC[NH+](C)C
ITAQOM,3.5006200000000014,300.093248752,2,4,Cc1cccc2SC(=Nc12)N.OC(=O)Cc1ccccc1
ITIZOA,-0.8208,86.08439831999999,2,2,C1CNCCN1
ITIZOA01,-0.8208,86.08439831999999,2,2,C1CNCCN1
IVABEO,3.6990000000000034,420.12090298,2,7,Oc1ccc2c(Oc3cc(O)ccc3C32OC(=O)c2ccccc32)c1.C1COCCO1
IVAZEN,-4.909300000000009,487.25511126009013,4,6,O=C([O-])c1ccccc1.O=C([O-])c1ccccc1.O=C([O-])c1ccccc1.[NH3+]CC[NH3+].[NH3+]CC[NH3+]
IVEJUO,4.023800000000003,344.10485899199995,0,4,CC1=CC(=O)c2ccccc2C1=O.CC1=CC(=O)c2ccccc2C1=O
IVEJUO01,4.023800000000003,344.10485899199995,0,4,CC1=CC(=O)c2ccccc2C1=O.CC1=CC(=O)c2ccccc2C1=O
IVEJUO02,4.023800000000003,344.10485899199995,0,4,CC1=CC(=O)c2ccccc2C1=O.CC1=CC(=O)c2ccccc2C1=O
IVEJUO03,2.0119000000000002,172.052429496,0,2,CC1=CC(=O)c2ccccc2C1=O
IVEJUO04,4.023800000000003,344.10485899199995,0,4,CC1=CC(=O)c2ccccc2C1=O.CC1=CC(=O)c2ccccc2C1=O
IVEJUO05,4.023800000000003,344.10485899199995,0,4,CC1=CC(=O)c2ccccc2C1=O.CC1=CC(=O)c2ccccc2C1=O
IVEJUO06,2.0119000000000002,172.052429496,0,2,CC1=CC(=O)c2ccccc2C1=O
IVEKEC,0.15784000000000376,366.21547205999997,3,4,OC(=O)CCCC(=O)[O-].CC[NH+](CC)CC(=O)Nc1c(C)cccc1C
IVEKIG,0.5479400000000021,380.2311221239999,3,4,CC[NH+](CC)CC(=O)Nc1c(C)cccc1C.OC(=O)CCCCC(=O)[O-]
IVEKOM,0.9380400000000018,394.2467721879999,3,4,CC[NH+](CC)CC(=O)Nc1c(C)cccc1C.OC(=O)CCCCCC(=O)[O-]
IVEKUS,1.3281400000000014,408.2624222519999,3,4,CC[NH+](CC)CC(=O)Nc1c(C)cccc1C.OC(=O)CCCCCCC(=O)[O-]
IVIDEW,-2.1188999999999982,270.08680324,0,3,COc1ccc2cc(ccc2c1)C(C)C(=O)[O-].[Na+].O
IVUKIU,0.9564999999999997,335.128821244,2,3,Clc1ccccc1C(=O)[O-].C[NH+](C)C(C)C(O)c1ccccc1
IVUKOA,0.9564999999999997,335.128821244,2,3,Clc1ccccc1C(=O)[O-].C[NH+](C)C(C)C(O)c1ccccc1
IVUKUG,-0.6133999999999983,364.16343648799995,2,5,C[NH+](C)C(C)C(O)c1ccccc1.O=C([O-])c1ccccc1N(=O)=O.O
IVULAN,-0.6133999999999983,364.16343648799995,2,5,C[NH+](C)C(C)C(O)c1ccccc1.O=C([O-])c1ccccc1N(=O)=O.O
IVULER,0.4422000000000004,319.158371784,2,3,Fc1cccc(c1)C(=O)[O-].C[NH+](C)C(C)C(O)c1ccccc1
IVULUH,0.21130000000000027,346.152871804,2,5,C[NH+](C)C(C)C(O)c1ccccc1.O=C([O-])c1ccc(cc1)N(=O)=O
IVUMAO,0.6115199999999996,315.18344365999997,2,3,C[NH+](C)C(C)C(O)c1ccccc1.Cc1ccccc1C(=O)[O-]
IVUMES,0.6115199999999996,315.18344365999997,2,3,C[NH+](C)C(C)C(O)c1ccccc1.Cc1ccccc1C(=O)[O-]
IVUMIW,0.8437000000000009,337.134779216,2,4,O=S(=O)([O-])c1ccccc1.C[NH+](C)C(C)C(O)c1ccccc1
IVUMOC,0.8437000000000009,337.134779216,2,4,O=S(=O)([O-])c1ccccc1.C[NH+](C)C(C)C(O)c1ccccc1
IVUNAP,-1.6701999999999957,368.08431762391,2,7,O=S(=O)([O-])CCS(=O)(=O)[O-].C[NH+](C)C(C)C(O)c1ccccc1
IVUNOD,-1.5670999999999984,295.10895839200003,3,4,OS(=O)(=O)[O-].C[NH+](C)C(C)C(O)c1ccccc1.O
IVUNUJ,-1.5670999999999968,295.108958392,3,4,O.C[NH+](C)C(C)C(O)c1ccccc1.OS(=O)(=O)[O-]
IVUPAR,-1.3698999999999975,295.141972772,3,4,C[NH+](C)C(C)C(O)c1ccccc1.OC(=O)C=CC(=O)[O-]
IVUQIZ,-0.08890000000000076,324.11463012799993,1,7,OC(CN1C=NC=N1)(CN1C=NC=N1)c1ccc(F)cc1F.O
IVUQIZ01,-0.08890000000000076,324.11463012799993,1,7,OC(CN1C=NC=N1)(CN1C=NC=N1)c1ccc(F)cc1F.O
IVUQIZ02,-0.08890000000000076,324.11463012799993,1,7,OC(CN1C=NC=N1)(CN1C=NC=N1)c1ccc(F)cc1F.O
IVUQIZ03,-0.08890000000000076,324.11463012799993,1,7,OC(CN1C=NC=N1)(CN1C=NC=N1)c1ccc(F)cc1F.O
IVUQIZ04,-0.08890000000000076,324.11463012799993,1,7,OC(CN1C=NC=N1)(CN1C=NC=N1)c1ccc(F)cc1F.O
IVUQIZ05,-0.08890000000000076,324.11463012799993,1,7,OC(CN1C=NC=N1)(CN1C=NC=N1)c1ccc(F)cc1F.O
IVUQIZ06,-0.08890000000000076,324.11463012799993,1,7,OC(CN1C=NC=N1)(CN1C=NC=N1)c1ccc(F)cc1F.O
IVUQOF,0.7357999999999993,306.10406544399996,1,7,OC(CN1C=NC=N1)(CN1C=NC=N1)c1ccc(F)cc1F
IVUQOF02,0.7357999999999993,306.10406544399996,1,7,OC(CN1C=NC=N1)(CN1C=NC=N1)c1ccc(F)cc1F
IVUQOF05,0.7357999999999993,306.10406544399996,1,7,OC(CN1C=NC=N1)(CN1C=NC=N1)c1ccc(F)cc1F
IVUQOF06,0.7357999999999993,306.10406544399996,1,7,OC(CN1C=NC=N1)(CN1C=NC=N1)c1ccc(F)cc1F
IVUQOF07,0.7357999999999993,306.10406544399996,1,7,OC(CN1C=NC=N1)(CN1C=NC=N1)c1ccc(F)cc1F
IVUQOG,0.1317999999999998,353.13938592799997,2,3,Clc1cccc(c1)C(=O)[O-].C[NH+](C)C(C)C(O)c1ccccc1.O
IVURAT,-0.5215999999999984,319.17835828,2,3,C[NH+](C)C(C)C(O)c1ccccc1.O=C([O-])c1ccccc1.O
IVUREX,0.30310000000000104,301.167793596,2,3,C[NH+](C)C(C)C(O)c1ccccc1.O=C([O-])c1ccccc1
IVURUN,0.5493000000000003,353.129693836,3,5,Oc1ccc(cc1)S(=O)(=O)[O-].C[NH+](C)C(C)C(O)c1ccccc1
IVUSIC,0.9564999999999997,335.128821244,2,3,Clc1ccc(cc1)C(=O)[O-].C[NH+](C)C(C)C(O)c1ccccc1
IVUSOI,0.6115199999999996,315.18344365999997,2,3,C[NH+](C)C(C)C(O)c1ccccc1.Cc1ccc(cc1)C(=O)[O-]
IWERIM,1.3096,468.050647564,4,7,NC(=O)c1cc[n+]([O-])cc1.NS(=O)(=O)c1cc(C(O)=O)c(NCC2=CC=CO2)cc1Cl
IWESOS01,4.116700000000004,374.2933284559999,3,3,CC1(O)CCC2C3CCC4CC5=NNC=C5CC4(C)C3CCC12C.CCO
IWOYAW,-2.333099999999998,346.01730068391004,3,6,O=S(=O)([O-])c1cccc2c1cccc2S(=O)(=O)[O-].NC(N)=[NH2+]
IXOXEZ,4.248200000000002,347.115758024,2,4,OC(=CC(=O)c1ccccc1)c1ccncc1.OC(=O)c1ccccc1
IXOZOL,-1.8281999999999976,326.07501540800007,4,6,OC(=O)C=CC(O)=O.OC(=O)C=CC(=O)[O-].Nc1cc[nH+]cc1
IXOZOL01,-1.8281999999999976,326.07501540800007,4,6,OC(=O)C=CC(O)=O.OC(=O)C=CC(=O)[O-].Nc1cc[nH+]cc1
IXOZOL02,-1.8281999999999976,326.07501540800007,4,6,OC(=O)C=CC(O)=O.OC(=O)C=CC(=O)[O-].Nc1cc[nH+]cc1
IZAHEZ,0.6468999999999998,278.090271548,3,5,CCN1C=CC(=O)NC1=O.OC(=O)c1ccccc1O
IZAQUV,-2.481699999999993,428.125336728,4,6,OS(=O)(=O)[O-].[NH3+]C(Cc1ccccc1)C(O)=O.[NH3+]C(Cc1ccccc1)C(=O)[O-]
IZAXIQ,0.9042000000000026,484.25331411200006,4,8,OC(=O)C1CCCCC1C(O)=O.OC(=O)C1CCCCC1C(O)=O.C1N2CN3CN1CN(C2)C3
IZIJEH,-3.6825,173.041211092,3,2,FC(F)(F)C(=O)[O-].NC(N)=[NH2+]
IZIJEH01,-3.6825,173.041211092,3,2,FC(F)(F)C(=O)[O-].NC(N)=[NH2+]
IZUBUD,2.2446,417.135841836,3,5,ONC(=O)C=Cc1cccc(c1)S(=O)(=O)Nc1ccccc1.CN1CCCC1=O
IZUCAK,2.0060000000000002,318.067427928,3,4,ONC(=O)C=Cc1cccc(c1)S(=O)(=O)Nc1ccccc1
IZUCEO,1.176,414.09192842399995,3,5,ONC(=O)C=Cc1cccc(c1)S(=O)(=O)Nc1ccccc1.CS(C)=O.O
IZUCIS,4.265000000000004,486.1824576799999,3,6,ONC(=O)C=Cc1cccc(c1)S(=O)(=O)Nc1ccccc1.O=C1CCCC1.O=C1CCCC1
IZUCUE,3.5996000000000032,462.1824576799999,3,6,ONC(=O)C=Cc1cccc(c1)S(=O)(=O)Nc1ccccc1.C1CCOC1.C1CCOC1
JABYAM,4.148500000000001,481.17848746600004,2,5,Clc1ccccc1C1OP(=O)([O-])OCC21CCCCC2.C[NH2+]C(C)C(O)c1ccccc1
JAHJIP,-2.148899999999998,348.10698423199995,2,9,CN1C=[NH+]C2=C1C(=O)N(C)C(=O)N2C.Oc1cccc(O)c1C(=O)[O-]
JAJLAI,3.8210000000000024,396.20490737599994,0,4,CCCCC1C(=O)N(N(C1=O)c1ccccc1)c1ccccc1.C1COCCO1
JAJLEM,4.5846000000000044,380.20999275599996,0,3,CCCCC1C(=O)N(N(C1=O)c1ccccc1)c1ccccc1.C1CCOC1
JAJYIG,1.5292999999999999,296.031232448,2,6,Oc1ccc(cc1Cl)N(=O)=O.NC(=O)c1cnccn1
JAJYOM,1.0654999999999997,287.090605896,3,5,NC(=O)c1cnccn1.OC(=O)C=Cc1ccccc1O
JAJYUR,-3.1174999999999997,293.02370454400005,3,4,Clc1ccc(cc1)S(=O)(=O)CC(=O)[O-].NC(N)=[NH2+]
JAJYUS,1.0655000000000001,287.09060589600006,3,5,OC(=O)C=Cc1ccc(O)cc1.NC(=O)c1cnccn1
JAJZAZ,-0.7390000000000007,309.0960852,4,6,NC(=O)c1cnccn1.OC(C(O)=O)c1ccc(O)cc1.O
JAJZIH,0.3640999999999998,305.064785072,4,6,NC(=O)c1cnccn1.OC(=O)c1cc(O)cc(c1)C(O)=O
JAJZON,0.7200000000000002,295.02629138800006,3,6,OC(=O)C1=CC=C(S1)C(O)=O.NC(=O)c1cnccn1
JAKGEH,0.19299999999999962,278.13789043599996,0,7,CN1C=NC2=C1C(=O)N(CCCCC(C)=O)C(=O)N2C
JAKGEH01,0.19299999999999962,278.13789043599996,0,7,CN1C=NC2=C1C(=O)N(CCCCC(C)=O)C(=O)N2C
JAKPIV,3.741100000000001,310.131742436,4,5,Oc1ccc(O)cc1.Nc1ccc(Oc2ccc(N)cc2)cc1
JAKRAO,-3.3690999999999987,296.982973224,4,3,O[As](O)(=O)[O-].[NH3+]c1ccc(cc1)C(O)=O.O
JALHAI,-11.244600000000004,358.82765555991006,1,7,OC(CC(=O)[O-])(CC(=O)[O-])C(=O)[O-].[Rb+].[Rb+]
JALWUR,-0.15795999999999832,378.0765318360001,1,2,[Br-].Cc1ccc(Sc2ccccc2N2CC[NH2+]CC2)c(C)c1
JAMKEN,1.0977999999999999,241.940932932,2,2,[Xe].Oc1ccc(O)cc1
JAMKEN02,1.0977999999999999,241.940932932,2,2,[Xe].Oc1ccc(O)cc1
JAMRIY,-6.059499999999998,165.07812306399998,3,0,[Cl-].CN(C)C(=[NH2+])N=C(N)N
JAMRIY01,-6.059499999999998,165.07812306399998,3,0,[Cl-].CN(C)C(=[NH2+])N=C(N)N
JAMRIY02,-6.059499999999998,165.07812306399998,3,0,[Cl-].CN(C)C(=[NH2+])N=C(N)N
JAMRIY03,-6.059499999999998,165.07812306399998,3,0,[Cl-].CN(C)C(=[NH2+])N=C(N)N
JAMRIY04,-5.849829999999999,165.07812306399998,4,1,[Cl-].CN(C)C(=[NH2+])NC(N)=N
JAMRIY05,-6.059499999999998,165.07812306399998,3,0,CN(C)C(=[NH2+])N=C(N)N.[Cl-]
JAMRIY06,-5.149399999999999,165.07812306399998,3,0,[Cl-].C[N+](C)=C(N)N=C(N)N
JAMYOP,4.610640000000004,466.129549516,2,5,COc1ccc2N(C(=C(CC(O)=O)c2c1)C)C(=O)c1ccc(Cl)cc1.CC1=CC(=O)NC=C1
JAMZEG,4.247320000000003,452.113899452,1,5,COc1ccc2N(C(=C(CC(O)=O)c2c1)C)C(=O)c1ccc(Cl)cc1.[O-][n+]1ccccc1
JANREZ,-0.434259999999999,450.18245767999986,2,5,Cc1ccc(Sc2ccccc2N2CC[NH2+]CC2)c(C)c1.OC(=O)C=CC(=O)[O-].O.O
JANRID,0.3904400000000004,432.1718929959999,2,5,Cc1ccc(Sc2ccccc2N2CC[NH2+]CC2)c(C)c1.OC(=O)C=CC(=O)[O-].O
JANZOR,4.183200000000002,390.121571676,4,4,OC(=O)c1c(O)cccc1O.NC(=O)N1c2ccccc2C=Cc2ccccc12
JANZUX,4.183200000000001,390.121571676,4,4,OC(=O)c1ccc(O)cc1O.NC(=O)N1c2ccccc2C=Cc2ccccc12
JAPBAH,4.183200000000001,390.121571676,4,4,OC(=O)c1cc(O)ccc1O.NC(=O)N1c2ccccc2C=Cc2ccccc12
JAPJOC,-4.489299999999997,342.07055147999995,4,7,OC(CN1C=[NH+]C=C1)(P(O)(=O)[O-])P(=O)([O-])[O-].O.O.[NH4+].[NH4+]
JAPWIJ,-2.1470999999999982,198.100442308,3,4,[NH3+]CCO.Nc1ccc(cc1)C(=O)[O-]
JAQYUV,2.778500000000002,497.40802386,4,5,CC(CCC(=O)[O-])C1CCC2C3CCC4CC(O)CCC4(C)C3CC(O)C12C.CC(C)(C)O.[NH3+]C
JAQZAC,2.778500000000002,497.40802386,4,5,CC(C)O.CC(CCC(=O)[O-])C1CCC2C3CCC4CC(O)CCC4(C)C3CC(O)C12C.[NH3+]CC
JAQZEG,2.3900000000000023,483.392373796,4,5,CC(CCC(=O)[O-])C1CCC2C3CCC4CC(O)CCC4(C)C3CC(O)C12C.CO.[NH3+]CCC
JAQZOQ,3.561700000000002,479.39745917600004,3,4,CC(CCC(=O)[O-])C1CCC2C3CCC4CC(O)CCC4(C)C3CC(O)C12C.[NH3+]CCCCC
JASTUS,-5.291199999999995,374.152783496,4,2,[NH3+]C(C)C(O)c1ccccc1.[Cl-].[NH3+]C(C)C(O)c1ccccc1.[Cl-]
JATHUH,-0.39855999999999847,236.10802622399999,1,0,[Cl-].CC(C1=C[NH+]=CN1)c1cccc(C)c1C
JATJAP,-1.2232599999999978,254.118590908,1,0,[Cl-].O.CC(C1=C[NH+]=CN1)c1cccc(C)c1C
JAVPUU,-0.0010999999999989352,238.168127944,2,3,CC(C)[NH2+]C(C)C.Nc1ccc(cc1)C(=O)[O-]
JAVSEE,-8.57890000000001,297.153600076,3,6,[NH3+]CCCCC([NH3+])C(=O)[O-].[NH3+]C(CC(=O)[O-])C(=O)[O-].O
JAXGUN,-2.8890999999999942,423.18125073999994,4,5,Oc1ccc2CC3[NH+](CCC45C(Oc1c24)C(=O)CCC35O)CC1CC1.CCO.[Cl-]
JAXHAU,-2.500599999999993,437.19690080399994,4,5,[Cl-].Oc1ccc2CC3[NH+](CCC45C(Oc1c24)C(=O)CCC35O)CC1CC1.CC(C)O
JAXZIS,-0.025699999999999834,287.115758024,2,3,[NH3+]C(Cc1ccccc1)C(=O)[O-].OC(=O)c1ccccc1
JAYZEO,-3.494999999999992,383.07322028399994,2,4,[Br-].C[NH+]1C2CC(CC1C1OC21)OC(=O)C(CO)c1ccccc1
JAZBES,2.5877000000000008,316.14230712,2,4,OC(=O)CCC(O)=O.C(Cc1ccncc1)Cc1ccncc1
JAZBES01,2.5877000000000008,316.14230712,2,4,OC(=O)CCC(O)=O.C(Cc1ccncc1)Cc1ccncc1
JECCAZ,-1.9637999999999975,410.03547616799995,3,8,NC1=[NH+]C(=CS1)C(=CCC(O)=O)C(=O)NC1C2SCC=C(N2C1=O)C(=O)[O-]
JECCED,-4.437899999999996,464.06717021999987,3,8,NC1=[NH+]C(=CS1)C(=CCC(O)=O)C(=O)NC1C2SCC=C(N2C1=O)C(=O)[O-].O.O.O
JEDGIM,-4.697399999999999,175.106924656,3,2,O=C[O-].CN(C)C(=[NH2+])N=C(N)N
JEDGIM01,-4.697399999999999,175.106924656,3,2,O=C[O-].CN(C)C(=[NH2+])N=C(N)N
JEDHIN,0.5645999999999995,375.081497756,3,8,O=C1CN(N=CC2=CC=C(O2)N(=O)=O)C(=O)N1.NC(=O)c1ccccc1O
JEDHOT,0.25399999999999945,360.081832104,2,8,O=C1CN(N=CC2=CC=C(O2)N(=O)=O)C(=O)N1.NC(=O)c1ccncc1
JEDHUZ,0.25399999999999945,360.081832104,2,8,O=C1CN(N=CC2=CC=C(O2)N(=O)=O)C(=O)N1.NC(=O)c1ccccn1
JEDLAG,2.0564,332.112069612,4,5,OC(=O)CCC(O)=O.O=C(Nc1cccnc1)Nc1cccnc1
JEDLAG01,2.0563999999999996,332.1120696119999,4,5,O=C(Nc1cccnc1)Nc1cccnc1.OC(=O)CCC(O)=O
JEDLAG02,2.0564,332.112069612,4,5,OC(=O)CCC(O)=O.O=C(Nc1cccnc1)Nc1cccnc1
JEDRUJ,-0.23450000000000026,315.0866633879999,4,6,NC1=NC(=O)NC=C1F.COc1cc(ccc1O)C(O)=O.O
JEDZOL,0.7890199999999998,352.084140612,3,7,CC1=CC(=NO1)NS(=O)(=O)c1ccc(N)cc1.O=C1CCC(=O)N1
JEFWAT,-1.5953999999999997,260.035711112,4,4,FC1=CNC(=O)NC1=O.FC1=CNC(=O)NC1=O
JEFWAT01,-1.5953999999999997,260.035711112,4,4,FC1=CNC(=O)NC1=O.FC1=CNC(=O)NC1=O
JEFWAT02,-1.5953999999999997,260.035711112,4,4,FC1=CNC(=O)NC1=O.FC1=CNC(=O)NC1=O
JEFZOK,0.5367999999999994,273.230393852,1,2,[NH2+](C1CCCCC1)C1CCCCC1.O.CCC(=O)[O-]
JEHFUY,-3.7451999999999996,160.04130703,2,3,FP(=O)([O-])[O-].[NH3+]CC[NH3+]
JEHFUY01,-3.7451999999999996,160.04130703,2,3,FP(=O)([O-])[O-].[NH3+]CC[NH3+]
JEHHUD01,-3.233999999999998,328.14017562390995,4,7,CC(C)(C)[NH2+]CC(O)c1ccc(O)c(CO)c1.O=C([O-])C(=O)[O-]
JEHHUD06,-3.2339999999999964,328.14017562390995,4,7,O=C([O-])C(=O)[O-].CC(C)(C)[NH2+]CC(O)c1ccc(O)c(CO)c1
JEHHUD08,-3.2339999999999964,328.14017562390995,4,7,O=C([O-])C(=O)[O-].CC(C)(C)[NH2+]CC(O)c1ccc(O)c(CO)c1
JEHHUD10,-3.2339999999999964,328.14017562390995,4,7,O=C([O-])C(=O)[O-].CC(C)(C)[NH2+]CC(O)c1ccc(O)c(CO)c1
JEJHIT,1.3288000000000002,327.08552051600003,3,5,OC(=O)C=CC(O)=O.CC1=C(C=C(C#N)C(=O)N1)c1ccncc1
JEJHOZ,2.333,357.13247070799997,3,5,CC1=C(C=C(C#N)C(=O)N1)c1ccncc1.OC(=O)CCCCC(O)=O
JEJHUF,1.8821999999999997,487.1379500119999,4,7,CC1=C(C=C(C#N)C(=O)N1)c1cc[nH+]cc1.Oc1ccccc1C(=O)[O-].OC(=O)c1ccccc1O
JEKDUY,-0.7892999999999959,400.1944618439999,2,8,C1COCCOCCOCCOCCOCCO1.OC(=O)CCC(O)=O.O
JEKGEL,0.62212,323.08745216400007,2,7,Cc1ncc(C[N+]2=CSC(=C2C)CCO)c(N)n1.[S-]C#N
JEKGOV,1.0830399999999998,370.125790128,2,5,Cc1ncc(C[N+]2=CSC(=C2C)CCO)c(N)n1.O.F[B-](F)(F)F
JEKMOB,2.0816,392.16599700399996,3,6,CC1CN(CC(C)N1)c1c(F)c(N)c2C(=O)C(=CN(C3CC3)c2c1F)C(O)=O
JEMJOA,-1.058899999999995,291.138992004,1,1,[Cl-].C[NH+](C)CCOC(c1ccccc1)c1ccccc1
JEMJOA01,-1.058899999999995,291.138992004,1,1,[Cl-].C[NH+](C)CCOC(c1ccccc1)c1ccccc1
JENMOH,2.3561000000000005,468.164499108,2,9,COC(=O)C1=C(C)NC(=C(C1c1ccccc1N(=O)=O)C(=O)OC)C.NC(=O)c1ccccn1
JENMUN,2.3561000000000005,468.164499108,2,9,COC(=O)C1=C(C)NC(=C(C1c1ccccc1N(=O)=O)C(=O)OC)C.NC(=O)c1ccncc1
JENMUN01,2.3561000000000005,468.1644991079999,2,9,NC(=O)c1ccncc1.COC(=O)C1=C(C)NC(=C(C1c1ccccc1N(=O)=O)C(=O)OC)C
JEPYEL,1.4711400000000001,356.09768249999996,2,6,Cc1cc(C)nc(NS(=O)(=O)c2ccc(N)cc2)n1.CS(C)=O
JEPYOV,1.1808399999999997,351.13651053200005,2,6,Cc1cc(C)nc(NS(=O)(=O)c2ccc(N)cc2)n1.CN(C)C=O
JEPYOV01,1.1808399999999997,351.13651053200005,2,6,Cc1cc(C)nc(NS(=O)(=O)c2ccc(N)cc2)n1.CN(C)C=O
JESXEN,1.7701999999999998,286.00819879999995,2,6,[O-][n+]1ccccc1SSc1cccc[n+]1[O-].OO
JEWCUK,-3.1145999999999994,271.05528300800006,3,6,O=C([O-])c1cc(cc(c1)N(=O)=O)N(=O)=O.NC(N)=[NH2+]
JEWCUK01,-3.1145999999999994,271.05528300800006,3,6,O=C([O-])c1cc(cc(c1)N(=O)=O)N(=O)=O.NC(N)=[NH2+]
JEXRAF,-1.6806999999999968,445.1736668239999,4,7,Oc1ccc2CC3[NH+](CCC45C(Oc1c24)C(=O)CCC35O)CC1CC1.OC(=O)CC(=O)[O-]
JEYDEW,3.4487000000000023,408.28757437999997,4,4,CC(CCC(O)=O)C1CCC2C3C(O)CC4CC(O)CCC4(C)C3CC(O)C12C
JEYDEW01,3.4487000000000023,408.28757437999997,4,4,CC(CCC(O)=O)C1CCC2C3C(O)CC4CC(O)CCC4(C)C3CC(O)C12C
JEYDEW03,3.4487000000000023,408.28757437999997,4,4,CC(CCC(O)=O)C1CCC2C3C(O)CC4CC(O)CCC4(C)C3CC(O)C12C
JEYFEY,-0.3221999999999997,334.16747631199996,2,8,CC(C)(C)NCC(O)COC1=NSN=C1N1CCOCC1.O
JEYFEY10,-0.3221999999999997,334.16747631199996,2,8,CC(C)(C)NCC(O)COC1=NSN=C1N1CCOCC1.O
JEYKEH,3.640600000000001,330.0407345120001,3,3,Clc1ccc2OC(=O)Nc2c1.OC(=O)C1=Cc2ccccc2N1
JIBMEQ,3.6331200000000017,449.1750844679999,4,5,CNCc1ccc(cc1)C1=C2CCNC(=O)c3cc(F)cc(N1)c23.CC1=C(O)C(=O)C=CO1
JIBMIU,3.887100000000002,463.1907345319999,4,5,CNCc1ccc(cc1)C1=C2CCNC(=O)c3cc(F)cc(N1)c23.CCC1=C(O)C(=O)C=CO1
JIFMAQ,-1.6443000000000003,253.058637072,2,4,Oc1cccc2ccc[nH+]c12.OC(=O)C(=O)[O-].O
JIFSOG,4.477900000000005,392.29265975999994,3,3,CC(CCC(O)=O)C1CCC2C3CCC4CC(O)CCC4(C)C3CC(O)C12C
JIFSOG01,4.477900000000005,392.29265975999994,3,3,CC(CCC(O)=O)C1CCC2C3CCC4CC(O)CCC4(C)C3CC(O)C12C
JIFXEF,-2.308699999999998,287.126991404,4,3,OC(C(=O)[O-])(c1ccccc1)c1ccccc1.NC(N)=[NH2+]
JIGJAN,-2.5002999999999966,286.08010078800004,4,6,OC(=O)CC(O)(CC(O)=O)C(=O)[O-].Nc1[nH+]cccc1
JIKXOU,-4.512999999999998,178.07209606391,2,5,O=C([O-])CCC(=O)[O-].[NH3+]CCO
JILZOU01,0.9850999999999998,274.095356928,3,4,NC(=O)c1cccnc1.OC(C(O)=O)c1ccccc1
JINGIW,-0.1957999999999973,299.144077384,1,0,[Cl-].C[NH2+]CCC=C1c2ccccc2CCc2ccccc12
JINGIW01,-3.1917999999999944,334.11347864391,1,0,[Cl-].[Cl-].C[NH2+]CCC=C1c2ccccc2CCc2ccccc12
JIQFAT,-0.12499999999999917,295.141972772,3,4,Oc1ccccc1C(=O)[O-].[NH3+]CC1CCC(CC1)C(O)=O
JIQFIB,-0.4194000000000003,311.13688739199995,4,5,Oc1ccc(c(O)c1)C(=O)[O-].[NH3+]CC1CCC(CC1)C(O)=O
JIQFOH,-0.4194000000000003,311.13688739199995,4,5,Oc1ccc(O)c(c1)C(=O)[O-].[NH3+]CC1CCC(CC1)C(O)=O
JIQFUN,-0.4194000000000006,311.136887392,4,5,[NH3+]CC1CCC(CC1)C(O)=O.Oc1cccc(O)c1C(=O)[O-]
JIQGEY,-3.394499999999997,246.09831081190998,2,5,O=C([O-])C(=O)[O-].[NH3+]CC1CCC(CC1)C(O)=O
JIQGOI,-2.8382999999999967,272.11396087591004,2,5,O=C([O-])C=CC(=O)[O-].[NH3+]CC1CCC(CC1)C(O)=O
JIQGUO,-2.6142999999999965,274.12961093991004,2,5,O=C([O-])CCC(=O)[O-].[NH3+]CC1CCC(CC1)C(O)=O
JIQHAV,-0.5682999999999994,243.147058152,2,3,[NH3+]CC1CCC(CC1)C(=O)[O-].CC=CC(O)=O
JIQKUS,3.615400000000003,376.117154992,1,4,NC(=O)N1c2ccccc2C=Cc2ccccc12.O=N(=O)c1cc[n+]([O-])cc1
JIQLAZ,3.4460000000000015,331.14331016400007,2,4,NC(=O)N1c2ccccc2C=Cc2ccccc12.Nc1ncccn1
JIQLED,3.6615000000000033,422.1477864239999,3,4,NC(=O)N1c2ccccc2C=Cc2ccccc12.O.COc1cc(ccc1O)C(O)=O
JIQLED01,3.661500000000003,422.1477864239999,3,4,NC(=O)N1c2ccccc2C=Cc2ccccc12.COc1cc(ccc1O)C(O)=O.O
JIRJON,-4.038599999999999,335.09781651599997,1,9,O=C([O-])c1cc[nH+]cc1.CN1N=NC2=C(N=CN2C1=O)C(N)=O.O
JIRWIR,-1.7664999999999953,421.22128571199994,4,6,CC(C)[NH2+]CC(O)COc1ccc(CC(N)=O)cc1.Nc1ccc(cc1)C(=O)[O-].O
JIRXER,1.1078,311.07937251600003,2,4,OC(=O)c1ccccc1C(=O)[O-].Oc1cccc2ccc[nH+]c12
JIRXUE,-2.1431999999999967,435.1206795460001,4,6,OP(O)(=O)[O-].CCN1C=C(C(O)=O)C(=O)c2cc(F)c(cc12)N1CC[NH2+]CC1.O
JIRYAL,-1.8281999999999983,447.120679546,4,6,OP(O)(=O)[O-].OC(=O)C1=CN(C2CC2)c2cc(N3CC[NH2+]CC3)c(F)cc2C1=O.O
JIVWEQ,-6.9544999999999995,279.980972024,4,5,O[Se](=O)[O-].[NH3+]CC(O)=O.[NH3+]CC(=O)[O-]
JIWPEL,1.5575999999999999,360.1936739959999,3,5,CC12CC(O)C3C(CCC4=CC(=O)C=CC34C)C1CCC2(O)C(=O)CO
JIWPEL01,1.5575999999999999,360.1936739959999,3,5,CC12CC(O)C3C(CCC4=CC(=O)C=CC34C)C1CCC2(O)C(=O)CO
JIWPEL02,1.5575999999999999,360.1936739959999,3,5,CC12CC(O)C3C(CCC4=CC(=O)C=CC34C)C1CCC2(O)C(=O)CO
JIWPEL03,1.5575999999999999,360.1936739959999,3,5,CC12CC(O)C3C(CCC4=CC(=O)C=CC34C)C1CCC2(O)C(=O)CO
JIWQAI,-1.7756099999999946,342.17102040400005,2,4,[Cl-].CC[C]COc1cc(ccc1N)C(=O)OCC[NH+](CC)CC
JIXGUW,-2.857799999999995,304.0940366,3,6,O=S(=O)([O-])[O-].[NH3+]CCC(O)=O.C[N+](C)(C)CC(O)=O
JIXGUW01,-2.857799999999995,304.0940366,3,6,O=S(=O)([O-])[O-].[NH3+]CCC(O)=O.C[N+](C)(C)CC(O)=O
JIXGUW02,-2.857799999999995,304.0940366,3,6,O=S(=O)([O-])[O-].[NH3+]CCC(O)=O.C[N+](C)(C)CC(O)=O
JIXJAF,-2.7639999999999967,330.10968666400004,3,6,O=S(=O)([O-])[O-].C[N+](C)(C)CC(O)=O.OC(=O)C1[NH2+]CCC1
JIXLIP,0.996999999999999,447.177291428,1,1,[Br-].CC12CCC(O)CC1=CCC1C2CCC2(C)C1CC=C2c1c[nH+]ccc1.O
JIXQEQ,-1.2526999999999966,461.15972119190985,2,7,C[NH+]1CCN(CC1)C1=Nc2cc(Cl)ccc2Nc2ccccc12.O=C([O-])CCC(=O)[O-].O
JIXRIV,-1.043499999999996,473.15972119190985,3,8,C[NH+]1CCN(CC1)C1=Nc2cc(Cl)ccc2Nc2ccccc12.O=C([O-])C=CC(=O)[O-].CO
JIXROB,-0.6533999999999964,487.17537125590985,3,8,C[NH+]1CCN(CC1)C1=Nc2cc(Cl)ccc2Nc2ccccc12.O=C([O-])C=CC(=O)[O-].CCO
JIXROY,2.0722199999999997,434.1776470719999,2,6,C[NH+]1CCN(CC1)C1=Nc2ccccc2NC2=C1C=C(C)S2.O=C([O-])c1ccccc1
JIZHEF,-1.687299999999999,229.071523862,4,3,OP(O)(=O)[O-].[NH3+]CCCCCC(O)=O
JOBZIJ,4.820200000000004,478.28315769599993,3,3,CC(C)(C)NC(=O)C1C(C2c3ccccc3C1c1ccccc21)C(=O)NC(C)(C)C.CCC(O)=O
JOCMOD,1.8152000000000001,333.08485182,4,5,Nc1ccc(cc1)C(O)=O.OC(=O)COc1ccccc1C(O)=O
JOFGIV,-0.4943800000000002,389.05290006,3,9,OC(=O)c1cc(ccc1O)S(=O)(=O)[O-].CC1=[NH+]C=C(N1CCO)N(=O)=O
JOFGOD,-3.3939999999999984,337.05146058,3,8,CC(=O)NC1=NN=C(S1)S(N)(=O)=O.O=C([O-])C1[NH2+]CCC1
JOGGOF,-1.292499999999996,383.19573966000013,3,3,CC(C(=O)[O-])c1cccc(c1)C(=O)c1ccccc1.CN(C)C(N)=NC(N)=[NH2+]
JOGGUL,-0.01909999999999573,437.25392323200015,3,4,CCCCC1=C([O-])N(N(C1=O)c1ccccc1)c1ccccc1.CN(C)C(=[NH2+])N=C(N)N
JOGTOP,1.1167000000000002,446.274918584,3,4,O=C1C(=O)C(=C1[S-])[S-].NC(N)=[NH2+].CCCC[N+](CCCC)(CCCC)CCCC
JOHGEU,4.421500000000001,359.83724578799996,0,1,Clc1cc(Cl)c(OCC#CI)cc1Cl
JOHGEU01,4.421500000000001,359.83724578799996,0,1,Clc1cc(Cl)c(OCC#CI)cc1Cl
JOHGEU02,4.421500000000001,359.83724578799996,0,1,Clc1cc(Cl)c(OCC#CI)cc1Cl
JOHJIB,-4.2581,131.069476528,2,2,CN(CC(=O)[O-])C(N)=[NH2+]
JOHJIB01,-4.2581,131.069476528,2,2,CN(CC(=O)[O-])C(N)=[NH2+]
JOHJIB04,-4.2581,131.069476528,2,2,CN(CC(=O)[O-])C(N)=[NH2+]
JOHJIB05,-4.2581,131.069476528,2,2,CN(CC(=O)[O-])C(N)=[NH2+]
JOHJUN,-4.557299999999999,177.074955832,3,3,CN(CC(=O)[O-])C(N)=[NH2+].OC=O
JOHNON,-0.24740000000000018,287.126991404,2,4,Nc1ccc(cc1)C(=O)[O-].O.CC1=Nc2ccccc2[NH2+]1
JOHVEI,-5.1164,203.08792052799998,3,5,CN1N=N[N-]C1=NN(=O)=O.NC(N)=[NH2+]
JOJJOH,-0.7918000000000007,412.05025720399993,2,9,O=C([O-])c1c(cc(cc1N(=O)=O)N(=O)=O)N(=O)=O.[NH3+]c1ccc(cc1)C(O)=O.O
JOKYUG,2.1768,378.0665724000001,3,7,Nc1ccc(cc1)S(=O)(=O)Nc1ccc(Cl)nn1.Nc1ccncc1
JOPSOY,0.62732,241.07303768399998,2,4,COc1nc(C)nc(Cl)c1N=C1NCCN1
JOPSUE,-4.921979999999997,295.06028008,3,5,COc1nc(C)nc(Cl)c1NC1=[NH+]CCN1.[Cl-].O
JOQTAM,-7.983000000000004,279.117883264,4,4,O=C1C(=O)C(=C1[O-])[O-].C[N+](C)=C(N)NC(N)=[NH2+].O.O
JOQTIU,-6.458399999999998,260.10004212791,3,4,O=C1C(=O)C(=C1[O-])[O-].CN(C)C(=[NH2+])N=C(N)N.O
JORGOO01,-0.11819999999999764,316.021125136,2,0,[Br-].NC(O)=[N+]1c2ccccc2C=Cc2ccccc12
JORHAB,-1.839099999999997,334.03168982,2,0,[Br-].[NH2+]=C(O)N1c2ccccc2C=Cc2ccccc12.O
JOSPEP,4.171900000000003,381.13763634,3,3,CC(C(O)=O)c1ccc(c(F)c1)c1ccccc1.NC(=O)c1ccccc1O
JOSPEP01,4.171900000000003,381.13763634,3,3,CC(C(O)=O)c1ccc(c(F)c1)c1ccccc1.NC(=O)c1ccccc1O
JOSPOW,-4.3949,201.93057338,1,3,[Rb+].OC(=O)CCC(=O)[O-]
JOSWAP,-0.6742000000000008,381.0994563279999,4,6,CC1=C(N2C(SC1)C(NC(=O)C(N)c1ccc(O)cc1)C2=O)C(O)=O.O
JOSWAP01,-0.6742000000000008,381.0994563279999,4,6,CC1=C(N2C(SC1)C(NC(=O)C(N)c1ccc(O)cc1)C2=O)C(O)=O.O
JOTHEF,-4.3949,140.00855292,1,3,[Na+].OC(=O)CCC(=O)[O-]
JOTHEF01,-4.3949,140.00855292,1,3,[Na+].OC(=O)CCC(=O)[O-]
JOTHEF02,-4.3949,140.00855292,1,3,[Na+].OC(=O)CCC(=O)[O-]
JOTHUZ,3.3135400000000015,487.15572175200003,3,9,Cc1nc(NC2=NC=C(S2)C(=O)Nc2c(C)cccc2Cl)cc(n1)N1CCN(CCO)CC1
JOTKIM,-3.1201999999999943,376.16343648799995,3,5,[NH3+]C(Cc1ccccc1)C(O)=O.O=C[O-].[NH3+]C(Cc1ccccc1)C(=O)[O-]
JOTKIM01,-3.1201999999999943,376.1634364879999,3,5,[NH3+]C(Cc1ccccc1)C(=O)[O-].[NH3+]C(Cc1ccccc1)C(O)=O.O=C[O-]
JOVDIH,1.56069,186.04629856,0,5,CCOC(=O)N1C=CN(C)C1=S
JOVDIH01,1.56069,186.04629856,0,5,CCOC(=O)N1C=CN(C)C1=S
JOWCAB,2.3409,408.17189299599994,2,6,CCOc1ccccc1OCCNC(C)Cc1ccc(OC)c(c1)S(N)(=O)=O
JOWZUS,-6.8424,370.160082424,2,8,O=C([O-])c1cnccn1.[NH2+]1CC[NH2+]CC1.O=C([O-])c1cnccn1.O.O
JOZZED,-0.04749999999999999,169.059974464,4,6,Nc1ncnc2NC=Nc12.OO
JUBBEQ,-0.17113999999999946,275.082743644,2,4,Cc1cc(C)c(c(C)c1)S(=O)(=O)[O-].[NH3+]CC(O)=O
JUBFER,-0.5432000000000001,255.023514516,4,5,OC(=O)C(S)C(S)C(O)=O.CN(C)C=O
JUCTAC,-10.939800000000004,241.98276220009,1,4,[K+].[K+].[NH3+]C(CCC(=O)[O-])C(=O)[O-].O
JUCTEG,-4.571599999999997,182.090271548,2,4,[NH3+]C(CCC(=O)[O-])C(=O)[O-].[NH4+].O
JUDNII,3.3222200000000015,383.1400546240001,1,4,Cc1c(Cl)cccc1Nc1ccccc1C(=O)[O-].CN(C)c1cc[nH+]cc1
JUDPIK,2.977240000000001,363.19467704000004,1,4,Cc1cccc(Nc2ccccc2C(=O)[O-])c1C.CN(C)c1cc[nH+]cc1
JUDRAB01,3.230900000000002,312.193673996,0,5,CCOC1OC2OC3(C)CCC4C(C)CCC(C1C)C24OO3
JUDVIN,3.748400000000003,386.22055744,2,4,Oc1ccc(O)cc1.CCN(CC)C(=O)c1ccc(cc1)C(=O)N(CC)CC
JUDWOU,2.1879999999999997,330.157957184,2,4,Oc1ccc(O)cc1.CN(C)C(=O)c1ccc(cc1)C(=O)N(C)C
JUDYIQ,3.285800000000002,440.19473661599994,4,6,CN(C)C(=O)c1ccc(cc1)C(=O)N(C)C.Oc1ccc(O)cc1.Oc1ccc(O)cc1
JUFYUE,-8.399200000000006,298.08072224,4,7,O=P([O-])([O-])OP(=O)([O-])[O-].[NH3+]CC[NH3+].[NH3+]CC[NH3+]
JUGZAQ,1.132500000000003,497.3352528439999,4,7,CCC(C)C(=O)OC1CC(O)C=C2C=CC(C)C(CCC(O)CC(O)CC(=O)[O-])C12.[NH3+]C(C)(C)C
JUKJII,3.2696000000000014,257.10519334,2,3,CC(=NO)c1ccccc1.OC(=O)c1ccccc1
JUKWAN,-2.2194999999999956,272.07105050791,2,4,O=S(=O)([O-])[O-].NC(=[NH2+])N1CCc2ccccc2C1
JUMTOC,-2.042099999999999,338.1114009159999,4,4,[NH3+]C(CC1=CNc2ccccc12)C(=O)[O-].OC(=O)C=CC(O)=O.O
JUMXOH,0.2115000000000029,486.21615782000015,3,6,CN(CCOc1ccc(CC2SC(=O)[N-]C2=O)cc1)c1ccccn1.CN(C)C(N)=NC(N)=[NH2+]
JUNDAA,-1.4642999999999957,254.163042564,3,4,CC[NH+](CC)CCO.Nc1ccc(cc1)C(=O)[O-]
JUNDEE,-1.8056999999999985,226.131742436,3,4,Nc1ccc(cc1)C(=O)[O-].CC[NH2+]CCO
JUNTAR,-2.434999999999995,285.21726920809,2,2,CC12CCCCC1C=C(C2)C(=O)[O-].[NH2+]1CC[NH2+]CC1.O
JUPCII,-4.452299999999997,392.015388124,4,5,[NH3+]c1ccc(cc1)S(=O)(=O)N=C1NC=CC=N1.OCCO.[Br-]
JUPCOO,-3.4246999999999965,376.02047350400005,3,4,[Br-].[NH3+]c1ccc(cc1)S(=O)(=O)N=C1NC=CC=N1.CCO
JUQZII,-0.46710000000000007,255.110672644,2,4,OC(=O)c1ccccc1O.C[N+](C)(C)CC(=O)[O-]
JUVFOY,1.6118,349.06671672000004,3,6,Nc1ccc(cc1)S(=O)(=O)N=C1NC=CS1.Nc1ccccn1
JUVFOY01,1.6118,349.06671672000004,3,6,Nc1ccc(cc1)S(=O)(=O)N=C1NC=CS1.Nc1ccccn1
JUVFUE,1.9202199999999996,363.0823667840001,3,6,Nc1ccc(cc1)S(=O)(=O)N=C1NC=CS1.Cc1ccc(N)nc1
JUVGAL,2.2652,383.027744368,3,6,Nc1ccc(cc1)S(=O)(=O)N=C1NC=CS1.Nc1ccc(Cl)cn1
JUVGAL01,2.2652,383.027744368,3,6,Nc1ccc(cc1)S(=O)(=O)N=C1NC=CS1.Nc1ccc(Cl)cn1
JUVGEP,2.3743000000000007,426.977228788,3,6,Nc1ccc(Br)cn1.Nc1ccc(cc1)S(=O)(=O)N=C1NC=CS1
JUWHOA,1.9787,290.090271548,3,5,ON=Cc1ccnc2ccccc12.OC(=O)CCC(O)=O
JUXZEK,4.300600000000004,444.2334306319999,0,4,CS(C)=O.CC12CCC(=O)C=C1C1CC1C1C2CCC2(C)C1C1CC1C12CCC(=O)O1
JUYLEW,-2.9686999999999983,280.004929392,4,3,Nc1cc(Cl)c(NC2=[NH+]CCN2)c(Cl)c1.[Cl-]
JUYZOS,2.923300000000001,376.20498762799997,2,4,CC1CC2C3CCC(O)(C(C)=O)C3(C)CC(O)C2(F)C2(C)C=CC(=O)C=C12
JUZCEP,0.17239999999999983,293.04702683200003,2,5,N1C(=[NH+]c2ccccc12)C1=CSC=N1.O=C[O-].OC=O
KABCAV,-2.543199999999998,299.064116376,4,8,OCC(O)C1OC(=O)C(=C1O)O.O=C([O-])c1[nH+]cccc1
KABCAV01,-2.543199999999998,299.064116376,4,8,OCC(O)C1OC(=O)C(=C1O)O.O=C([O-])c1[nH+]cccc1
KABCEA,3.364480000000002,426.1303604440001,1,4,CC([O-])=C(C#N)C(=O)Nc1ccc(cc1)C(F)(F)F.[nH+]1ccc(cc1)c1ccncc1
KABCIE,2.9017800000000014,455.16893702409004,1,3,CC([O-])=C(C#N)C(=O)Nc1ccc(cc1)C(F)(F)F.C(Cc1cc[nH+]cc1)c1cc[nH+]cc1
KABCOK,3.2869800000000016,453.15328696009004,1,3,CC([O-])=C(C#N)C(=O)Nc1ccc(cc1)C(F)(F)F.[nH+]1ccc(cc1)C=Cc1cc[nH+]cc1
KABDAU,-5.244879999999998,271.02072734,1,8,CC1=[NH+]C=C(N1CCO)N(=O)=O.O=[Cl](=O)(=O)[O-]
KABDAU01,-5.244879999999997,271.02072734,2,7,O=[Cl](=O)(=O)[O-].CC1=[N+](CCO)C(=CN1)N(=O)=O
KABGUR,0.8681999999999999,280.063011244,2,6,COc1nccnc1NS(=O)(=O)c1ccc(N)cc1
KABGUR01,0.8681999999999999,280.063011244,2,6,COc1nccnc1NS(=O)(=O)c1ccc(N)cc1
KABLEG,3.2433000000000023,346.142975816,1,5,OC(=O)Cc1ccccc1.c1cncc(c1)C=NN=Cc1cccnc1
KABZES,-1.5573999999999997,278.122634296,0,6,CCOC(=O)[N-]C1=C[N+](=NO1)N1CCOCC1.O.O
KACPAH,2.6512200000000004,266.116761068,1,4,Cc1ccnc2N(C3CC3)c3ncccc3C(=O)Nc12
KADFUR,-1.1040999999999983,438.21144929999986,2,8,COc1cc(Cc2c[nH+]c(N)nc2N)cc(OC)c1OC.CC=CC=CC(=O)[O-].O.O
KADKIJ,-0.2809999999999997,246.023180168,0,6,CS(=O)(=O)OCCCCOS(C)(=O)=O
KADPAG,1.6182999999999996,287.03406533199995,3,6,Nc1nnc(c(N)n1)c1cccc(Cl)c1Cl.CO
KADQIT,-0.10371999999999659,475.1525545200001,3,7,O=C(OCc1ccccc1)N1CCC(CC1c1ccc(cc1)C#N)OS(=O)(=O)[O-].NC(N)=[NH2+]
KAFYIE,-4.770099999999999,163.059305768,4,3,NC(N)=[NH2+].OC(=O)CC(=O)[O-]
KAGCEA,-4.090399999999999,159.05291991408998,4,2,OP(O)(=O)[O-].[NH3+]CC[NH3+]
KAGREQ,-15.340800000000003,382.04942134399994,3,7,[Na+].[Na+].CC(O)(P(=O)([O-])[O-])P(=O)([O-])[O-].[NH3+]CC[NH3+].O.O.O.O
KAGREU,-2.0906999999999982,271.136842792,3,4,FC(F)(F)C1=NN=N[N-]1.CCOCC.NC(N)=[NH2+]
KAHBUT,-2.7002999999999977,260.10633885609,3,4,Nc1ccc(cc1)S(=O)(=O)[O-].[NH2+]1CC[NH2+]CC1
KAHBUT01,-2.7002999999999977,260.10633885609,3,4,Nc1ccc(cc1)S(=O)(=O)[O-].[NH2+]1CC[NH2+]CC1
KAHFAE,-3.1934999999999967,316.12705098,4,7,OCC[NH+](CCO)CCO.O=C([O-])c1ccc(cc1)N(=O)=O
KAHZAX,4.859300000000004,447.14803246400004,1,4,Clc1cccc(N2CCN(CCCCOc3ccc4CCC(=O)Nc4c3)CC2)c1Cl
KAJKOY,2.8066000000000004,447.1794208999999,1,5,CN1CC(=O)N2C(CC3=C(Nc4ccccc34)C2c2ccc3OCOc3c2)C1=O.CC(C)=O
KAJKUE,3.1967000000000017,461.1950709639999,1,5,CN1CC(=O)N2C(CC3=C(Nc4ccccc34)C2c2ccc3OCOc3c2)C1=O.CCC(C)=O
KAMBZH,-8.833799999999998,267.99841226409,1,3,Nc1ccc(cc1)C(=O)[O-].[K+].[K+].O.O.O
KAMCEG,2.4929000000000006,254.105527688,2,2,NC(=O)N1c2ccccc2CC(O)c2ccccc12
KAMCIK,4.352000000000004,431.25842016800016,2,5,Fc1ccc(cc1)C(=O)CCCN1CCC(=CC1)N1C(=O)Nc2ccccc12.CCO.[H].[H].[H].[H].[H].[H]
KAMCIK01,3.6770000000000027,425.211469976,2,5,Fc1ccc(cc1)C(=O)CCCN1CCC(=CC1)N1C(=O)Nc2ccccc12.CCO
KAMDAD,4.343520000000004,434.25694294799996,1,4,COc1ccc2nccc(C(O)C3CC4CCN3CC4C=C)c2c1.O.Cc1ccccc1
KANBEJ,-2.012399999999994,372.19515386009004,2,4,CCCN(CCC)S(=O)(=O)c1ccc(cc1)C(=O)[O-].[NH2+]1CC[NH2+]CC1
KANBIN,4.339100000000004,441.1722273440001,1,5,CCCN(CCC)S(=O)(=O)c1ccc(cc1)C(O)=O.c1cc(ccn1)c1ccncc1
KANBUZ,3.2771000000000017,364.145678248,1,4,CCCN(CCC)S(=O)(=O)c1ccc(cc1)C(O)=O.c1ccncc1
KARBOW,-5.063199999999998,340.09066547200007,4,6,OC(=O)c1cc(C(=O)[O-])c(cc1C(=O)[O-])C(O)=O.[NH2+]1CC[NH2+]CC1
KASMOH,-0.1719999999999997,371.001254848,3,7,NS(=O)(=O)c1cc2c(NCNS2(=O)=O)cc1Cl.COC(C)=O
KASWIM,0.9527999999999996,289.167793596,2,3,Oc1ccccc1C(=O)[O-].[NH3+]C12CC3CC(CC(C3)C1)C2
KASXAF,-1.2924999999999982,237.136493468,2,3,O=C([O-])c1ccccc1.OCC[NH+]1CCCC1
KASXIN,-1.5868999999999982,253.131408088,3,4,Oc1ccccc1C(=O)[O-].OCC[NH+]1CCCC1
KAWHAV,2.1053000000000006,463.28349204399996,1,5,CCOCCN1C(=Nc2ccccc12)C1CC[NH+](CC1)CCc1ccc(cc1)C(C)(C)C(=O)[O-]
KAWHAV01,2.1053000000000006,463.28349204399996,1,5,CCOCCN1C(=Nc2ccccc12)C1CC[NH+](CC1)CCc1ccc(cc1)C(C)(C)C(=O)[O-]
KAWMEE,2.0774999999999997,339.071133404,2,5,Nc1ccc(cc1)S(=O)(=O)N=C1NC=CS1.O=C1CCCC1
KAWMII,2.39952,354.0278886880001,2,6,Nc1ccc(cc1)S(=O)(=O)N=C1NC=CS1.CC1=CSC=N1
KAWMUU,2.2594000000000003,355.102433532,3,5,Nc1ccc(cc1)S(=O)(=O)N=C1NC=CS1.OC1CCCCC1
KAWNAB,3.038280000000001,364.10276788,2,5,Nc1ccc(cc1)S(=O)(=O)N=C1NC=CS1.N#CC1CCCCC1
KAWQAE,0.3063999999999997,315.08236678400004,3,6,Nc1ccc(cc1)S(=O)(=O)[N-]C1=NC=CS1.[NH3+]CCN
KAWQOS,1.7850999999999997,353.05039796,2,6,Nc1ccc(cc1)S(=O)(=O)N=C1NC=CS1.CC1=CCC(=O)O1
KAWQUY,2.3011999999999992,481.18174647200004,4,6,Nc1ccc(cc1)S(=O)(=O)N=C1NC=CS1.O=C1CCCCCN1.O=C1CCCCCN1
KAWRAF,1.2697999999999996,341.05039796,2,6,Nc1ccc(cc1)S(=O)(=O)N=C1NC=CS1.CC1CC(=O)O1
KAWREJ,2.3235,353.086783468,2,5,Nc1ccc(cc1)S(=O)(=O)N=C1NC=CS1.CC1CCCC1=O
KAWRIN,2.4676,353.086783468,2,5,Nc1ccc(cc1)S(=O)(=O)N=C1NC=CS1.O=C1CCCCC1
KAWROT,2.8577000000000012,367.102433532,2,5,Nc1ccc(cc1)S(=O)(=O)N=C1NC=CS1.O=C1CCCCCC1
KAWRUZ,1.6598999999999997,355.066048024,2,6,Nc1ccc(cc1)S(=O)(=O)N=C1NC=CS1.CC1CCC(=O)O1
KAWSAG,1.2713999999999999,341.05039796,2,6,Nc1ccc(cc1)S(=O)(=O)N=C1NC=CS1.O=C1CCCO1
KAWSIO,2.7136000000000005,367.102433532,2,5,Nc1ccc(cc1)S(=O)(=O)N=C1NC=CS1.CC1CCC(=O)CC1
KAWSUA,1.8692999999999997,341.086783468,3,5,Nc1ccc(cc1)S(=O)(=O)N=C1NC=CS1.OC1CCCC1
KAWTEL,1.4897,357.04531258,2,7,Nc1ccc(cc1)S(=O)(=O)N=C1NC=CS1.CC1COC(=O)O1
KAWTOV,3.322160000000002,391.11366691200004,2,6,Nc1ccc(cc1)S(=O)(=O)N=C1NC=CS1.N#CCCCCCCC#N
KAWTUB,4.102360000000004,419.14496704000004,2,6,Nc1ccc(cc1)S(=O)(=O)N=C1NC=CS1.N#CCCCCCCCCC#N
KAWZER,0.9479999999999997,255.013618528,2,4,Nc1ccc(cc1)S(=O)(=O)N=C1NC=CS1
KAWZIV,1.0605999999999995,401.07152732799995,2,8,Nc1ccc(cc1)S(=O)(=O)N=C1NC=CS1.CCOC(=O)C(=O)OCC
KAWZOB,1.1429999999999993,375.03811902399997,2,6,Nc1ccc(cc1)S(=O)(=O)N=C1NC=CS1.O=S1(=O)CCCC1
KAWZUH,1.9310199999999997,338.050732308,2,6,Nc1ccc(cc1)S(=O)(=O)N=C1NC=CS1.CC1=CC=NO1
KAXLII,2.4945000000000013,436.18773308799996,3,6,CCc1[nH+]c(N)nc(N)c1c1ccc(Cl)cc1.OC(=O)CCCCCCCC(=O)[O-]
KAXLII01,2.4945000000000013,436.18773308799996,3,6,CCc1[nH+]c(N)nc(N)c1c1ccc(Cl)cc1.OC(=O)CCCCCCCC(=O)[O-]
KAXMOP,3.1439000000000004,478.24274942799985,4,9,COc1cc(Cc2cnc(N)nc2N)cc(OC)c1OC.OC(=O)CCCCCCCC(O)=O
KAXNAC,1.2283000000000015,478.242749428,3,9,OC(=O)CCCCCCCC(=O)[O-].COc1cc(Cc2c[nH+]c(N)nc2N)cc(OC)c1OC
KAXSEJ,1.5508,303.158291532,3,3,NC(N)=O.COc1ccc2cccc(CCNC(C)=O)c2c1
KAXSIN,1.5902999999999998,319.141972772,3,4,COc1ccc2cccc(CCNC(C)=O)c2c1.OCC(O)=O
KAXSOT,2.7075000000000005,365.173941596,2,4,NC(=O)c1ccncc1.COc1ccc2cccc(CCNC(C)=O)c2c1
KAXSUZ,3.7058000000000026,395.1732729,2,5,COc1ccc2cccc(CCNC(C)=O)c2c1.COC(=O)c1ccc(O)cc1
KAXXAI,4.090220000000002,261.055656304,2,2,Cc1c(Cl)cccc1Nc1ccccc1C(O)=O
KAXXAI01,4.090220000000002,261.055656304,2,2,Cc1c(Cl)cccc1Nc1ccccc1C(O)=O
KAXXAI04,4.090220000000002,261.055656304,2,2,Cc1c(Cl)cccc1Nc1ccccc1C(O)=O
KAXXAI05,4.090220000000002,261.055656304,2,2,Cc1c(Cl)cccc1Nc1ccccc1C(O)=O
KAXXAI06,4.090220000000002,261.055656304,2,2,Cc1c(Cl)cccc1Nc1ccccc1C(O)=O
KAXXAI07,4.090220000000002,261.055656304,2,2,Cc1c(Cl)cccc1Nc1ccccc1C(O)=O
KAXXAI08,4.090220000000002,261.055656304,2,2,Cc1c(Cl)cccc1Nc1ccccc1C(O)=O
KAXXAI09,4.090220000000002,261.055656304,2,2,Cc1c(Cl)cccc1Nc1ccccc1C(O)=O
KAXXAI10,4.090220000000002,261.055656304,2,2,Cc1c(Cl)cccc1Nc1ccccc1C(O)=O
KAXXAI11,4.090220000000002,261.055656304,2,2,Cc1c(Cl)cccc1Nc1ccccc1C(O)=O
KAYGOI,3.6152000000000024,387.17942089999997,3,5,O=C(Nc1ccccn1)c1ccncc1.OC(=O)CCCCCCCC(O)=O
KAYHOJ,1.6646999999999998,317.10117058,3,5,O=C(Nc1ccccn1)c1cccnc1.OC(=O)CCC(O)=O
KAYJAX,3.6152000000000024,387.17942089999997,3,5,O=C(Nc1ccccn1)c1cccnc1.OC(=O)CCCCCCCC(O)=O
KCANRO,-0.44049999999999767,396.17029108799994,1,4,CC12CCC(=O)C=C1C=CC1C2CCC2(C)C1CCC2(O)CCC(=O)[O-].[K+]
KEBGAB,-0.28590000000000043,170.06914218,3,4,Nc1ccc(c(O)c1)C(=O)[O-].[NH4+]
KEBGAB01,-0.28590000000000043,170.06914218,3,4,Nc1ccc(c(O)c1)C(=O)[O-].[NH4+]
KEBGAB02,-0.28590000000000043,170.06914218,3,4,Nc1ccc(c(O)c1)C(=O)[O-].[NH4+]
KEBHAE,-2.5359999999999943,482.19441668790995,2,8,CCN1C=C(C(O)=O)C(=O)c2cc(F)c(cc12)N1CC[NH2+]CC1.O=C([O-])CCCCC(=O)[O-].O
KEBJEI,1.8366999999999991,231.112010036,2,5,Nc1ccc(N=Nc2ccccc2)c(N)n1.O
KEBJIM,3.2316000000000003,360.13347375199993,3,7,Nc1ccc(N=Nc2ccccc2)c(N)n1.O=C1NC(=O)c2ccccc12
KEBJOS,1.3059000000000005,353.148789468,2,6,O=C([O-])c1ccccc1.O.Nc1[nH+]c(N)c(cc1)N=Nc1ccccc1
KEBJUY,1.7651,365.1487894680001,3,7,Oc1ccc(CC(=O)[O-])cc1.Nc1[nH+]c(N)c(cc1)N=Nc1ccccc1
KEBKAF,2.9833000000000007,396.10045937200005,2,7,O=C1[N-]S(=O)(=O)c2ccccc12.Nc1[nH+]c(N)c(cc1)N=Nc1ccccc1
KEBLAI,0.3285000000000011,491.2067785199999,3,7,OC(=O)C1=CN(C2CC2)c2cc(N3CC[NH2+]CC3)c(F)cc2C1=O.OC(=O)CCCCCC(=O)[O-]
KEBLIQ,0.40360000000000174,493.22242858399994,3,7,CCN1C=C(C(O)=O)C(=O)c2cc(F)c(cc12)N1CC[NH2+]CC1.OC(=O)CCCCCCC(=O)[O-]
KEBMAJ,1.3451000000000002,302.126657056,3,4,Oc1ccc2ccc(O)cc2c1.NC(=O)CN1CCCC1=O
KEBROZ,-0.7725999999999993,387.18056377199997,3,6,CCN1C=C(C(O)=O)C(=O)c2cc(F)c(cc12)N1CCNCC1.CO.O.O
KECKEL,3.126800000000001,414.1903199319999,3,6,O=C(NN=Cc1cccnc1)c1ccccn1.OC(=O)CCCCCCCC(O)=O
KECTAQ,0.3516,362.1226342959999,3,6,O.O=C(NN=Cc1ccncc1)c1cccnc1.OC(=O)CCC(O)=O
KEFBEC,4.996600000000009,442.2719243159999,2,4,CC(=O)C1CCC2C3CCC4=CC(=O)CCC4(C)C3CCC12C.Oc1ccc(O)cc1.O
KEFBED,0.9757999999999998,254.090271548,3,4,CC(=O)Nc1ccccn1.OC(=O)CCC(O)=O
KEFCAA,2.9263000000000003,324.16852186799997,3,4,CC(=O)Nc1ccccn1.OC(=O)CCCCCCCC(O)=O
KEFCOO,0.8712000000000009,392.163059628,3,6,CCN(CC)c1ccc(cc1)N=Nc1ccc(cc1)S(=O)(=O)[O-].NC(N)=[NH2+]
KEFFUZ,3.8965400000000026,288.22016351599996,1,2,CCCCN1CCCCC1C(=O)Nc1c(C)cccc1C
KEFFUZ01,3.8965400000000026,288.22016351599996,1,2,CCCCN1CCCCC1C(=O)Nc1c(C)cccc1C
KEFXEC,0.7568199999999999,347.08658313600006,2,7,O=C1CN(N=CC2=CC=C(O2)N(=O)=O)C(=O)N1.CC1=CC(=O)NC=C1
KEFXIG,0.11580000000000024,350.097482168,1,7,O=C1CN(N=CC2=CC=C(O2)N(=O)=O)C(=O)[N-]1.Nc1cc[nH+]cc1.O
KEFXUS,0.13229999999999953,333.0821664520001,2,9,O=C1CN(N=CC2=CC=C(O2)N(=O)=O)C(=O)N1.Nc1ncccn1
KEFYAZ,0.5226999999999999,347.0978165160001,2,8,O=C1CN(N=CC2=CC=C(O2)N(=O)=O)C(=O)[N-]1.Nc1[nH+]c(N)ccc1
KEFYED,0.6748999999999996,374.133867676,1,7,O=C1CN(N=CC2=CC=C(O2)N(=O)=O)C(=O)[N-]1.C[NH2+]CCc1ccccn1
KEHBAA,4.257200000000003,477.2452503680001,2,7,Fc1ccc(cc1)C(N1CCN(CC1)c1nc(NCC=C)nc(NCC=C)n1)c1ccc(F)cc1
KELKAO,-1.840099999999997,334.006792848,4,3,O[Se](=O)[O-].[NH3+]C(CC1=CNc2ccccc12)C(O)=O
KELKAO01,-1.840099999999997,334.006792848,4,3,O[Se](=O)[O-].[NH3+]C(CC1=CNc2ccccc12)C(O)=O
KELVEE,-2.683099999999996,335.1135651039999,4,6,OCC[NH+](CCO)CCO.Clc1ccc(OCC(=O)[O-])cc1
KEMPOL,3.6231000000000027,337.14264146799997,1,6,CC(C)N1N=CC=C1c1ncccc1COc1cccc(O)c1C=O
KEMPUR,0.04619999999999985,373.11931917999993,1,5,CC(C)N1N=CC=C1c1[nH+]cccc1COc1cccc(O)c1C=O.[Cl-]
KEMQAY,3.558900000000002,455.16925013999986,3,8,CC(C)N1N=CC=C1c1ncccc1COc1cccc(O)c1C=O.OC(=O)CCC(O)=O
KEMZIL01,-0.1849,30.010564684,0,1,C=O
KENXEK,-2.6611999999999982,173.12845420409,2,2,CC=CC=CC(=O)[O-].[NH3+]CC[NH3+]
KEQLIC,-5.379299999999996,290.13466178008997,3,4,OC(=O)c1cccc(n1)C(=O)[O-].[NH2+]1CC[NH2+]CC1.O.O
KEQVAH,2.4707,430.2103866799999,2,4,O=C1CN(CC2N1CCc1ccccc21)C(=O)C1CCCCC1.OC(=O)CCC(O)=O
KERJOK,2.17798,287.088161284,2,3,CC([O-])=C(C#N)C(=O)Nc1ccc(cc1)C(F)(F)F.[NH4+]
KERMOL,-3.117499999999997,225.12336882409,3,3,Oc1cccc(c1)C(=O)[O-].[NH2+]1CC[NH2+]CC1
KERMUR,-3.4118999999999975,241.11828344409,4,4,Oc1ccc(c(O)c1)C(=O)[O-].[NH2+]1CC[NH2+]CC1
KERNAY,-5.048399999999997,284.100836232,4,6,Oc1cc(c(O)cc1C(=O)[O-])C(=O)[O-].[NH2+]1CC[NH2+]CC1
KERNEC,-5.068699999999995,305.13432743209,4,4,OC(=O)c1cc(O)cc(c1)C(=O)[O-].[NH2+]1CC[NH2+]CC1.O.O
KERQOO,-8.213900000000006,330.07102718782005,2,8,O=C([O-])c1cc(C(=O)[O-])c(cc1C(=O)[O-])C(=O)[O-].[NH3+]CC[NH3+].O
KESBEQ,4.723500000000005,314.2245802,0,2,CC(=O)C1CCC2C3CCC4=CC(=O)CCC4(C)C3CCC12C
KESJIE,-0.9143999999999985,261.06709358,2,4,CS(=O)(=O)[O-].[NH3+]C(Cc1ccccc1)C(O)=O
KESKOM,0.4930999999999997,330.085186168,1,5,O=C([O-])c1ccccc1N(=O)=O.Oc1cccc2ccc[nH+]c12.O
KETGID,3.205300000000002,359.043913524,0,5,CS(=O)(=O)c1cc(ccc1C(=O)C1=C(ON=C1)C1CC1)C(F)(F)F
KETZAM,2.348200000000001,369.168856216,2,4,CC(=O)Nc1ccc(O)cc1.c1cc(ccn1)C=Cc1ccncc1.O.O
KEVGAW,-3.4776999999999996,314.00609449991003,4,7,OP(=O)([O-])P(O)(=O)[O-].Nc1[nH+]cnc2NC=Nc12.O
KEVGEA,-2.6529999999999996,295.99552981591006,4,7,OP(=O)([O-])P(O)(=O)[O-].Nc1[nH+]cnc2NC=Nc12
KEWCEY,3.2817999999999996,442.059945732,3,5,OC1N=C(c2ccccc2Cl)c2cc(Cl)ccc2NC1=O.NC(=O)c1cccnc1
KEWGAY,2.124900000000001,482.081553768,2,4,C[NH+]=C1C[N+](=C(c2ccccc2)c2cc(Cl)ccc2N1)[O-].O=C1[N-]S(=O)(=O)c2ccccc12
KEWNOQ,0.8016999999999999,239.079372516,2,4,CC(=O)Oc1ccccc1C(O)=O.CC(N)=O
KEWSOX,-2.1307999999999963,477.16597632799994,4,7,OC(=O)C1=CN(C2CC2)c2cc(N3CC[NH2+]CC3)c(F)cc2C1=O.O=C1NC(=O)C=C([O-])N1.O
KEWZAN,-4.4331,142.050728842,2,3,O=P([O-])[O-].[NH3+]CC[NH3+]
KEWZAN01,-4.4331,142.050728842,2,3,O=P([O-])[O-].[NH3+]CC[NH3+]
KEXJAZ,4.689700000000004,380.1160923719999,2,5,O=C1N2c3ccccc3N=C2c2cccc3cccc1c23.Oc1ccc(O)cc1
KEXZIX,2.1626000000000007,254.199428072,4,4,Nc1ccc(N)cc1.OCCCCCCCCO
KEXZOD,2.9428000000000023,282.2307282,4,4,Nc1ccc(N)cc1.OCCCCCCCCCCO
KEXZUJ,3.723000000000004,310.26202832799993,4,4,Nc1ccc(N)cc1.OCCCCCCCCCCCCO
KEYSOW,-3.494999999999992,339.123735864,2,4,[Cl-].C[NH+]1C2CC(CC1C1OC21)OC(=O)C(CO)c1ccccc1
KEYTOX,-5.969099999999989,393.15542991599995,2,4,[Cl-].C[NH+]1C2CC(CC1C1OC21)OC(=O)C(CO)c1ccccc1.O.O.O
KEYWEQ,-1.9332999999999931,397.08887034799994,1,4,[Br-].C[N+]1(C)C2CC(CC1C1OC21)OC(=O)C(CO)c1ccccc1
KFSCCN,-6.056199999999998,175.988718572,2,2,[K+].[F-].OC(=O)CCC(O)=O
KFSCCN10,-6.056199999999998,175.988718572,2,2,[K+].[F-].OC(=O)CCC(O)=O
KHDBEZ,-2.945899999999999,159.99266108,0,2,O=C([O-])c1ccccc1.[K+]
KHDCAC,-2.5812999999999997,293.84225097600006,1,3,OC(=O)C(Cl)Cl.ClC(Cl)C(=O)[O-].[K+]
KHDCAC01,-2.5812999999999997,294.848527722,1,4,[K+].[2H]OC(=O)C(Cl)Cl.ClC(Cl)C(=O)[O-]
KHDCAC10,-2.5812999999999997,293.84225097599995,1,3,[K+].OC(=O)C(Cl)Cl.ClC(Cl)C(=O)[O-]
KHDCAC11,-2.5812999999999997,293.84225097599995,1,3,OC(=O)C(Cl)Cl.[K+].ClC(Cl)C(=O)[O-]
KHDCAC12,-2.5812999999999997,293.84225097599995,1,3,OC(=O)C(Cl)Cl.[K+].ClC(Cl)C(=O)[O-]
KHDPAC01,-3.0169999999999977,174.008311144,0,2,[K+].O=C([O-])Cc1ccccc1
KHGLYC,-6.204099999999999,189.98796962400002,3,5,OCC(O)=O.OCC(=O)[O-].[K+]
KHQUDQ,2.1932,473.11417318,2,6,[K+].Oc1cccc2cccnc12.Oc1cccc2cccnc12.[O-]c1cccc2cccnc12
KHQUIN,0.2527999999999997,328.06140933600005,1,4,[K+].Oc1cccc2cccnc12.[O-]c1cccc2cccnc12
KIBLOW,-6.269599999999996,373.8932820919999,4,4,[Cs+].CC(O)(P(O)(O)=O)P(O)(=O)[O-].O.O
KIBRAQ,3.416000000000003,479.39745917600004,3,4,CC(CCC(=O)[O-])C1CCC2C3CCC4CC(O)CCC4(C)C3CC(O)C12C.[NH3+]C(C)C(C)C
KIBREU,3.416000000000003,479.39745917600004,3,4,CC(CCC(=O)[O-])C1CCC2C3CCC4CC(O)CCC4(C)C3CC(O)C12C.[NH3+]C(C)C(C)C
KIBRIY,3.1700000000000026,465.38180911200004,3,4,CC(CCC(=O)[O-])C1CCC2C3CCC4CC(O)CCC4(C)C3CC(O)C12C.[NH3+]C(C)CC
KIBROE,3.1700000000000026,465.38180911200004,3,4,CC(CCC(=O)[O-])C1CCC2C3CCC4CC(O)CCC4(C)C3CC(O)C12C.[NH3+]C(C)CC
KICCOO,-2.382199999999998,135.089543276,0,2,C[N+](C)(C)CC(=O)[O-].O
KICCOO02,-2.382199999999998,135.089543276,0,2,C[N+](C)(C)CC(=O)[O-].O
KICCOO03,-2.382199999999998,135.089543276,0,2,C[N+](C)(C)CC(=O)[O-].O
KICCOO04,-2.382199999999998,135.089543276,0,2,C[N+](C)(C)CC(=O)[O-].O
KICCOO05,-2.382199999999998,135.089543276,0,2,C[N+](C)(C)CC(=O)[O-].O
KICCOO06,-2.382199999999998,135.089543276,0,2,C[N+](C)(C)CC(=O)[O-].O
KICCOO07,-2.382199999999998,135.089543276,0,2,C[N+](C)(C)CC(=O)[O-].O
KICCOO08,-2.382199999999998,135.089543276,0,2,C[N+](C)(C)CC(=O)[O-].O
KICCOO09,-2.382199999999998,135.089543276,0,2,C[N+](C)(C)CC(=O)[O-].O
KICCOO10,-2.382199999999998,135.089543276,0,2,C[N+](C)(C)CC(=O)[O-].O
KICCOO11,-2.382199999999998,135.089543276,0,2,C[N+](C)(C)CC(=O)[O-].O
KICCOO12,-2.382199999999998,135.089543276,0,2,C[N+](C)(C)CC(=O)[O-].O
KICCOO13,-2.382199999999998,135.089543276,0,2,C[N+](C)(C)CC(=O)[O-].O
KICCOO14,-2.382199999999998,135.089543276,0,2,C[N+](C)(C)CC(=O)[O-].O
KICVOJ,1.2735,430.14078289599996,3,6,CCc1[nH+]c(N)nc(N)c1c1ccc(Cl)cc1.Oc1ccc(cc1)C=CC(=O)[O-].O
KICVUP,2.4481800000000007,469.15168192799985,2,8,CC#N.CCc1[nH+]c(N)nc(N)c1c1ccc(Cl)cc1.CC(=O)Oc1ccccc1C(=O)[O-]
KICWAW,0.11310000000000103,394.10439738799994,3,7,CCc1[nH+]c(N)nc(N)c1c1ccc(Cl)cc1.OC(=O)CCC(=O)C(=O)[O-]
KICWEA,2.4542000000000006,463.108102864,3,7,O=C1[N-]S(=O)(=O)c2ccccc12.CCc1[nH+]c(N)nc(N)c1c1ccc(Cl)cc1.CO
KICWEA01,2.4542000000000015,463.108102864,3,7,CCc1[nH+]c(N)nc(N)c1c1ccc(Cl)cc1.O=C1[N-]S(=O)(=O)c2ccccc12.CO
KICWIE,1.4840999999999998,428.14759959200006,3,9,CCc1nc(N)nc(N)c1c1ccc(Cl)cc1.CN1C(=O)N(C)C2=C(NC=N2)C1=O
KIDTEY,-1.8954999999999993,207.04089242999999,4,4,OP(O)(=O)[O-].Nc1c[nH+]ccc1N
KIDTEY01,-1.8955000000000006,207.04089243,4,4,Nc1c[nH+]ccc1N.OP(O)(=O)[O-]
KIDYUV,4.664420000000004,487.16310214000003,3,8,COc1ccc(cc1O)C1CC(=O)c2c(O)cc(O)cc2O1.CC1=CN(C(=O)C=C1)c1ccccc1
KIFHIQ,-0.3208999999999999,247.016236532,3,3,FS(F)(F)(F)(F)N=N(=O)[O-].NC(N)=[NH2+]
KIFZUV,0.3623200000000003,275.028599896,1,4,Cc1cc2CCCS(=O)(=O)c2cc1S(N)(=O)=O
KIGKIV,1.2142999999999997,382.12771967599997,2,8,CN1C=NC2=C1C(=O)N(C)C(=O)N2C.OC(=O)c1ccc2ccccc2c1O
KIGKOB,1.2142999999999995,382.12771967599997,2,8,CN1C=NC2=C1C(=O)N(C)C(=O)N2C.OC(=O)c1cc2ccccc2cc1O
KIGKOB01,1.2142999999999995,382.12771967599997,2,8,CN1C=NC2=C1C(=O)N(C)C(=O)N2C.OC(=O)c1cc2ccccc2cc1O
KIGKOB02,1.2142999999999995,382.12771967599997,2,8,CN1C=NC2=C1C(=O)N(C)C(=O)N2C.OC(=O)c1cc2ccccc2cc1O
KIGKOB03,1.2142999999999995,382.12771967599997,2,8,CN1C=NC2=C1C(=O)N(C)C(=O)N2C.OC(=O)c1cc2ccccc2cc1O
KIGKOB04,1.2142999999999995,382.127719676,2,8,OC(=O)c1cc2ccccc2cc1O.CN1C=NC2=C1C(=O)N(C)C(=O)N2C
KIGKOB05,1.2142999999999995,382.12771967599997,2,8,CN1C=NC2=C1C(=O)N(C)C(=O)N2C.OC(=O)c1cc2ccccc2cc1O
KIGKOB07,1.2142999999999995,382.12771967599997,2,8,CN1C=NC2=C1C(=O)N(C)C(=O)N2C.OC(=O)c1cc2ccccc2cc1O
KIGKUH,1.2143,382.12771967599997,2,8,CN1C=NC2=C1C(=O)N(C)C(=O)N2C.OC(=O)c1ccc2cc(O)ccc2c1
KIGKUH02,1.2143,382.12771967599997,2,8,CN1C=NC2=C1C(=O)N(C)C(=O)N2C.OC(=O)c1ccc2cc(O)ccc2c1
KIGLAO,0.16359999999999925,292.11715499199994,2,6,CN1C(=O)N(C)C2=C(NC=N2)C1=O.CC=CC=CC(O)=O
KIGLES,0.050699999999999745,318.096419548,3,7,CN1C(=O)N(C)C2=C(NC=N2)C1=O.OC(=O)c1ccccc1O
KIGLES01,0.0506999999999998,318.09641954800003,3,7,OC(=O)c1ccccc1O.CN1C(=O)N(C)C2=C(NC=N2)C1=O
KIGLOC,0.050699999999999745,318.096419548,3,7,CN1C(=O)N(C)C2=C(NC=N2)C1=O.OC(=O)c1ccc(O)cc1
KIGLUI,0.3108999999999994,331.128054024,3,7,CN1C(=O)N(C)C2=C(NC=N2)C1=O.CC(=O)Nc1ccc(O)cc1
KIGLUI01,0.3108999999999994,331.128054024,3,7,CN1C(=O)N(C)C2=C(NC=N2)C1=O.CC(=O)Nc1ccc(O)cc1
KIGMAP,-3.9403999999999986,241.14075020408998,2,5,CN1C(=O)N(C)C2=C([N-]C=N2)C1=O.[NH3+]CC[NH3+]
KIGNEV,3.8274000000000026,404.1306968800001,2,6,Nc1ccc(cc1)S(=O)(=O)c1ccc(N)cc1.c1cc(ccn1)c1ccncc1
KIGNIZ,2.3604000000000003,361.14601259600005,3,5,Nc1ccc(cc1)S(=O)(=O)c1ccc(N)cc1.O=C1CCCCCN1
KIGNIZ01,2.3604000000000003,361.14601259600005,3,5,Nc1ccc(cc1)S(=O)(=O)c1ccc(N)cc1.O=C1CCCCCN1
KIHZAD,3.00436,318.111675688,2,6,Oc1cccc(O)c1.N#Cc1ccncc1.N#Cc1ccncc1
KIJBOX,3.123500000000001,398.068490548,3,6,OC(=O)c1cc(ccc1O)N=Nc1ccc(cc1)S(=O)(=O)N=C1NC=CC=C1
KIJFOC,3.4662000000000015,440.19473661599994,4,6,CCOc1ccccc1C(N)=O.CCOc1ccccc1C(N)=O.Oc1cccc(O)c1
KIJFUI,2.282,275.115758024,3,4,CCOc1ccccc1C(N)=O.Oc1ccc(O)cc1
KIJKUL,0.9542999999999997,475.050791884,3,7,CN1C(=C([O-])C2=C(C=CS2)S1(=O)=O)C(=O)Nc1[nH+]cccc1.OC(=O)c1ccccc1O
KIJLAS,0.9616999999999996,447.055877264,3,7,CN1C(=C([O-])C2=C(C=CS2)S1(=O)=O)C(=O)Nc1[nH+]cccc1.Oc1cccc(O)c1
KIJLEW,0.6672999999999996,463.050791884,4,8,CN1C(=C([O-])C2=C(C=CS2)S1(=O)=O)C(=O)Nc1[nH+]cccc1.Oc1cccc(O)c1O
KIJLIA,-2.4283999999999963,424.1107726040901,3,6,CN1C(=C([O-])C2=C(C=CS2)S1(=O)=O)C(=O)Nc1ccccn1.[NH2+]1CC[NH2+]CC1
KIJLOG,0.34489999999999993,411.055877264,2,6,CN1C(=C([O-])C2=C(C=CS2)S1(=O)=O)C(=O)Nc1[nH+]cccc1.CCC(O)=O
KIJLUM,-0.24319999999999964,398.035476168,1,7,CN1C(=C([O-])C2=C(C=CS2)S1(=O)=O)C(=O)Nc1[nH+]cccc1.CN(=O)=O
KIJMAT,0.22300000000000064,433.00721282,2,8,CS(=O)(=O)[O-].CN1C(=C(O)C2=C(C=CS2)S1(=O)=O)C(=O)Nc1[nH+]cccc1
KIJMEX,-1.9343999999999986,372.995775544,2,5,CN1C(=C(O)C2=C(C=CS2)S1(=O)=O)C(=O)Nc1[nH+]cccc1.[Cl-]
KIJMIB,-0.4352999999999996,383.024577136,2,6,CN1C(=C([O-])C2=C(C=CS2)S1(=O)=O)C(=O)Nc1[nH+]cccc1.OC=O
KIJMOH,0.9616999999999996,447.055877264,3,7,CN1C(=C([O-])C2=C(C=CS2)S1(=O)=O)C(=O)Nc1[nH+]cccc1.Oc1ccccc1O
KIJMUN,1.2486999999999997,459.055877264,2,6,CN1C(=C([O-])C2=C(C=CS2)S1(=O)=O)C(=O)Nc1[nH+]cccc1.OC(=O)c1ccccc1
KIJNAU,-0.04519999999999996,397.0402272,2,6,CN1C(=C([O-])C2=C(C=CS2)S1(=O)=O)C(=O)NC1=CC=CC=[NH+]1.CC(O)=O
KIKKEV,-3.1940999999999997,278.041797132,3,4,Clc1ccc(cc1N(=O)=O)C(=O)[O-].NC(N)=[NH2+].O
KINGEW,4.6391000000000036,386.120132196,2,4,CNC(=O)c1ccccc1Sc1ccc2c(NN=C2C=Cc2ccccn2)c1
KINKOH,1.9975,242.141913196,2,2,CC=C1C2CC3=C(C=CC(=O)N3)C1(N)CC(=C2)C
KINTIN10,1.5579999999999998,215.080709908,2,5,C(Nc1ncnc2NC=Nc12)C1=CC=CO1
KINTUY,3.234400000000001,449.158685456,3,6,COc1ccc(C=CC(=O)Nc2ccccc2C(O)=O)cc1OC.NC(=O)c1cccnc1
KINVEK,-10.063099999999991,401.13941204408985,0,3,COc1ccc2cc(ccc2c1)C(C)C(=O)[O-].[Na+].[Na+].O.O.O.O.O.O.O
KIPKIH,4.210720000000003,426.0652350079999,4,8,Cc1ccc(cn1)c1ncc(Cl)cc1c1ccc(cc1)S(C)(=O)=O.OO.OO
KIPLEC,4.160300000000003,481.26890460000004,3,6,CCCCC(=O)N(Cc1ccc(cc1)c1ccccc1C1=NN=NN1)C(C(C)C)C(O)=O.CCO
KIPLIG,4.161700000000002,435.22703978800007,2,5,CCCCC(=O)N(Cc1ccc(cc1)c1ccccc1C1=NN=NN1)C(C(C)C)C(O)=O
KIPMAA,1.3925999999999998,402.13617618399996,1,6,CC(C)COc1ccc(cc1C#N)C1=NC(=C(S1)C(=O)[O-])C.N1C=[NH+]C=C1.O
KIPPEE,-1.2297999999999996,147.09019339999998,2,0,F[Be-2](F)(F)F.[NH3+]CC[NH3+]
KIQZAO,-2.9356999999999998,233.050866324,3,7,O=N(=O)C1=NN([O-])C(=C1)N(=O)=O.NC(N)=[NH2+]
KIQZES,-2.9356999999999998,233.050866324,3,7,O=N(=O)C1=CN([O-])N=C1N(=O)=O.NC(N)=[NH2+]
KISYEU,-2.200399999999993,485.1991962459999,3,4,F[Si-2](F)(F)(F)(F)F.C[NH2+]CC(=O)[O-].C[N+](C)(C)CC(O)=O.C[N+](C)(C)CC(O)=O.O
KISYIY,-2.665899999999998,321.07107638991,3,3,F[Si-2](F)(F)(F)(F)F.[NH3+]CC(O)=O.C[NH+](C)CC(=O)[O-]
KIWBEY,3.4817000000000027,323.163376912,1,2,NC(=O)N1c2ccccc2C=Cc2ccccc12.CN(C)C(C)=O
KIWBIC,3.6258000000000026,335.163376912,1,2,NC(=O)N1c2ccccc2C=Cc2ccccc12.CN1CCCC1=O
KIWBOI,3.2801000000000027,297.11134133999997,1,3,NC(=O)N1c2ccccc2C=Cc2ccccc12.CN(=O)=O
KIWQUC,-1.5974799999999973,342.107932608,1,6,COc1c(C)c2COC(=O)c2c(O)c1CC=C(C)CCC(=O)[O-].[Na+]
KIXCIE,2.4146,379.001427812,2,4,Oc1cccc2ccc[nH+]c12.OC(=O)c1cc(Cl)c(Cl)cc1C(=O)[O-]
KIXJIK,-4.3013999999999974,326.16891579200006,4,6,OC(=O)CCC(=O)[O-].OC(=O)CCC(=O)[O-].[NH3+]CC.[NH3+]CC
KIXJUW,-1.8092999999999981,191.115758024,2,3,OC(=O)CCC(=O)[O-].CC[NH2+]CC
KIXRAO,3.536400000000002,456.14203234799993,3,9,COC(=O)c1ccc(O)cc1.COC(=O)c1ccc(O)cc1.COC(=O)c1ccc(O)cc1
KIYLOX,2.1864799999999995,409.13861870800014,2,7,OC(=O)CC(O)=O.CCN(C(C)=O)c1cccc(c1)C1=CC=NC2=C(C=NN12)C#N
KIYZAX,2.3525799999999997,421.13861870799997,2,7,CCN(C(C)=O)c1cccc(c1)C1=CC=NC2=C(C=NN12)C#N.OC(=O)C=CC(O)=O
KIYZEB,2.8990800000000023,489.1648334560001,2,7,OC(=O)c1ccc(cc1)C(O)=O.CCN(C(C)=O)c1cccc(c1)C1=CC=NC2=C(C=NN12)C#N.O
KIYZIF,1.7963799999999999,395.12296864399997,2,7,CCN(C(C)=O)c1cccc(c1)C1=CC=NC2=C(C=NN12)C#N.OC(=O)C(O)=O
KIZBOO,-2.165499999999999,268.94385824400007,2,4,O[Se](=O)(=O)[O-].OC(=O)c1c[nH+]ccc1
KIZXAW,4.590320000000003,493.2590086120001,2,7,CN1CCN(CC1)Cc1ccc(cc1)C(=O)Nc1ccc(C)c(Nc2nccc(n2)c2cccnc2)c1
KIZXAW01,4.590320000000003,493.2590086120001,2,7,CN1CCN(CC1)Cc1ccc(cc1)C(=O)Nc1ccc(C)c(Nc2nccc(n2)c2cccnc2)c1
KIZXAW03,4.590320000000003,493.2590086120001,2,7,CN1CCN(CC1)Cc1ccc(cc1)C(=O)Nc1ccc(C)c(Nc2nccc(n2)c2cccnc2)c1
KIZYAV,2.0069999999999997,273.11134134,3,4,Nc1ccc(cc1)C(O)=O.CC(=O)Nc1ccccn1
KIZYEZ,2.4248000000000003,258.100442308,2,3,OC(=O)c1ccccc1.CC(=O)Nc1ccccn1
KIZYEZ01,2.4248000000000003,258.100442308,2,3,CC(=O)Nc1ccccn1.OC(=O)c1ccccc1
KIZYID,2.3154200000000005,287.126991404,3,4,Nc1ccc(cc1)C(O)=O.CC(=O)Nc1cccc(C)n1
KIZYUP,0.8683999999999998,281.11642672,2,4,Nc1ccc(cc1)C(=O)[O-].Nc1ccc2[nH+]cccc2c1
KOBBEK,0.8828400000000023,460.21105537600005,2,6,O=C([O-])c1ccccc1.Cc1[nH+]c(N)ccc1.O=C([O-])c1ccccc1.Cc1[nH+]c(N)ccc1
KOBFUD,-0.12979999999999986,270.10899032,4,8,Nc1ncnc2NC=Nc12.Nc1ncnc2NC=Nc12
KOBFUD01,-0.0648999999999999,135.05449516,2,4,Nc1ncnc2NC=Nc12
KODPUS,-3.0377,230.07366743199998,3,7,O=N(=O)[N-]N1N=NN=C1N=[N+]=[N-].NC(N)=[NH2+]
KOFCEP,-4.153599999999997,204.08774612791,1,5,O=C([O-])CCC(=O)[O-].[NH2+]1CCOCC1
KOFSIL,-2.3418799999999953,318.12494280399994,2,5,[NH3+]CCCCC([NH3+])C(=O)[O-].Cc1ccc(cc1)S(=O)(=O)[O-]
KOFWIO,0.9454999999999996,286.078202366,1,3,F[P-](F)(F)(F)(F)F.C1[NH+]2CN3CN1CN(C2)C3
KOHMID,-2.7688999999999986,124.07166760009,2,3,[NH3+]CC[NH3+].O=N(=O)[O-]
KOHMID01,-2.7688999999999995,124.07166760008998,2,3,O=N(=O)[O-].[NH3+]CC[NH3+]
KOHPOM,-6.0388000000000055,381.15146857990993,4,8,[NH3+]CCCCC([NH3+])C(=O)[O-].O=C([O-])CCC(=O)[O-].OC(=O)CCC(O)=O
KOHPUS,-4.639899999999996,264.13213636,3,5,[NH3+]CCCCC([NH3+])C(=O)[O-].OC(=O)CCC(=O)[O-]
KOHPUW,-0.3993000000000009,279.0767674,3,6,NC(=O)c1nc(F)cnc1O.NC(=O)c1ccncc1
KOHPUW01,-0.3993000000000009,279.0767674,3,6,NC(=O)c1nc(F)cnc1O.NC(=O)c1ccncc1
KOJWOZ,0.20979999999999943,354.0538421839999,4,7,OB(O)c1ccc(Cl)cc1.NC(=O)NN=CC1=CC=C(O1)N(=O)=O
KOLSEK,3.8701000000000016,346.13174243599997,2,5,O=C(C=Cc1ccncc1)C=Cc1ccncc1.Oc1cccc(O)c1
KOLVIR,2.210700000000001,453.168241444,2,1,[Cl-].CC([NH2+]CCCc1cccc(c1)C(F)(F)F)c1cccc2ccccc12.CC(O)=O
KOMJOO,2.1459200000000003,185.084063972,0,2,CC1=CN(C(=O)C=C1)c1ccccc1
KOMJOO01,2.1459200000000003,185.084063972,0,2,CC1=CN(C(=O)C=C1)c1ccccc1
KOMQIN,-7.035700000000001,181.01735264799999,2,1,[Cl-].[Cl-].[NH3+]c1c[nH+]ccc1N
KOMQIN01,-7.035700000000001,181.01735264799999,2,1,[Cl-].[Cl-].[NH3+]c1c[nH+]ccc1N
KONDUQ,-3.9726999999999935,494.0803517119999,4,6,O=[Se](=O)([O-])[O-].[NH3+]C(Cc1ccccc1)C(O)=O.[NH3+]C(Cc1ccccc1)C(O)=O.O
KONNOQ,-0.4704799999999991,323.148120772,2,6,CC1=CN(C2OC(CO)C=C2)C(=O)NC1=O.CN1CCCC1=O
KOPKEH,3.2340000000000013,294.10044230799997,2,4,c1cc(ccn1)c1ccncc1.OC(=O)c1ccccc1O
KOPKEH01,3.234000000000001,294.100442308,2,4,OC(=O)c1ccccc1O.c1cc(ccn1)c1ccncc1
KOPKEH02,3.2340000000000013,294.10044230799997,2,4,c1cc(ccn1)c1ccncc1.OC(=O)c1ccccc1O
KORRAN,1.1900000000000002,429.2275139640001,3,8,CC1COc2c(N3CCN(C)CC3)c(F)cc3C(=O)C(=CN1c23)C(O)=O.OCCO.[H].[H].[H].[H].[H].[H]
KORYOF,0.22550000000000053,273.11134134,2,4,O=N(=O)[O-].C1C[NH+]=C(Cc2cccc3ccccc23)N1
KORYOF01,0.22550000000000053,273.11134134,2,4,C1C[NH+]=C(Cc2cccc3ccccc23)N1.O=N(=O)[O-]
KOSNEO,0.4583000000000026,474.07990093991003,3,6,O=S(=O)([O-])c1ccc2cc(ccc2c1)S(=O)(=O)[O-].NC(N)=[NH2+].C1=CC=C2C=CC=C2C=C1
KOSNIS,1.7645000000000006,443.1878774080001,3,4,O=S(=O)([O-])c1ccc(cc1)c1ccccc1.CC(=C)C1CC=C(C)C(=O)C1.NC(N)=[NH2+]
KOSPUD,-2.7692999999999968,240.048797096,1,2,[Cl-].C1CN2CC([NH+]=C2S1)c1ccccc1
KOSPUD10,-2.7692999999999977,240.048797096,1,2,C1CN2CC([NH+]=C2S1)c1ccccc1.[Cl-]
KOSYIA,3.877600000000002,475.108214986,2,5,CC1(C)COP(=O)([O-])OC1c1c(Cl)cccc1Cl.C[NH2+]C(C)C(O)c1ccccc1
KOSYOG,3.052900000000001,493.11877967,2,5,CC1(C)COP(=O)([O-])OC1c1c(Cl)cccc1Cl.C[NH2+]C(C)C(O)c1ccccc1.O
KOTQAP,4.777400000000004,428.23245951600006,1,5,CCCCC1=NC2(CCCC2)C(=O)N1Cc1ccc(cc1)c1ccccc1C1=NN=NN1
KOTQAP01,3.952700000000003,446.24302420000004,1,5,CCCCC1=NC2(CCCC2)C(=O)N1Cc1ccc(cc1)c1ccccc1C1=NN=NN1.O
KOVSAR,-0.1329999999999978,392.14443236000005,4,8,OC(=O)CCCCC(O)=O.NC(=O)c1cnccn1.NC(=O)c1cnccn1
KOVSEV,1.8518999999999997,325.1637708360001,3,5,OC(=O)CCCCCCCCC(O)=O.NC(=O)c1cnccn1
KOVSIZ,-0.8677999999999997,297.059699692,4,6,NC(=O)c1cnccn1.OC(=O)CC(=CC(O)=O)C(O)=O
KOXDOT,0.8798199999999996,194.141913196,3,3,Cc1cccc(O)c1.C1CNCCN1
KOXDUZ,0.8798199999999998,194.141913196,3,3,Cc1ccccc1O.C1CNCCN1
KOXFAH,0.8798199999999996,194.141913196,3,3,Cc1ccc(O)cc1.C1CNCCN1
KOYWAW,0.16970000000000046,332.09681347199995,1,8,C[N+](C)(C)CCO.O=N(=O)c1cc(c([O-])c(c1)N(=O)=O)N(=O)=O
KOYXUR02,-0.8407,202.02406662190998,3,0,F[Si-2](F)(F)(F)(F)F.NC(N)=[NH2+]
KPALMA,1.2215999999999998,294.196111912,0,2,CCCCCCCCCCCCCCCC(=O)[O-].[K+]
KTHSUC,-4.4590999999999985,274.0090989920001,3,5,OC(=O)CCC(=O)[O-].OC(=O)CCC(O)=O.[K+]
KUBPEF,-3.1337999999999964,404.1928453520901,4,7,COc1cc(C=CC(=O)[O-])ccc1O.NC(=O)c1cnccn1.[NH2+]1CC[NH2+]CC1
KUDBAQ,-3.4691,293.07601845199997,4,6,NNC(=O)c1cc[nH+]cc1.O=C1NC(=O)C=C(N1)C(=O)[O-]
KUDDIA,3.036500000000001,230.094294308,1,2,COc1ccc2cc(ccc2c1)C(C)C(O)=O
KUDFIA,-1.1599999999999981,210.136827816,1,3,O=C([O-])c1ccccc1.[NH3+]CCN(C)C
KUDRUZ,0.8954199999999994,297.0960852,4,8,CC1=NC=C(N1CCO)N(=O)=O.Oc1cccc(O)c1O
KUDYAN,0.20740000000000014,232.044383976,4,7,OO.NC(=O)NN=CC1=CC=C(O1)N(=O)=O
KUFBET,-4.580599999999995,258.157957184,2,4,[NH2+]1CC[NH2+]CC1.O=C([O-])C1CCC(CC1)C(=O)[O-]
KUFBIX,-3.1248999999999967,253.11828344409,3,3,[NH2+]1CC[NH2+]CC1.OC(=O)c1cccc(c1)C(=O)[O-]
KUFBIX01,-3.1248999999999976,253.11828344409,3,3,OC(=O)c1cccc(c1)C(=O)[O-].[NH2+]1CC[NH2+]CC1
KUFBOD,-3.6136999999999952,311.16014825609005,3,3,Oc1ccc2cc(ccc2c1)C(=O)[O-].O.O.[NH2+]1CC[NH2+]CC1
KUFBUJ,-1.9642999999999973,275.13901888809,3,3,Oc1c(ccc2ccccc12)C(=O)[O-].[NH2+]1CC[NH2+]CC1
KUFWOZ,1.3156999999999996,391.077281404,4,6,Nc1ccc(cc1)S(=O)(=O)N=C1NC=CS1.NC(=O)c1ccc(N)cc1
KUHTUE,1.7072,382.15287180400003,2,5,Oc1ccccc1C(=O)[O-].OC(=O)c1ccccc1.CN(C)c1cc[nH+]cc1
KUHVAM,2.3606,416.11389945200006,2,5,OC(=O)c1ccc(Cl)cc1.Oc1ccccc1C(=O)[O-].CN(C)c1cc[nH+]cc1
KUHVEQ,1.4127999999999994,398.14778642400006,3,6,OC(=O)c1ccc(O)cc1.Oc1ccccc1C(=O)[O-].CN(C)c1cc[nH+]cc1
KUHZAO,4.575300000000004,384.23005950399994,0,4,CC(=O)OC1(CCC2C3C=C(C)C4=CC(=O)CCC4(C)C3CCC12C)C(C)=O
KUJDEA,0.32239999999999985,260.116092372,1,4,Oc1ccccc1C(=O)[O-].CN(C)c1cc[nH+]cc1
KUJDIE,1.4127999999999998,398.14778642400006,3,6,Oc1ccccc1C(=O)[O-].OC(=O)c1ccccc1O.CN(C)c1cc[nH+]cc1
KUJKUV,-10.385900000000008,368.190713856,4,8,[NH3+]C(CCC(=O)[O-])C(=O)[O-].[NH3+]C(CCC(=O)[O-])C(=O)[O-].[NH3+]CCC[NH3+]
KUJLAC,-10.385900000000008,368.190713856,4,8,[NH3+]C(CCC(=O)[O-])C(=O)[O-].[NH3+]C(CCC(=O)[O-])C(=O)[O-].[NH3+]CCC[NH3+]
KUJZEU,-8.768500000000001,205.056231384,1,4,[Na+].[NH3+]C(CCC(=O)[O-])C(=O)[O-].O.O
KUKCIC,0.716839999999999,249.032334016,1,2,ClC(Cl)C(=O)[O-].[NH3+]c1cccc(C)c1C
KUKCUO,0.716839999999999,249.032334016,1,2,ClC(Cl)C(=O)[O-].[NH3+]c1ccc(C)cc1C
KUKHIL01,1.6574999999999998,388.0340771119999,3,7,NC1=[NH+]c2ccc(OC(F)(F)F)cc2S1.Oc1cccc(O)c1C(=O)[O-]
KUKPIT,4.952600000000005,350.2569429479999,2,3,NC(=O)c1cccnc1.CCCCCCCCCCCCCC(O)=O
KUKROZ,4.389380000000002,367.01266119200005,2,5,Oc1ccc(Cl)cc1C(=O)Nc1ccc(cc1Cl)N(=O)=O.CC#N
KUKYUM,2.163200000000001,421.16560067599994,1,5,CC(C)(Oc1ccc(cc1)C(=O)c1ccc(Cl)cc1)C(=O)[O-].C[N+](C)(C)CCO
KUKYUM01,2.163200000000001,421.16560067599994,1,5,CC(C)(Oc1ccc(cc1)C(=O)c1ccc(Cl)cc1)C(=O)[O-].C[N+](C)(C)CCO
KUMLIR,0.5646999999999998,476.1098766919999,4,7,CCc1[nH+]c(N)nc(N)c1c1ccc(Cl)cc1.OC(=O)c1cc(cc(c1)C(=O)[O-])C(O)=O.O
KUMRER,-1.011899999999999,228.085854864,2,8,CN1C=NC2=C1C(=O)N(C)C(=O)N2C.OO
KUNTUK,3.7828000000000017,381.16885621600005,4,5,CC(=O)Nc1ccc(O)cc1.CC(=O)Nc1ccc(O)cc1.c1ccncc1
KUNTUK01,3.7828000000000017,381.16885621600005,4,5,CC(=O)Nc1ccc(O)cc1.CC(=O)Nc1ccc(O)cc1.c1ccncc1
KUNTUK02,3.7828000000000017,381.16885621600005,4,5,CC(=O)Nc1ccc(O)cc1.CC(=O)Nc1ccc(O)cc1.c1ccncc1
KUNTUK03,3.7828000000000017,381.16885621600005,4,5,CC(=O)Nc1ccc(O)cc1.CC(=O)Nc1ccc(O)cc1.c1ccncc1
KUNTUK04,3.7828000000000017,381.16885621600005,4,5,CC(=O)Nc1ccc(O)cc1.CC(=O)Nc1ccc(O)cc1.c1ccncc1
KUNTUK05,3.7828000000000017,381.16885621600005,4,5,CC(=O)Nc1ccc(O)cc1.CC(=O)Nc1ccc(O)cc1.c1ccncc1
KUNTUK06,3.7828000000000017,381.16885621600005,4,5,CC(=O)Nc1ccc(O)cc1.CC(=O)Nc1ccc(O)cc1.c1ccncc1
KUNTUK07,3.7828000000000017,381.16885621600005,4,5,CC(=O)Nc1ccc(O)cc1.CC(=O)Nc1ccc(O)cc1.c1ccncc1
KUPJEN,0.4262999999999999,139.063328528,1,2,O=C([O-])c1ccccc1.[NH4+]
KUQDAC,2.3183999999999996,312.195011388,1,4,CN1C2CCCC1CC(C2)NC(=O)C1=NN(C)c2ccccc12
KUQDAC01,2.3183999999999996,312.195011388,1,4,CN1C2CCCC1CC(C2)NC(=O)C1=NN(C)c2ccccc12
KUQPAQ,-1.1243999999999987,273.068719524,1,1,C[NH2+]C1(CCCCC1=O)c1ccccc1Cl.[Cl-]
KUQPAQ01,-1.1243999999999978,273.068719524,1,1,[Cl-].C[NH2+]C1(CCCCC1=O)c1ccccc1Cl
KUQQUJ,2.3014200000000002,384.13530359199996,2,5,CCc1[nH+]c(N)nc(N)c1c1ccc(Cl)cc1.Cc1ccc(cc1)C(=O)[O-]
KUQRAQ,1.0936000000000001,387.109817116,3,7,CCc1[nH+]c(N)nc(N)c1c1ccc(Cl)cc1.Oc1cccnc1C(=O)[O-]
KUQREU,3.299800000000001,438.04170882399995,2,5,CCc1[nH+]c(N)nc(N)c1c1ccc(Cl)cc1.Clc1ccc(c(Cl)c1)C(=O)[O-]
KUQREU01,3.299800000000001,438.04170882399995,2,5,CCc1[nH+]c(N)nc(N)c1c1ccc(Cl)cc1.Clc1ccc(c(Cl)c1)C(=O)[O-]
KUQTAS,-0.7984,144.089877624,2,2,Nc1ccc(N)cc1.O.O
KURJAK,-2.1364999999999963,215.030961548,1,0,[Br-].[NH3+]C(C)Cc1ccccc1
KUSYON,1.0416999999999998,282.04227579999997,1,5,N1C(=[NH+]c2ccccc12)C1=CSC=N1.O=N(=O)[O-].O
KUTCOV,-2.2670999999999983,273.08485182000004,2,5,[NH3+]c1ccc(cc1)C(=O)OCC.OC(=O)C(=O)[O-].O
KUTDAI,-2.241599999999999,103.063328528,1,2,[NH3+]CCCC(=O)[O-]
KUTDEM,-4.547399999999999,324.15326572799995,4,6,O=C([O-])CCC(=O)[O-].[NH3+]CCCC(O)=O.[NH3+]CCCC(O)=O
KUTDIQ,-2.305799999999998,221.0899372,3,4,OC(=O)CCC(=O)[O-].[NH3+]CCCC(O)=O
KUTDOW,-2.3040999999999965,286.12961093991,2,5,O=C([O-])C=CC(=O)[O-].[NH3+]CC1(CCCCC1)CC(O)=O
KUTDUC,-0.7453999999999978,289.152537456,3,4,[NH3+]CC1(CCCCC1)CC(=O)[O-].OC(=O)CCC(O)=O
KUTFAK,-3.864499999999998,218.06701068391,2,5,O=C([O-])C=CC(=O)[O-].[NH3+]CCCC(O)=O
KUTJAM,0.33060000000000095,454.11717205599996,3,9,Nc1[nH+]c2nc(N)c(nc2c(N)n1)c1ccccc1.O=C1[N-]S(=O)(=O)c2ccccc12.O
KUTJIU,-0.27759999999999896,405.15493746799996,4,9,Nc1[nH+]c2nc(N)c(nc2c(N)n1)c1ccccc1.OC(C(=O)[O-])c1ccccc1
KUTXUW,2.1713200000000006,464.069850296,4,8,CN1C(=C(O)c2ccccc2S1(=O)=O)C(=O)NC1=NC=C(C)S1.OC(=O)C1=CNN=C1.[H]
KUVLAP,0.5676999999999999,323.0501976280001,1,8,O=N(=O)c1cc(c([O-])c(c1)N(=O)=O)N(=O)=O.Nc1cc[nH+]cc1
KUVLAP01,0.5676999999999999,323.0501976280001,1,8,O=N(=O)c1cc(c([O-])c(c1)N(=O)=O)N(=O)=O.Nc1cc[nH+]cc1
KUVQEY,3.5556200000000016,226.990469204,1,2,Cc1ccc2c(Cl)cc(Cl)c(O)c2n1
KUVYUW,3.248400000000002,333.03795555199997,1,2,FC(F)(F)C1(OC(=O)Nc2ccc(Cl)cc12)C#CC1CC1.O
KUWQIF,-3.3005999999999958,370.148849044,3,8,COC12C(COC(N)=O)C3=C(N1CC1NC21)C(=O)C(=C(N)C3=O)C.O.O
KUYRAX,-7.704900000000002,229.990218932,3,3,[Br-].[NH3+]CC(=O)[O-].[NH3+]CC(O)=O
KUYZUA,0.7498399999999996,244.121177752,1,3,O=C([O-])c1ccccc1.Cc1[nH+]c(N)cc(C)c1
KUZQOM,-6.051199999999997,279.12991074809,4,4,OC(=O)C1=CC(=NN1)C(=O)[O-].[NH2+]1CC[NH2+]CC1.O.O
KUZZAH,3.2433000000000014,346.142975816,1,5,c1cc(ccn1)C=NN=Cc1ccncc1.OC(=O)Cc1ccccc1
LABJON,0.07349999999999995,238.033819292,1,6,O=C1CN(N=CC2=CC=C(O2)N(=O)=O)C(=O)N1
LABJON01,0.07349999999999995,238.033819292,1,6,O=C1CN(N=CC2=CC=C(O2)N(=O)=O)C(=O)N1
LABJON02,0.07349999999999995,238.033819292,1,6,O=C1CN(N=CC2=CC=C(O2)N(=O)=O)C(=O)N1
LABJON04,0.07349999999999995,238.033819292,1,6,O=C1CN(N=CC2=CC=C(O2)N(=O)=O)C(=O)N1
LABJON05,0.07349999999999995,238.033819292,1,6,O=C1CN(N=CC2=CC=C(O2)N(=O)=O)C(=O)N1
LABJON06,0.07349999999999995,238.033819292,1,6,O=C1CN(N=CC2=CC=C(O2)N(=O)=O)C(=O)N1
LABJON07,0.07349999999999995,238.033819292,1,6,O=C1CN(N=CC2=CC=C(O2)N(=O)=O)C(=O)N1
LABJON08,0.07349999999999995,238.033819292,1,6,O=C1CN(N=CC2=CC=C(O2)N(=O)=O)C(=O)N1
LABJOR,0.0711999999999996,369.09791504,3,4,[NH3+]CC(CC(=O)[O-])c1ccc(Cl)cc1.OC(=O)c1ccccc1O.O
LABKAA,2.6346999999999996,357.27984258,0,0,[Cl-].O.CCCCCCCCCCCCCCCC[n+]1ccccc1
LABSEM01,-2.9583999999999993,157.014008986,3,3,OP(=O)[O-].[NH3+]CC(O)=O
LABSEM06,-2.9583999999999993,157.014008986,3,3,OP(=O)[O-].[NH3+]CC(O)=O
LABSEM07,-2.9583999999999993,157.014008986,3,3,OP(=O)[O-].[NH3+]CC(O)=O
LABSEM08,-2.9584,157.014008986,3,3,[NH3+]CC(O)=O.OP(=O)[O-]
LABSEM09,-2.9584,157.014008986,3,3,[NH3+]CC(O)=O.OP(=O)[O-]
LABSEM10,-2.9584,157.014008986,3,3,[NH3+]CC(O)=O.OP(=O)[O-]
LABSEM11,-2.9584,157.014008986,3,3,[NH3+]CC(O)=O.OP(=O)[O-]
LABSEM12,-2.9584,157.014008986,3,3,[NH3+]CC(O)=O.OP(=O)[O-]
LABSEM13,-2.9584,157.014008986,3,3,[NH3+]CC(O)=O.OP(=O)[O-]
LABSEM14,-2.9584,157.014008986,3,3,[NH3+]CC(O)=O.OP(=O)[O-]
LABSEM15,-2.9584,157.014008986,3,3,[NH3+]CC(O)=O.OP(=O)[O-]
LABSEM16,-2.9584,157.014008986,3,3,[NH3+]CC(O)=O.OP(=O)[O-]
LABSEM17,-2.9584,157.014008986,3,3,[NH3+]CC(O)=O.OP(=O)[O-]
LABSEM18,-2.9584,157.014008986,3,3,[NH3+]CC(O)=O.OP(=O)[O-]
LABSEM19,-2.9584,157.014008986,3,3,[NH3+]CC(O)=O.OP(=O)[O-]
LABSEM20,-2.9584,157.014008986,3,3,[NH3+]CC(O)=O.OP(=O)[O-]
LABSEM21,-2.9584,157.014008986,3,3,[NH3+]CC(O)=O.OP(=O)[O-]
LABSEM22,-2.9584,157.014008986,3,3,[NH3+]CC(O)=O.OP(=O)[O-]
LABSEM23,-2.9584,157.014008986,3,3,[NH3+]CC(O)=O.OP(=O)[O-]
LABSEM24,-2.9584,157.014008986,3,3,[NH3+]CC(O)=O.OP(=O)[O-]
LABSEM94,-2.9584,157.014008986,3,3,[NH3+]CC(O)=O.OP(=O)[O-]
LABSEM95,-2.9584,157.014008986,3,3,[NH3+]CC(O)=O.OP(=O)[O-]
LABSEM96,-2.9584,157.014008986,3,3,[NH3+]CC(O)=O.OP(=O)[O-]
LABSEM97,-2.9584,157.014008986,3,3,[NH3+]CC(O)=O.OP(=O)[O-]
LABZUJ,-2.6020999999999965,233.0899372,3,4,O=C([O-])C1[NH2+]CCC1.OC(=O)CCC(O)=O
LACBAS,-6.375699999999997,348.1281135999999,4,6,[NH3+]CC(=O)NC(CC1=C[NH+]=CN1)C(=O)[O-].OC(=O)CCC(=O)[O-].O
LACSUG,1.1492,233.080041212,3,5,Nc1ccc(C(O)=O)c(O)c1.c1cnccn1
LACTAN,1.1492,233.080041212,3,5,Nc1ccc(C(O)=O)c(O)c1.c1cncnc1
LACTEO,-1.9609999999999996,220.024908018,3,3,OP(O)(=O)[O-].NC(=O)c1c[nH+]ccc1
LACTEO01,-1.9609999999999996,220.024908018,3,3,OP(O)(=O)[O-].NC(=O)c1c[nH+]ccc1
LACTER,1.1492,233.080041212,3,5,Nc1ccc(C(O)=O)c(O)c1.c1ccnnc1
LACTOB,3.9486000000000017,373.0554833399999,3,7,S(Sc1ccncc1)c1ccncc1.Nc1ccc(C(O)=O)c(O)c1
LACTUH,3.3245000000000022,351.1582915320001,3,5,Nc1ccc(C(O)=O)c(O)c1.C(Cc1ccncc1)Cc1ccncc1
LACVUJ,-0.5791999999999999,247.095691276,3,5,Nc1ccc(c(O)c1)C(=O)[O-].Nc1c[nH+]ccc1
LACWAQ,0.08460000000000073,341.148789468,4,7,Nc1ccc(c(O)c1)C(=O)[O-].Nc1c[nH+]ccc1.Nc1cccnc1
LACWEU,1.62588,257.080041212,3,5,Nc1ccc(C(O)=O)c(O)c1.N#Cc1ccncc1
LACWIY,1.1492,233.080041212,3,5,Nc1ccc(C(O)=O)c(O)c1.c1cnccn1
LADDIF,1.7382999999999997,332.000783616,3,4,CC(=O)Nc1ccc(Br)cn1.OC(=O)CCC(O)=O
LADTIT,3.1783400000000013,200.131348512,1,1,CC(C1=CNC=N1)c1cccc(C)c1C
LAGDIG,-2.314299999999994,446.1359014119998,4,6,[NH3+]C(Cc1ccccc1)C(O)=O.[NH3+]C(Cc1ccccc1)C(O)=O.O=S(=O)([O-])[O-].O
LAGTIZ,-0.9391000000000009,276.074621484,3,5,NC(=O)c1c[nH+]ccc1.Oc1cccc(C(=O)[O-])c1O
LAGTOF,-0.9391000000000009,276.074621484,3,5,NC(=O)c1c[nH+]ccc1.Oc1cccc(O)c1C(=O)[O-]
LAGTOF01,-0.9390999999999998,276.074621484,3,5,Oc1cccc(O)c1C(=O)[O-].NC(=O)c1c[nH+]ccc1
LAGTOF02,-0.9390999999999998,276.074621484,3,5,Oc1cccc(O)c1C(=O)[O-].NC(=O)c1c[nH+]ccc1
LAHCIG,0.05830000000000135,361.163770836,3,6,O=C([O-])CNc1ccc(cc1)N(=O)=O.C[NH2+]C(C)C(O)c1ccccc1
LAHNAN,3.218700000000002,490.1506788839999,2,5,CCOC(=O)N1CCC(CC1)=C1c2ccc(Cl)cc2CCc2cccnc12.OC(=O)C(O)=O.O
LAHNER,-1.9814,258.087666432,4,6,NC1=NC=CC(=O)N1.NC1=NC(=O)NC=C1F.O
LAKLOC,4.902200000000004,464.11544074,1,7,CS(=O)(=O)Nc1ccc(cc1Oc1ccccc1)N(=O)=O.c1cc(ccn1)c1ccncc1
LAKXUS,1.2142999999999995,382.12771967599997,2,8,CN1C=NC2=C1C(=O)N(C)C(=O)N2C.OC(=O)c1c(O)ccc2ccccc12
LANLET,2.4484000000000004,317.06234046,1,4,CC1(C)NC(=O)N(C1=O)c1ccc(c(c1)C(F)(F)F)N(=O)=O
LANLET01,2.4484000000000004,317.06234046,1,4,CC1(C)NC(=O)N(C1=O)c1ccc(c(c1)C(F)(F)F)N(=O)=O
LANLET02,2.4484000000000004,317.06234046,1,4,CC1(C)NC(=O)N(C1=O)c1ccc(c(c1)C(F)(F)F)N(=O)=O
LANYIK,2.8850000000000007,460.0688844719999,3,9,Nc1ccc(cc1)S(=O)(=O)c1ccc(N)cc1.OC(=O)c1cc(cc(c1)N(=O)=O)N(=O)=O
LAPDEO01,3.335300000000002,472.24610349199986,1,7,CCC(=O)OC1(CCC2C3CC(C)C4=CC(=O)C=CC4(C)C3C(O)CC12C)C(=O)COC(C)=O
LAPFIR,-4.605399999999999,238.011973984,4,5,OP(=O)([O-])OP(O)(=O)[O-].[NH3+]CC[NH3+]
LAPNAS,0.44142,230.105527688,1,3,Cc1c[nH+]c(N)cc1.O=C([O-])c1ccccc1
LAPPIC,-0.2848000000000006,231.100776656,2,4,Nc1[nH+]cccc1.Nc1ccc(cc1)C(=O)[O-]
LAPPOI,-2.707999999999995,422.0697301799099,4,8,COCCO.NC(N)=[NH2+].O=S(=O)([O-])c1cccc2c1cccc2S(=O)(=O)[O-]
LAPPUO,-2.333099999999998,346.0173006839099,3,6,NC(N)=[NH2+].O=S(=O)([O-])c1cccc2c1cccc2S(=O)(=O)[O-]
LAPQAV,-2.707999999999995,422.0697301799099,4,8,COCCO.NC(N)=[NH2+].O=S(=O)([O-])c1cccc2c1cccc2S(=O)(=O)[O-]
LAPVEF,3.4151000000000025,446.15901980399997,3,7,OC(=O)c1ccc(cc1)N1N=C(N=C1c1ccccc1O)c1ccccc1O.CN(C)C=O
LAPVEF01,3.4151000000000025,446.15901980399997,3,7,OC(=O)c1ccc(cc1)N1N=C(N=C1c1ccccc1O)c1ccccc1O.CN(C)C=O
LAQBAI,-1.7174999999999956,467.1307351599999,3,5,[Br-].C[N+]1(CCC23C4Oc5c(O)ccc(CC1C2(O)CCC4=O)c35)CC1CC1.CO
LARXIO,-3.931399999999996,370.21038667999994,4,6,O=C([O-])c1ccc(cc1)C(=O)[O-].CCC([NH2+]CC[NH2+]C(CC)CO)CO
LASHEW,-3.334999999999998,237.08485182,4,5,[NH3+]CCCC(O)=O.OC(CC(O)=O)C(=O)[O-]
LASPRT03,-3.1784999999999997,133.037507704,2,3,[NH3+]C(CC(O)=O)C(=O)[O-]
LASPRT04,-3.1784999999999997,133.037507704,2,3,[NH3+]C(CC(O)=O)C(=O)[O-]
LASPRT06,-3.1784999999999988,133.037507704,2,3,[NH3+]C(CC(=O)[O-])C(O)=O
LASPRT07,-3.1784999999999997,133.037507704,2,3,[NH3+]C(CC(O)=O)C(=O)[O-]
LASZAI,-4.170999999999998,265.028789924,2,6,NC1=[NH+]C(=O)N(C=C1)C1CSC(CO)O1.[Cl-]
LASZAI01,-4.170999999999998,265.028789924,2,6,NC1=[NH+]C(=O)N(C=C1)C1CSC(CO)O1.[Cl-]
LASZAI02,-5.579399999999997,265.028789924,3,5,[Cl-].[NH2+]=C1NC(=O)N(C=C1)C1CSC(CO)O1
LASZEM,-4.995699999999996,283.039354608,2,6,[Cl-].NC1=[NH+]C(=O)N(C=C1)C1CSC(CO)O1.O
LASZEM01,-4.995699999999996,283.039354608,2,6,[Cl-].NC1=[NH+]C(=O)N(C=C1)C1CSC(CO)O1.O
LATBIT,-0.7636000000000002,350.122634296,2,8,OC(=O)c1ccc(O)cc1.CN1C=NC2=C1C(=O)N(C)C(=O)N2C.O
LATBOZ,-0.6402000000000004,298.11648629599995,3,4,OC(=O)c1ccc(O)cc1.NC(=O)CN1CCCC1=O.O
LATBUF,-3.7399999999999984,205.050570924,3,1,[Cl-].CC(O)=[NH+]c1ccc(O)cc1.O
LATDIV,1.3828000000000005,381.143704088,3,6,O.O=C(NN=Cc1ccccn1)c1ccncc1.Nc1ccc(cc1)C(O)=O
LATFET,-0.47309999999999974,380.13319897999986,3,6,O=C(NN=Cc1ccncc1)c1ccncc1.OC(=O)CCC(O)=O.O.O
LATFUJ,0.7522999999999995,458.0199509600001,1,9,Nc1ccc(cc1I)N(=O)=O.CN1C=NC2=C1C(=O)N(C)C(=O)N2C
LATGAQ,0.7522999999999993,458.0199509600001,1,9,Nc1ccc(I)c(c1)N(=O)=O.CN1C=NC2=C1C(=O)N(C)C(=O)N2C
LATGEU,0.8010999999999995,366.08433064,1,9,Nc1ccc(Cl)c(c1)N(=O)=O.CN1C=NC2=C1C(=O)N(C)C(=O)N2C
LATGIY,0.28679999999999994,350.11388118,1,9,Nc1ccc(F)c(c1)N(=O)=O.CN1C=NC2=C1C(=O)N(C)C(=O)N2C
LATGUK,0.14770000000000044,332.123302992,1,9,CN1C=NC2=C1C(=O)N(C)C(=O)N2C.Nc1ccc(cc1)N(=O)=O
LATHEV,0.28679999999999994,350.11388118,1,9,Nc1cc(ccc1F)N(=O)=O.CN1C=NC2=C1C(=O)N(C)C(=O)N2C
LATHIZ,0.4027999999999998,379.09281138800003,1,9,OC(=O)c1cc(ccc1F)N(=O)=O.CN1C=NC2=C1C(=O)N(C)C(=O)N2C
LATJAT,2.0793999999999997,274.095356928,2,4,OC(=O)CCC(O)=O.c1ccc(nc1)c1ccccn1
LATJEX,3.1922000000000006,324.0997736119999,2,3,O=C1C(=C1c1ccccc1)c1ccccc1.OC(=O)CCC(O)=O
LATKEY,1.1429999999999998,295.116820644,3,5,CC(C)=NNC(=O)c1ccncc1.OC(=O)CCC(O)=O
LATKIC,1.5331000000000001,309.13247070799997,3,5,CCC(C)=NNC(=O)c1ccncc1.OC(=O)CCC(O)=O
LATKUO,0.7754999999999992,275.090605896,4,5,NNC(=O)c1ccncc1.OC(=O)c1ccccc1O
LATLAV,2.2976000000000005,315.121906024,3,5,CC(C)=NNC(=O)c1ccncc1.OC(=O)c1ccccc1O
LATLEY,2.1119999999999997,356.14845511999994,2,6,C(N1C=CN=C1)c1ccc(CN2C=CN=C2)cc1.OC(=O)CCC(O)=O
LATMEA,0.7003999999999997,232.084792244,2,3,CCC1(C(=O)NC(=O)NC1=O)c1ccccc1
LATQEE,2.977120000000001,398.1590198039999,3,6,Cc1ccnc2N(C3CC3)c3ncccc3C(=O)Nc12.OC(=O)CCCC(O)=O
LATQII,2.3630199999999997,382.1277196759999,3,6,Cc1ccnc2N(C3CC3)c3ncccc3C(=O)Nc12.OC(=O)C=CC(O)=O
LATSUW,-3.853399999999999,252.06259399991,2,6,NNC(=O)c1cc[nH+]cc1.O=C([O-])C=CC(=O)[O-]
LATTAD,-0.6031000000000004,253.069870452,4,5,NNC(=O)c1ccncc1.OC(=O)C=CC(O)=O
LATTAD01,-0.6030999999999986,253.069870452,4,5,OC(=O)C=CC(O)=O.NNC(=O)c1ccncc1
LATTAD02,-0.6030999999999986,253.069870452,4,5,OC(=O)C=CC(O)=O.NNC(=O)c1ccncc1
LATTIL,-0.7127000000000001,239.054220388,3,5,NC(=O)c1cnccn1.OC(=O)C=CC(O)=O
LATTOR,-0.4887000000000004,241.069870452,3,5,NC(=O)c1cnccn1.OC(=O)CCC(O)=O
LATTOR01,-0.48869999999999947,241.069870452,3,5,OC(=O)CCC(O)=O.NC(=O)c1cnccn1
LAURAC,3.991900000000002,200.177630008,1,1,CCCCCCCCCCCC(O)=O
LAURAC04,3.991900000000002,200.177630008,1,1,CCCCCCCCCCCC(O)=O
LAURAC05,3.991900000000002,200.177630008,1,1,CCCCCCCCCCCC(O)=O
LAVQAB,-1.8279999999999985,245.08341234,3,3,CCc1ccc(cc1)S(=O)(=O)[O-].NC(N)=[NH2+]
LAVQEF,-1.4378999999999982,259.099062404,3,3,CCCc1ccc(cc1)S(=O)(=O)[O-].NC(N)=[NH2+]
LAVQOP,0.12250000000000266,315.1616626600001,3,3,CCCCCCCc1ccc(cc1)S(=O)(=O)[O-].NC(N)=[NH2+]
LAVROQ,2.1796000000000006,405.20861285200004,3,3,CCCCCCCCc1ccc(cc1)c1ccc(cc1)S(=O)(=O)[O-].NC(N)=[NH2+]
LAVRUW,2.959800000000001,433.23991298000004,3,3,CCCCCCCCCCc1ccc(cc1)c1ccc(cc1)S(=O)(=O)[O-].NC(N)=[NH2+]
LAVRUW01,2.959800000000001,433.23991298000004,3,3,CCCCCCCCCCc1ccc(cc1)c1ccc(cc1)S(=O)(=O)[O-].NC(N)=[NH2+]
LAWKIE,-1.9187999999999967,273.06709358000006,4,5,[NH3+]C(CS)C(=O)[O-].OC(C(O)=O)c1ccccc1
LAYCET,0.08319999999999972,194.06914218,3,3,Nc1ccc(cc1)C(=O)NCC(O)=O
LAYCET01,0.08319999999999972,194.06914218,3,3,Nc1ccc(cc1)C(=O)NCC(O)=O
LCITHC,-4.865999999999998,211.072368988,4,2,[Cl-].[NH3+]C(CCCNC(N)=O)C(O)=O
LCITHC01,-4.865999999999998,211.072368988,4,2,[Cl-].[NH3+]C(CCCNC(N)=O)C(O)=O
LCYSCC,-9.883400000000004,347.9983336559999,4,4,[Cl-].[Cl-].[NH3+]C(CSSCC([NH3+])C(O)=O)C(O)=O.O.O
LCYSTI10,-4.911399999999999,240.023848864,2,6,[NH3+]C(CSSCC([NH3+])C(=O)[O-])C(=O)[O-]
LCYSTI11,-4.911399999999999,240.023848864,2,6,[NH3+]C(CSSCC([NH3+])C(=O)[O-])C(=O)[O-]
LCYSTI12,-4.911399999999999,240.023848864,2,6,[NH3+]C(CSSCC([NH3+])C(=O)[O-])C(=O)[O-]
LCYSTI13,-4.911399999999999,240.023848864,2,6,[NH3+]C(CSSCC([NH3+])C(=O)[O-])C(=O)[O-]
LCYSTI14,-4.911399999999999,240.023848864,2,6,[NH3+]C(CSSCC([NH3+])C(=O)[O-])C(=O)[O-]
LCYSTI15,-4.911399999999999,240.023848864,2,6,[NH3+]C(CSSCC([NH3+])C(=O)[O-])C(=O)[O-]
LCYSTI16,-4.911399999999999,240.023848864,2,6,[NH3+]C(CSSCC([NH3+])C(=O)[O-])C(=O)[O-]
LCYSTI17,-4.911399999999999,240.023848864,2,6,[NH3+]C(CSSCC([NH3+])C(=O)[O-])C(=O)[O-]
LCYSTI18,-4.911399999999999,240.023848864,2,6,[NH3+]C(CSSCC([NH3+])C(=O)[O-])C(=O)[O-]
LCYSTI19,-4.911399999999999,240.023848864,2,6,[NH3+]C(CSSCC([NH3+])C(=O)[O-])C(=O)[O-]
LCYSTN,-5.446799999999998,242.039498928,4,6,[NH3+]C(CS)C(=O)[O-].[NH3+]C(CS)C(=O)[O-]
LCYSTN04,-5.446799999999998,242.039498928,4,6,[NH3+]C(CS)C(=O)[O-].[NH3+]C(CS)C(=O)[O-]
LCYSTN12,-2.6108999999999996,122.027574496,2,3,[NH3+]C(CS)C(=O)[O-].[H]
LCYSTN21,-2.7233999999999994,121.019749464,2,3,[NH3+]C(CS)C(=O)[O-]
LCYSTN22,-2.7233999999999994,121.019749464,2,3,[NH3+]C(CS)C(=O)[O-]
LCYSTN23,-2.7233999999999994,121.019749464,2,3,[NH3+]C(CS)C(=O)[O-]
LCYSTN24,-2.7233999999999994,121.019749464,2,3,[NH3+]C(CS)C(=O)[O-]
LCYSTN25,-2.7233999999999994,121.019749464,2,3,[NH3+]C(CS)C(=O)[O-]
LCYSTN26,-5.446799999999998,242.039498928,4,6,[NH3+]C(CS)C(=O)[O-].[NH3+]C(CS)C(=O)[O-]
LCYSTN27,-2.7233999999999994,121.019749464,2,3,[NH3+]C(CS)C(=O)[O-]
LCYSTN28,-2.7233999999999994,121.019749464,2,3,[NH3+]C(CS)C(=O)[O-]
LCYSTN29,-2.7233999999999994,121.019749464,2,3,[NH3+]C(CS)C(=O)[O-]
LCYSTN30,-2.7233999999999994,121.019749464,2,3,[NH3+]C(CS)C(=O)[O-]
LCYSTN31,-2.7233999999999994,121.019749464,2,3,[NH3+]C(CS)C(=O)[O-]
LCYSTN32,-2.7233999999999994,121.019749464,2,3,[NH3+]C(CS)C(=O)[O-]
LCYSTN33,-2.7233999999999994,121.019749464,2,3,[NH3+]C(CS)C(=O)[O-]
LCYSTN34,-2.7233999999999994,121.019749464,2,3,[NH3+]C(CS)C(=O)[O-]
LCYSTN35,-2.7233999999999994,121.019749464,2,3,[NH3+]C(CS)C(=O)[O-]
LCYSTN36,-2.7233999999999994,121.019749464,2,3,[NH3+]C(CS)C(=O)[O-]
LCYSTN37,-2.7233999999999994,121.019749464,2,3,[NH3+]C(CS)C(=O)[O-]
LCYSTN38,-2.7233999999999994,121.019749464,2,3,[NH3+]C(CS)C(=O)[O-]
LCYSTN39,-2.7233999999999994,121.019749464,2,3,[NH3+]C(CS)C(=O)[O-]
LDOPAS03,-1.999300000000001,197.068807832,3,4,[NH3+]C(Cc1ccc(O)c(O)c1)C(=O)[O-]
LDOPAS10,-1.999300000000001,197.068807832,3,4,[NH3+]C(Cc1ccc(O)c(O)c1)C(=O)[O-]
LDOPAS11,-1.999300000000001,197.068807832,3,4,[NH3+]C(Cc1ccc(O)c(O)c1)C(=O)[O-]
LECCIF,0.835399999999999,286.027582984,2,3,ClC(Cl)C(=O)[O-].[NH3+]c1cccc2cccc(N)c12
LEDVOH,-1.9750999999999987,346.10846460000005,4,8,OB(O)c1cccc(c1)C(O)=O.CN1C(=O)N(C)C2=C(NC=N2)C1=O
LEDWUO,-3.9305999999999983,277.15064619209,4,4,CCCC1=NC(=C(N1)C(=O)[O-])C(O)=O.[NH3+]CC[NH3+].O
LEFHEL,-6.346600000000001,275.07272106009,4,2,[I-].[NH3+]CCNCCNCC[NH3+]
LEFHIP,-3.156499999999995,311.20776714409,3,5,[NH3+]CCN1CCN(CC[NH3+])CC1.Oc1ccccc1C(=O)[O-]
LEHMIV,2.6585199999999993,227.105862036,2,3,Oc1cccc2cccnc12.CC1=CN=CN1
LEJGAM,-1.134699999999996,293.22235458809,2,2,CC(C)Cc1ccc(cc1)C(C)C(=O)[O-].[NH2+]1CC[NH2+]CC1
LEJGEQ,0.15760000000000246,443.17991839609005,2,3,CC1=C(CC(=O)[O-])c2cc(F)ccc2C1=Cc1ccc(cc1)S(C)=O.[NH2+]1CC[NH2+]CC1
LEJGIU,-0.28057999999999694,444.1684604440901,2,5,COc1ccc2N(C(=C(CC(=O)[O-])c2c1)C)C(=O)c1ccc(Cl)cc1.[NH2+]1CC[NH2+]CC1
LEJRIB,-1.2034999999999991,305.064785072,3,6,OC(=O)c1nccnc1C(=O)[O-].[NH3+]c1ccc(cc1)C(O)=O
LEJZEG,-1.9703999999999973,270.09068879209,2,3,O=C1[N-]S(=O)(=O)c2ccccc12.[NH2+]1CC[NH2+]CC1
LEJZEG01,-1.9703999999999955,270.09068879209,2,3,[NH2+]1CC[NH2+]CC1.O=C1[N-]S(=O)(=O)c2ccccc12
LEKLEW,-3.3964999999999987,245.009100036,1,5,Oc1cccc2ccc[nH+]c12.O=[Cl](=O)(=O)[O-]
LEKRIC,-3.0817999999999954,250.152871804,3,5,CC(=O)NC(CO)C(=O)[O-].C[N+](C)(C)CCO
LEKROI,-3.772399999999996,253.116151948,4,6,OC(C(O)C(=O)[O-])C(O)=O.C[N+](C)(C)CCO
LEKROI01,-3.772399999999996,253.116151948,4,6,OC(C(O)C(=O)[O-])C(O)=O.C[N+](C)(C)CCO
LEKRUO,-0.8313999999999968,310.18925731199994,2,4,C[N+](C)(C)CCO.CC(=O)NC(Cc1ccccc1)C(=O)[O-]
LEKSAV,-2.216599999999994,372.226036744,2,6,O=C([O-])c1ccccc1C(=O)[O-].C[N+](C)(C)CCO.C[N+](C)(C)CCO
LENBOZ,-1.4318999999999975,476.17072735999994,3,8,CCN1C=C(C(O)=O)C(=O)c2cc(F)c(nc12)N1CC[NH2+]CC1.Oc1cccc(c1)C(=O)[O-].O
LENGAP02,-3.6042999999999967,248.173607248,2,4,[NH3+]C(C(C)C)C(=O)[O-].[NH3+]C(CC(C)C)C(=O)[O-]
LENGIX,-3.6042999999999967,248.173607248,2,4,[NH3+]C(C(C)CC)C(=O)[O-].[NH3+]C(C(C)C)C(=O)[O-]
LENKEV,2.6464000000000008,404.0806811759999,2,5,CCc1[nH+]c(N)nc(N)c1c1ccc(Cl)cc1.Clc1cccc(c1)C(=O)[O-]
LEPNEB,-17.322399999999995,464.17831125381986,0,8,C1N2CN3CN1CN(C2)C3.C1N2CN3CN1CN(C2)C3.[OH2][Li+]([OH2])([OH2])[OH2].[Cl-].[Cl-].[Cl-]
LEPNIF,-10.310600000000004,346.06893267,0,4,[OH2][Li+]([OH2])([OH2])[OH2].C1N2CN3CN1CN(C2)C3.[I-]
LEQVOS,1.7524000000000002,324.02797690799997,1,4,Clc1cc(cc(Cl)c1[O-])N(=O)=O.C[N+](C)(C)CC(O)=O
LESQOR,2.7694400000000003,445.10560432799997,3,8,Cc1cc(C)nc(NS(=O)(=O)c2ccc(N)cc2)n1.OC(=O)c1ccccc1N(=O)=O
LETBOF,3.3148000000000026,401.06191989200005,1,3,CS(=O)(=O)[O-].C[NH2+]C1CCC(c2ccc(Cl)c(Cl)c2)c2ccccc12
LETBUL,0.8810999999999996,457.1058928799999,2,3,C[NH2+]C1CCC(c2ccc(Cl)c(Cl)c2)c2ccccc12.O.OC(=O)C=CC(=O)[O-].O
LETGIA,-3.2202,122.04399005199998,3,3,O=N(=O)[O-].NC(N)=[NH2+]
LETGIA01,-3.2202,122.04399005199998,3,3,O=N(=O)[O-].NC(N)=[NH2+]
LETGIA02,-3.2202,122.04399005199998,3,3,O=N(=O)[O-].NC(N)=[NH2+]
LETGIA03,-3.2202,122.043990052,3,3,NC(N)=[NH2+].O=N(=O)[O-]
LETGIA04,-3.2202,122.043990052,3,3,NC(N)=[NH2+].O=N(=O)[O-]
LETGIA05,-3.2202,122.04399005199998,3,3,O=N(=O)[O-].NC(N)=[NH2+]
LETGIA07,-3.2202,122.043990052,3,3,NC(N)=[NH2+].O=N(=O)[O-]
LETGIA08,-3.2202,122.043990052,3,3,NC(N)=[NH2+].O=N(=O)[O-]
LETGIA09,-3.2202,122.043990052,3,3,NC(N)=[NH2+].O=N(=O)[O-]
LETGIA10,-3.2202,122.043990052,3,3,NC(N)=[NH2+].O=N(=O)[O-]
LETGIA11,-3.2202,122.04399005199998,3,3,O=N(=O)[O-].NC(N)=[NH2+]
LETGIA12,-3.2202,122.043990052,3,3,NC(N)=[NH2+].O=N(=O)[O-]
LETJUT,0.34940000000000015,255.121906024,4,6,ON1CCN(O)CC1.Nc1ccc(cc1)C(O)=O
LEWPUY,1.0257999999999998,232.096025624,3,5,Nc1ncccn1.Nc1ccc(cc1)C(O)=O
LEWPUY01,1.0257999999999998,232.096025624,3,5,Nc1ccc(cc1)C(O)=O.Nc1ncccn1
LEWROU,-0.7664000000000011,233.080041212,2,5,Nc1[nH+]cccn1.Oc1ccccc1C(=O)[O-]
LEWROY,0.6693000000000002,196.084792244,3,2,OC(=O)c1ccccc1.CNC(N)=O
LEXQIQ,4.073220000000003,352.14567824799997,3,5,Cc1ccc2N=C(N)Sc2c1.OC(=O)CCCCCCCC(O)=O
LEXVUI01,-4.537099999999993,413.1605152959999,3,4,[Cl-].Oc1ccc2CC3[NH+](CCC45C(Oc1c24)C(=O)CCC35O)CC1CC1.O.O
LEYFIH,0.9524000000000004,389.1474520759999,3,7,C[N+](C)(C)CC(=O)[O-].Oc1ccc(cc1)C1CC(=O)c2c(O)cc(O)cc2O1
LEZQUE,2.0483,257.080041212,3,4,OC(=O)c1ccccc1O.N1N=Nc2ccccc12
LEZQUE01,2.0483,257.080041212,3,4,OC(=O)c1ccccc1O.N1N=Nc2ccccc12
LGLUAC,-2.7883999999999993,147.053157768,2,3,[NH3+]C(CCC(O)=O)C(=O)[O-]
LGLUAC01,-2.7883999999999993,147.053157768,2,3,[NH3+]C(CCC(O)=O)C(=O)[O-]
LGLUAC02,-2.7883999999999993,147.053157768,2,3,[NH3+]C(CCC(O)=O)C(=O)[O-]
LGLUAC03,-2.7883999999999993,147.053157768,2,3,[NH3+]C(CCC(O)=O)C(=O)[O-]
LGLUAC11,-2.7883999999999993,147.053157768,2,3,[NH3+]C(CCC(O)=O)C(=O)[O-]
LGLUAC12,-2.7883999999999993,147.053157768,2,3,[NH3+]C(CCC(O)=O)C(=O)[O-]
LGLUAC13,-2.7883999999999993,147.053157768,2,3,[NH3+]C(CCC(O)=O)C(=O)[O-]
LGLUAC14,-2.7883999999999993,147.053157768,2,3,[NH3+]C(CCC(O)=O)C(=O)[O-]
LGLUAC15,-2.7883999999999993,147.053157768,2,3,[NH3+]C(CCC(O)=O)C(=O)[O-]
LGLUCA,-6.153299999999997,222.02850450409002,1,4,[Ca+2].[NH3+]C(CCC(=O)[O-])C(=O)[O-].O.O
LGLUTA,-4.449699999999997,183.02983548,3,2,[Cl-].[NH3+]C(CCC(O)=O)C(O)=O
LGLUTA02,-4.449699999999997,183.02983548,3,2,[Cl-].[NH3+]C(CCC(O)=O)C(O)=O
LGLUTA03,-4.449699999999999,183.02983548,3,2,[NH3+]C(CCC(O)=O)C(O)=O.[Cl-]
LGPYRG,-4.263499999999997,294.106315536,4,5,[NH3+]C(CCC(O)=O)C(=O)[O-].OC(=O)C1CCC(=O)N1.O
LHLASP01,-8.606200000000005,306.117548916,3,6,[NH3+]C(CC1=C[NH+]=CN1)C(=O)[O-].[NH3+]C(CC(=O)[O-])C(=O)[O-].O
LIACIT,-7.362399999999997,233.072295894,3,6,OC(=O)CC(O)(CC(=O)[O-])C(=O)[O-].[NH4+].O.[Li+]
LIBPOE,-0.18840000000000084,201.019094366,2,3,O=P[O-].[NH3+]c1ccc(cc1)C(O)=O
LIBPUK,-1.013100000000001,219.02965905,2,3,O=P[O-].[NH3+]c1ccc(cc1)C(O)=O.O
LIBQAR,-2.812099999999999,284.975158372,3,3,O[Se](=O)[O-].[NH3+]c1ccc(cc1)C(O)=O.O
LIBRED,-8.184400000000005,206.07183816199998,4,4,[Br-].NCCN.NCCN.[Li+]
LIBTUN,0.5751999999999997,329.044630016,2,6,Nc1[nH+]nc(c(N)n1)c1cccc(Cl)c1Cl.CCC(=O)[O-]
LIBWUS,4.034600000000005,465.158597148,1,4,Clc1cccc(N2CCN(CCCCOc3ccc4CCC(=O)Nc4c3)CC2)c1Cl.O
LIBXUR,0.3668999999999993,435.0712386879999,4,8,Nc1[nH+]nc(c(N)n1)c1cccc(Cl)c1Cl.CC(O)=O.CC(O)=O.CC(=O)[O-]
LIBYAY,1.1845999999999999,393.03954463599996,3,7,Nc1[nH+]nc(c(N)n1)c1cccc(Cl)c1Cl.Oc1ccc(cc1)C(=O)[O-]
LIBZDM,-5.9023999999999965,412.11778952399993,0,6,CS(C)=O.CS(C)=O.O=C([O-])c1ccccc1.O=C([O-])c1ccccc1.[Li+].[Li+]
LICLAL,-5.1564,222.004349004,1,5,NC(=O)c1c[nH+]ccc1.O=[Cl](=O)(=O)[O-]
LICLED01,-8.184400000000005,162.12235374199997,4,4,[Cl-].NCCN.NCCN.[Li+]
LICLED10,-8.184400000000005,162.122353742,4,4,[Li+].[Cl-].NCCN.NCCN
LICLEP,-2.5794999999999986,212.04332135599998,2,4,OC(=O)C(=O)[O-].NC(=O)c1c[nH+]ccc1
LICLEP01,-2.5795000000000003,212.043321356,2,4,NC(=O)c1c[nH+]ccc1.OC(=O)C(=O)[O-]
LICNUJ,-8.1641,347.0190130879999,3,9,[NH2+]=C1NC(=O)N(C=C1)C1CSC(CO)O1.O=[Cl](=O)(=O)[O-].O
LICPAR,-3.578799999999997,327.019491756,4,8,OS(=O)(=O)[O-].[NH2+]=C1NC(=O)N(C=C1)C1CSC(CO)O1
LICSOG,1.4126,208.016261384,0,3,CN(C)C(=S)SC(=S)N(C)C
LICWOM,1.544,361.14378433999997,1,6,CC1COc2c(N3CCN(C)CC3)c(F)cc3C(=O)C(=CN1c23)C(O)=O
LICWOM01,1.544,361.14378433999997,1,6,CC1COc2c(N3CCN(C)CC3)c(F)cc3C(=O)C(=CN1c23)C(O)=O
LIDOCA10,3.3070400000000015,424.09305417600007,2,1,F[As-](F)(F)(F)(F)F.CC[NH+](CC)CC(=O)Nc1c(C)cccc1C
LIDOCN,-2.654059999999993,288.16045572,2,1,[Cl-].CC[NH+](CC)CC(=O)Nc1c(C)cccc1C.O
LIDOCN01,-2.6540599999999923,288.16045572,2,1,[Cl-].O.CC[NH+](CC)CC(=O)Nc1c(C)cccc1C
LIDPUM,1.4581,274.095356928,4,4,Nc1ccc(cc1)C(O)=O.NC(=O)c1ccc(O)cc1
LIDPUM01,1.4581000000000002,274.095356928,4,4,NC(=O)c1ccc(O)cc1.Nc1ccc(cc1)C(O)=O
LIFNOE,-2.5553,178.095356928,1,2,NC(=O)CN1CCCC1=O.O.O
LIGNOH,3.263300000000001,272.061948624,2,4,NC1=Nc2ccccc2S1.OC(=O)c1ccccc1
LIGOLM,-6.092099999999998,100.03478819000001,1,3,OCC(=O)[O-].[Li+].O
LIGQID,1.5013999999999998,314.04496436399995,3,6,Nc1nnc(c(N)n1)c1cccc(Cl)c1Cl.CC(N)=O
LIGYOR,1.1639000000000002,376.06551334399995,3,8,O=C1CN(N=CC2=CC=C(O2)N(=O)=O)C(=O)N1.OC(=O)c1ccc(O)cc1
LIHCIT,-5.579199999999998,198.035182114,3,5,OC(=O)CC(O)(CC(O)=O)C(=O)[O-].[Li+]
LIJZAI,0.6729,392.934047792,3,4,OC(=O)C(Cl)Cl.ClC(Cl)C(=O)[O-].[NH3+]c1ccc(cc1)C(O)=O
LIJZEM,0.3646999999999996,298.9518907759999,2,3,ClC(Cl)(Cl)C(=O)[O-].[NH3+]c1ccc(cc1)C(O)=O
LIJZUC,0.9061999999999997,424.01663198791,2,7,[NH3+]c1ccc(cc1)C(O)=O.O=S(=O)([O-])c1cccc2c1cccc2S(=O)(=O)[O-]
LIKTIK,4.717400000000002,434.04907120000007,2,7,Cc1cc(cc(C)c1Oc1nc(Nc2ccc(cc2)C#N)nc(N)c1Br)C#N
LIKTOQ,4.808300000000003,494.070200568,3,8,Cc1cc(cc(C)c1Oc1nc(Nc2ccc(cc2)C#N)nc(N)c1Br)C#N.CC(O)=O
LIKVIM,1.1405000000000003,470.0257489120001,2,6,Cc1cc(cc(C)c1Oc1nc(Nc2ccc(cc2)C#N)[nH+]c(N)c1Br)C#N.[Cl-]
LIKWUZ,4.418200000000002,480.054550504,3,8,Cc1cc(cc(C)c1Oc1nc(Nc2ccc(cc2)C#N)nc(N)c1Br)C#N.OC=O
LILDUI,1.045319999999999,247.095691276,3,4,CC1=CC(=O)N=C(N)N1.OC(=O)c1ccccc1
LILFIY,-0.19718000000000008,280.117154992,4,5,Nc1ccc(cc1)C(O)=O.CC1=CC(=O)NC(=N1)N.O
LILXAI,0.933900000000004,488.244185344,3,3,[Cl-].CCOc1cc(CC(=O)NC(CC(C)C)c2ccccc2[NH+]2CCCCC2)ccc1C(O)=O
LINTUX,3.4644600000000025,228.078644244,0,3,CC1=Cc2cc3C(=CC(=O)Oc3c(C)c2O1)C
LIPZUG,-2.777899999999999,263.09861062009,2,5,O=N(=O)c1ccc([O-])c(c1)N(=O)=O.[NH3+]CC[NH3+].O
LIQPUY,3.4103200000000005,466.12864619199996,2,5,Cc1ccc(cc1)C1=CC(=NN1c1ccc(cc1)S(N)(=O)=O)C(F)(F)F.O=C1CCCN1
LIQQEJ,4.190520000000001,494.15994631999996,2,5,Cc1ccc(cc1)C1=CC(=NN1c1ccc(cc1)S(N)(=O)=O)C(F)(F)F.O=C1CCCCCN1
LIQQIN,3.800420000000001,480.14429625599996,2,5,Cc1ccc(cc1)C1=CC(=NN1c1ccc(cc1)S(N)(=O)=O)C(F)(F)F.O=C1CCCCN1
LIQQIN02,3.800420000000001,480.14429625599996,2,5,Cc1ccc(cc1)C1=CC(=NN1c1ccc(cc1)S(N)(=O)=O)C(F)(F)F.O=C1CCCCN1
LIRLUW,-6.263799999999997,186.040734512,3,2,[Cl-].[NH3+]C(CC(N)=O)C(O)=O.O
LIRMAD,-6.263799999999997,229.990218932,3,2,[Br-].[NH3+]C(CC(N)=O)C(O)=O.O
LIRMEH,-6.263799999999997,277.976354832,3,2,[I-].[NH3+]C(CC(N)=O)C(O)=O.O
LISFAY,-0.5354999999999983,296.08307799199997,2,4,CCCc1[nH+]ccc(c1)C(N)=S.OC(=O)C=CC(=O)[O-]
LISJOQ,1.9865200000000003,352.09153449999997,1,4,Cc1ccc(cc1)S(=O)(=O)[O-].CCCc1[nH+]ccc(c1)C(N)=S
LISJUW,0.9107000000000005,485.05163759191004,1,7,O=S(=O)([O-])c1cccc2c1cccc2S(=O)(=O)[O-].CCCc1[nH+]ccc(c1)C(N)=S.O
LISKEH,1.6781000000000004,338.07588443599997,1,4,O=S(=O)([O-])c1ccccc1.CCCc1[nH+]ccc(c1)C(N)=S
LISKIL,0.8357000000000001,346.0987280559999,2,4,CCCc1[nH+]ccc(c1)C(N)=S.OC(=O)c1ccccc1C(=O)[O-]
LISQOW,2.28174,358.152871804,3,5,NC(=O)c1ccccc1O.Cc1cc(C)cc(OCC2CNC(=O)O2)c1
LISUCC,-5.7296,123.02751173791002,0,4,O=C([O-])CCC(=O)[O-].[Li+]
LISYIZ,3.2303000000000015,347.126991404,2,4,O=C(NN=Cc1ccccc1)c1ccncc1.OC(=O)c1ccccc1
LITTUE,-1.465139999999998,259.099062404,3,3,Cc1ccc(c(C)c1C)S(=O)(=O)[O-].NC(N)=[NH2+]
LITVAM,-1.465139999999998,259.099062404,3,3,Cc1cc(C)c(cc1C)S(=O)(=O)[O-].NC(N)=[NH2+]
LITVIU,-1.773559999999998,245.08341234,3,3,Cc1ccc(C)c(c1)S(=O)(=O)[O-].NC(N)=[NH2+]
LITVOA,-1.7369999999999992,251.01313986,3,3,Clc1ccccc1S(=O)(=O)[O-].NC(N)=[NH2+]
LITVUG,-2.2512999999999996,235.0426904,3,3,Fc1ccccc1S(=O)(=O)[O-].NC(N)=[NH2+]
LITWER,-2.081979999999999,231.067762276,3,3,Cc1ccccc1S(=O)(=O)[O-].NC(N)=[NH2+]
LITWIV,-1.773559999999998,245.08341234,3,3,Cc1ccc(cc1C)S(=O)(=O)[O-].NC(N)=[NH2+]
LITWOB,-1.7369999999999992,251.01313986,3,3,Clc1cccc(c1)S(=O)(=O)[O-].NC(N)=[NH2+]
LITWUH,-2.2512999999999996,235.0426904,3,3,Fc1cccc(c1)S(=O)(=O)[O-].NC(N)=[NH2+]
LITXAO,0.22146000000000177,337.14601259600005,3,3,Cc1cccc(c1)S(=O)(=O)[O-].NC(N)=[NH2+].Cc1ccc(C)cc1
LITXES,-0.07835999999999776,353.140927216,3,4,COc1ccc(cc1)S(=O)(=O)[O-].NC(N)=[NH2+].Cc1ccccc1C
LITXIW,0.6841400000000014,431.0514392840001,3,4,Brc1ccc(cc1)S(=O)(=O)[O-].COc1ccc(C)c(C)c1.NC(N)=[NH2+]
LITXOC,0.06730000000000036,403.020139156,3,4,Brc1ccc(cc1)S(=O)(=O)[O-].NC(N)=[NH2+].COc1ccccc1
LITXUI,0.058700000000001085,373.00957447200005,3,3,Brc1ccc(cc1)S(=O)(=O)[O-].NC(N)=[NH2+].c1ccccc1
LITYET,-0.0036199999999992905,441.0470226000001,3,5,Brc1ccc(cc1)S(=O)(=O)[O-].NC(N)=[NH2+].CN(C)c1ccc(cc1)C#N
LITYIX,0.36712000000000056,387.02522453600005,3,3,Brc1ccc(cc1)S(=O)(=O)[O-].NC(N)=[NH2+].Cc1ccccc1
LITYOD,-0.07619999999999871,417.08736741999996,3,6,Clc1ccc(cc1)S(=O)(=O)[O-].NC(N)=[NH2+].CN(C)c1cccc(c1)N(=O)=O
LITZAQ,0.4754400000000021,351.16166266000005,3,3,CCc1ccc(cc1)S(=O)(=O)[O-].NC(N)=[NH2+].Cc1ccccc1C
LITZOE,-0.49869999999999925,356.131839752,3,4,Fc1ccc(cc1)S(=O)(=O)[O-].NC(N)=[NH2+].CN(C)c1ccccc1
LIVBEY,-0.161519999999999,489.03315850000007,3,5,Ic1ccc(cc1)S(=O)(=O)[O-].NC(N)=[NH2+].CN(C)c1ccc(cc1)C#N
LIVBIC,-1.7857999999999996,342.9487601799999,3,3,NC(N)=[NH2+].Ic1ccc(cc1)S(=O)(=O)[O-]
LIVCEZ,0.2300600000000017,367.15657728,3,4,Cc1ccc(cc1)S(=O)(=O)[O-].NC(N)=[NH2+].COc1ccc(C)c(C)c1
LIVHIL,2.3033200000000003,351.147058152,2,3,O=C([O-])c1ccccc1.OC(=O)c1ccccc1.[NH3+]c1ccc(C)cc1
LIVHOR,2.3033200000000003,351.147058152,2,3,OC(=O)c1ccccc1.O=C([O-])c1ccccc1.[NH3+]c1ccc(C)cc1
LIVWET,1.1077,260.090940244,1,5,O=C(CN1C=CN=C1N(=O)=O)NCc1ccccc1
LIVWET01,1.1077,260.090940244,1,5,O=C(CN1C=CN=C1N(=O)=O)NCc1ccccc1
LIVWET02,1.1077,260.090940244,1,5,O=C(CN1C=CN=C1N(=O)=O)NCc1ccccc1
LIWQAN,0.5105999999999999,295.06044864,4,6,NC(=O)c1nc(F)cnc1O.OC(=O)c1cccc(O)c1
LIXPER,-0.35509999999999975,288.05686324399994,3,4,[NH2+]=C1Nc2ccccc2S1.Oc1ccccc1C(=O)[O-]
LIXYAV,0.8293999999999992,288.183778008,2,3,Nc1ccc(cc1)C(=O)[O-].[NH3+]C12CC3CC(CC(C3)C1)C2
LMETON02,-3.8001999999999967,298.10209918399994,2,6,[NH3+]C(CCSC)C(=O)[O-].[NH3+]C(CCSC)C(=O)[O-]
LMETON10,-3.8001999999999967,298.10209918399994,2,6,[NH3+]C(CCSC)C(=O)[O-].[NH3+]C(CCSC)C(=O)[O-]
LMETON11,-3.8001999999999967,298.10209918399994,2,6,[NH3+]C(CCSC)C(=O)[O-].[NH3+]C(CCSC)C(=O)[O-]
LMETON12,-3.8001999999999967,298.10209918399994,2,6,[NH3+]C(CCSC)C(=O)[O-].[NH3+]C(CCSC)C(=O)[O-]
LMETON13,-3.8001999999999967,298.10209918399994,2,6,[NH3+]C(CCSC)C(=O)[O-].[NH3+]C(CCSC)C(=O)[O-]
LMETON14,-3.8001999999999967,298.10209918399994,2,6,[NH3+]C(CCSC)C(=O)[O-].[NH3+]C(CCSC)C(=O)[O-]
LOCLOF,-3.567799999999999,211.015058008,4,5,[NH3+]C(CS)C(O)=O.OC(=O)C(=O)[O-]
LOCLOF01,-3.567799999999999,211.015058008,4,5,[NH3+]C(CS)C(O)=O.OC(=O)C(=O)[O-]
LOCNEX,0.7922999999999998,229.085126592,1,3,CC1=C(C=C(C#N)C(=O)N1)c1ccncc1.O
LOCYEL,3.008300000000001,384.0350822440001,1,5,O=C1[N-]S(=O)(=O)c2ccccc12.N1C(=[NH+]c2ccccc12)C1=CSC=N1
LOCYIP,0.48259999999999986,317.047026832,2,5,N1C(=[NH+]c2ccccc12)C1=CSC=N1.OC(=O)C=CC(=O)[O-]
LOCYOV,-0.07360000000000017,291.031376768,2,5,N1C(=[NH+]c2ccccc12)C1=CSC=N1.OC(=O)C(=O)[O-]
LODFUH,1.9239000000000002,418.060149628,3,7,NS(=O)(=O)c1cc(C(O)=O)c(NCC2=CC=CO2)cc1Cl.C1COCCO1
LODGAO01,1.5951,403.060483976,3,6,NS(=O)(=O)c1cc(C(O)=O)c(NCC2=CC=CO2)cc1Cl.CN(C)C=O
LODGES,2.687500000000001,402.065235008,3,6,NS(=O)(=O)c1cc(C(O)=O)c(NCC2=CC=CO2)cc1Cl.C1CCOC1
LOFDER01,-1.6925999999999999,293.020537312,4,6,OC(=O)c1cc(ccc1O)S(=O)(=O)[O-].[NH3+]CC(O)=O
LOFKIB,3.567700000000002,358.142975816,2,3,NC(=O)N1c2ccccc2C=Cc2ccccc12.NC(=O)c1ccncc1
LOFKIB01,3.567700000000002,358.142975816,2,3,NC(=O)N1c2ccccc2C=Cc2ccccc12.NC(=O)c1ccncc1
LOFLID,2.0712,452.05573294400006,4,7,NS(=O)(=O)c1cc(C(O)=O)c(NCC2=CC=CO2)cc1Cl.NC(=O)c1ccncc1
LOFLUP,1.2738999999999998,387.05587726399995,4,6,Nc1ccc(cc1)S(=O)(=O)N=C1NC=CS1.OC(=O)CCCC(O)=O
LOFMAW,-1.939899999999998,345.00892707199995,3,6,[NH3+]c1ccc(cc1)S(=O)(=O)N=C1NC=CS1.OC(=O)C(=O)[O-]
LOFMAW01,-1.939899999999998,345.00892707199995,3,6,[NH3+]c1ccc(cc1)S(=O)(=O)N=C1NC=CS1.OC(=O)C(=O)[O-]
LOGJEA,-1.3073000000000008,253.11748934,4,7,NC1=NC2=C(N=CN2CCC(CO)CO)C(=O)N1
LOHKEZ,2.251700000000004,465.3009719479999,0,2,[Cl-].C[N+](C)(CCOCCOc1ccc(cc1)C(C)(C)CC(C)(C)C)Cc1ccccc1.O
LOKLEF,-0.33359999999999984,301.065175432,2,3,CCCSc1ccc2[NH+]=C(NC(=O)OC)Nc2c1.[Cl-]
LOKLEF01,-0.33359999999999984,301.065175432,2,3,CCCSc1ccc2[NH+]=C(NC(=O)OC)Nc2c1.[Cl-]
LOLDAS,-1.1844999999999999,289.08110383200005,4,7,Oc1cccc(O)c1C(=O)[O-].Nc1[nH+]cnc2NC=Nc12
LOLDEW,-2.0092,307.0916685160001,4,7,Oc1cccc(O)c1C(=O)[O-].O.Nc1[nH+]cnc2NC=Nc12
LOLDIA,-1.2815999999999992,305.11240396000005,4,7,Oc1ccccc1C(=O)[O-].CO.Nc1[nH+]cnc2NC=Nc12
LOLDOG,-2.2832,325.1022332,4,8,Oc1cc(O)cc(c1)C(=O)[O-].Nc1[nH+]cnc2NC=Nc12.[OH3+].[OH-]
LOLZEU,-0.35129999999999945,296.964475416,3,5,NS(=O)(=O)c1cc2c(NCNS2(=O)=O)cc1Cl
LOLZOE,-0.35129999999999945,296.964475416,3,5,NS(=O)(=O)c1cc2c(NCNS2(=O)=O)cc1Cl
LONDOJ,1.2259999999999995,357.059699692,1,7,Oc1cccc2ccc[nH+]c12.O=C([O-])c1cc(cc(c1)N(=O)=O)N(=O)=O
LOPTOB,-0.5023000000000002,278.126657056,1,4,Oc1ccccc1C(=O)[O-].CN(C)c1cc[nH+]cc1.O
LOPTOB01,-0.5022999999999997,278.126657056,1,4,O.Oc1ccccc1C(=O)[O-].CN(C)c1cc[nH+]cc1
LOQLAG,-0.8268999999999982,475.17547839199995,3,7,CCN1C=C(C(O)=O)C(=O)c2cc(F)c(cc12)N1CC[NH2+]CC1.Oc1cccc(c1)C(=O)[O-].O
LOQLOU,-0.8268999999999982,475.17547839199995,3,7,CCN1C=C(C(O)=O)C(=O)c2cc(F)c(cc12)N1CC[NH2+]CC1.O.Oc1ccccc1C(=O)[O-]
LORMUB,-1.315999999999999,212.079706864,2,4,OC(=O)CCC(=O)[O-].Nc1cc[nH+]cc1
LORMUB01,-1.315999999999999,212.079706864,2,4,OC(=O)CCC(=O)[O-].Nc1cc[nH+]cc1
LORQIT,1.1382999999999988,400.1230282199999,2,8,O=N(=O)c1cc(c([O-])c(c1)N(=O)=O)N(=O)=O.[NH3+]CC1(CCCCC1)CC(O)=O
LORWIZ,0.6546999999999998,355.99667678000003,2,4,OC(=O)c1cc(Cl)c(Cl)cc1C(=O)[O-].NC(=O)c1c[nH+]ccc1
LOSCIF,-3.7017999999999986,232.029996864,3,4,CS(=O)(=O)[N-]S(C)(=O)=O.NC(N)=[NH2+]
LOSHUY,0.6699000000000002,296.04077930591,2,3,F[Si-2](F)(F)(F)(F)F.O.Nc1[nH+]cnc2NC=Nc12
LOSXOI,-5.579399999999998,308.978274344,3,5,[NH2+]=C1NC(=O)N(C=C1)C1CSC(CO)O1.[Br-]
LOTTEX,0.6584999999999999,289.06987045200003,3,5,OC(=O)c1ccnc(c1)C(O)=O.NC(=O)c1cccnc1
LOWQOH,0.4484800000000005,336.106984232,4,7,CCNC(=O)NC(=O)C(=NOC)C#N.OC(=O)c1ccccc1O
LOWWAZ,-0.706119999999999,316.101898852,4,7,CCNC(=O)NC(=O)C(=NOC)C#N.OC(=O)CCC(O)=O
LOWZUU,-4.440299999999998,274.13974716009,3,4,NC(=O)COc1ccccc1C(=O)[O-].[NH3+]CC[NH3+].O
LOXDEJ,0.1514999999999998,369.998570644,3,4,OB(O)c1ccc(I)cc1.NC(=O)c1cccnc1
LOXSAW,0.7098000000000002,390.10631553600007,4,6,OC(=O)CC(O)(CC(O)=O)C(O)=O.O.c1ccc2nc3ccccc3nc2c1
LOXSIE,-0.5170999999999979,374.11140091600004,3,6,OC(=O)CC(O)(CC(O)=O)C(=O)[O-].[nH+]1ccccc1C=Cc1ccccn1
LOXSOK,-0.9022999999999977,376.12705098000004,3,6,OC(=O)CC(O)(CC(O)=O)C(=O)[O-].C(Cc1ccncc1)c1cc[nH+]cc1
LOXSUQ,-1.4831999999999963,377.13432743209006,3,5,OC(=O)CC(O)(CC(=O)[O-])C(O)=O.C(Cc1cc[nH+]cc1)c1cc[nH+]cc1
LOXTEB,-0.512199999999998,390.14270104400003,3,6,OC(=O)CC(O)(CC(O)=O)C(=O)[O-].C(Cc1cc[nH+]cc1)Cc1ccncc1
LPYGLU08,-0.6504000000000001,129.042593084,2,2,OC(=O)C1CCC(=O)N1
LPYGLU11,-0.6504000000000001,129.042593084,2,2,OC(=O)C1CCC(=O)N1
LTHREO,-3.272399999999999,119.058243148,2,3,[NH3+]C(C(C)O)C(=O)[O-]
LTHREO01,-3.272399999999999,119.058243148,2,3,[NH3+]C(C(C)O)C(=O)[O-]
LTHREO02,-3.272399999999999,119.058243148,2,3,[NH3+]C(C(C)O)C(=O)[O-]
LTHREO03,-3.272399999999999,119.058243148,2,3,[NH3+]C(C(C)O)C(=O)[O-]
LTHREO04,-3.272399999999999,119.058243148,2,3,[NH3+]C(C(C)O)C(=O)[O-]
LTHREO05,-3.272399999999999,119.058243148,2,3,[NH3+]C(C(C)O)C(=O)[O-]
LTHREO06,-3.272399999999999,119.058243148,2,3,[NH3+]C(C(C)O)C(=O)[O-]
LTHREO07,-3.272399999999999,119.058243148,2,3,[NH3+]C(C(C)O)C(=O)[O-]
LTHREO08,-3.272399999999999,119.058243148,2,3,[NH3+]C(C(C)O)C(=O)[O-]
LTHREO09,-3.272399999999999,119.058243148,2,3,[NH3+]C(C(C)O)C(=O)[O-]
LTHREO10,-3.272399999999999,119.058243148,2,3,[NH3+]C(C(C)O)C(=O)[O-]
LTHREO11,-3.272399999999999,119.058243148,2,3,[NH3+]C(C(C)O)C(=O)[O-]
LTHREO12,-3.272399999999999,119.058243148,2,3,[NH3+]C(C(C)O)C(=O)[O-]
LTHREO13,-3.272399999999999,119.058243148,2,3,[NH3+]C(C(C)O)C(=O)[O-]
LTHREO14,-3.272399999999999,119.058243148,2,3,[NH3+]C(C(C)O)C(=O)[O-]
LTHREO15,-3.272399999999999,119.058243148,2,3,[NH3+]C(C(C)O)C(=O)[O-]
LTHREO16,-3.272399999999999,119.058243148,2,3,[NH3+]C(C(C)O)C(=O)[O-]
LTHREO17,-6.544799999999997,238.116486296,4,6,[NH3+]C(C(C)O)C(=O)[O-].[NH3+]C(C(C)O)C(=O)[O-]
LTHREO18,-6.544799999999997,238.116486296,4,6,[NH3+]C(C(C)O)C(=O)[O-].[NH3+]C(C(C)O)C(=O)[O-]
LTHREO19,-6.544799999999997,238.116486296,4,6,[NH3+]C(C(C)O)C(=O)[O-].[NH3+]C(C(C)O)C(=O)[O-]
LTHREO20,-3.272399999999999,119.058243148,2,3,[NH3+]C(C(C)O)C(=O)[O-]
LTHREO21,-3.272399999999999,119.058243148,2,3,[NH3+]C(C(C)O)C(=O)[O-]
LTHREO22,-3.272399999999999,119.058243148,2,3,[NH3+]C(C(C)O)C(=O)[O-]
LTHREO23,-3.272399999999999,119.058243148,2,3,[NH3+]C(C(C)O)C(=O)[O-]
LTHREO24,-3.272399999999999,119.058243148,2,3,[NH3+]C(C(C)O)C(=O)[O-]
LTHREO25,-3.272399999999999,119.058243148,2,3,[NH3+]C(C(C)O)C(=O)[O-]
LTHREO34,-3.272399999999999,119.058243148,2,3,[NH3+]C(C(C)O)C(=O)[O-]
LTHREO35,-3.272399999999999,119.058243148,2,3,[NH3+]C(C(C)O)C(=O)[O-]
LTHREO36,-3.272399999999999,119.058243148,2,3,[NH3+]C(C(C)O)C(=O)[O-]
LTHREO37,-3.272399999999999,119.058243148,2,3,[NH3+]C(C(C)O)C(=O)[O-]
LTHREO38,-3.272399999999999,119.058243148,2,3,[NH3+]C(C(C)O)C(=O)[O-]
LTHREO39,-3.272399999999999,119.058243148,2,3,[NH3+]C(C(C)O)C(=O)[O-]
LTHREO40,-3.272399999999999,119.058243148,2,3,[NH3+]C(C(C)O)C(=O)[O-]
LTHREO41,-3.272399999999999,119.058243148,2,3,[NH3+]C(C(C)O)C(=O)[O-]
LTHREO42,-3.272399999999999,119.058243148,2,3,[NH3+]C(C(C)O)C(=O)[O-]
LTXPSE,-2.5084,213.063722452,4,5,[NH3+]C(C(O)c1ccc(O)c(O)c1)C(=O)[O-]
LTYRHC10,-3.3661999999999965,217.050570924,3,2,[Cl-].[NH3+]C(Cc1ccc(O)cc1)C(O)=O
LTYROS10,-1.7049,181.073893212,2,3,[NH3+]C(Cc1ccc(O)cc1)C(=O)[O-]
LTYROS11,-1.7049,181.073893212,2,3,[NH3+]C(Cc1ccc(O)cc1)C(=O)[O-]
LTYROS13,-1.7049,181.073893212,2,3,[NH3+]C(Cc1ccc(O)cc1)C(=O)[O-]
LTYROS14,-1.7049,181.073893212,2,3,[NH3+]C(Cc1ccc(O)cc1)C(=O)[O-]
LTYROS16,-1.7049,181.073893212,2,3,[NH3+]C(Cc1ccc(O)cc1)C(=O)[O-]
LUDDUJ,0.11250000000000077,413.19507096399997,3,6,CNC(=O)Oc1ccc2N(C)C3[NH+](C)CCC3(C)c2c1.Oc1ccccc1C(=O)[O-]
LUDHAT,-2.223099999999998,215.055873798,4,3,OP(O)(=O)[O-].[NH3+]C(C(C)C)C(O)=O
LUDXEP,2.09602,432.15326572799995,4,8,CCOC(=O)C(=O)Nc1cccc(NC(=O)C(=O)OCC)c1C.Oc1cccc(O)c1
LUJLOT,-1.4048999999999996,327.0675790080001,4,7,O=N(=O)[N-]C1=Nc2cc(c(cc2N1)N(=O)=O)N(=O)=O.NC(N)=[NH2+]
LUJSIT,4.190400000000002,279.12592878400005,2,2,CC(=O)Nc1ccc(O)cc1.c1ccc2ccccc2c1
LUJTAM,0.5061999999999998,241.058637072,4,4,CC(=O)Nc1ccc(O)cc1.OC(=O)C(O)=O
LUKXUL,0.04329999999999962,346.09133416799995,3,7,CN1C(=O)N(C)C2=C(NC=N2)C1=O.OC(=O)c1ccccc1C(O)=O
LULQIV,3.112300000000001,389.06978214400004,2,4,Clc1cccc(Cl)c1Nc1ccccc1CC(=O)[O-].Nc1c[nH+]ccc1
LULQOB,2.287600000000001,407.080346828,2,4,Clc1cccc(Cl)c1Nc1ccccc1CC(=O)[O-].Nc1c[nH+]ccc1.O
LULQUH,2.287600000000001,407.080346828,2,4,Clc1cccc(Cl)c1Nc1ccccc1CC(=O)[O-].Nc1cc[nH+]cc1.O
LULVEW,1.5086000000000006,406.08320659609006,3,5,Clc1cccc(Cl)c1Nc1ccccc1CC(=O)[O-].Nc1[nH+]cc(N)[nH+]c1
LUNNUD,0.11629999999999979,240.074621484,3,4,NC(=O)c1ccncc1.OC(=O)CCC(O)=O
LUNNUD01,0.11629999999999979,240.074621484,3,4,NC(=O)c1ccncc1.OC(=O)CCC(O)=O
LUNYIC,0.9575999999999998,154.07422756,1,3,CCC(O)=O.c1cnccn1
LUPMIS,0.5277999999999998,281.041907758,2,1,F[Si-2](F)(F)(F)(F)F.[NH3+]NC(=O)c1cc[nH+]cc1
LUPXOJ,-2.0188999999999995,251.05738762,2,4,[Cl-].C(Nc1nc[nH+]c2N=CNc12)C1=CC=CO1
LUPZOL,0.13300000000000006,216.089877624,1,3,O=C([O-])c1ccccc1.Nc1[nH+]cccc1
LUPZOL01,0.13299999999999956,216.089877624,1,3,Nc1[nH+]cccc1.O=C([O-])c1ccccc1
LUPZOL02,0.13300000000000006,216.089877624,1,3,O=C([O-])c1ccccc1.Nc1[nH+]cccc1
LUQJAJ,0.9731999999999996,401.22022309199997,3,5,COc1cccc(c1)C1(O)CCCCC1C[NH+](C)C.Oc1ccccc1C(=O)[O-]
LURTIF,-2.0996999999999977,376.16343648799995,4,7,O=C([O-])C1CCN2C1=CC=C2C(=O)c1ccccc1.[NH3+]C(CO)(CO)CO
LUTBIO,0.3847999999999997,398.0451682600001,3,6,NS(=O)(=O)c1cc(C(=O)[O-])c(NCC2=CC=CO2)cc1Cl.N1C=[NH+]C=C1
LUTNOG,1.3801,296.08307799199997,3,4,CCCc1cc(ccn1)C(N)=S.OC(=O)C=CC(O)=O
LUTNUM,0.5487,334.0987280559999,3,5,CCCc1[nH+]ccc(c1)C(N)=S.Oc1cccc(O)c1C(=O)[O-]
LUTPEY,0.24689999999999973,378.0885572959999,4,6,CCCc1[nH+]ccc(c1)C(N)=S.OC(=O)c1cc(O)c(cc1O)C(=O)[O-]
LUTPIC,2.7587000000000006,318.103813436,3,4,CCCc1cc(ccn1)C(N)=S.OC(=O)c1ccccc1O
LUVCOY,-0.3933999999999992,477.17114196,2,6,CCN1C=C(C(O)=O)C(=O)c2cc(F)c(cc12)N1CC[NH2+]CC1.Fc1ccccc1C(=O)[O-].O
LUWGUJ,1.5316199999999998,420.1433697399999,3,7,Cc1cc[nH+]c2N(C3CC3)c3ncccc3C(=O)Nc12.Oc1cccc(O)c1C(=O)[O-]
LUWHAM,1.5758200000000002,462.15730555199985,2,9,COc1cc(Cc2c[nH+]c(N)nc2N)cc(OC)c1OC.Cc1ccc(cc1)S(=O)(=O)[O-]
LUWHAQ,2.06482,484.1052699800001,3,8,OC(=O)c1cc(ccc1O)S(=O)(=O)[O-].Cc1cc[nH+]c2N(C3CC3)c3ncccc3C(=O)Nc12
LUWHIU,0.4427000000000015,466.152220172,2,9,O=S(=O)([O-])c1ccccc1.COc1cc(Cc2c[nH+]c(N)nc2N)cc(OC)c1OC.O
LUWVUY,-1.2218999999999998,379.8020704240001,1,1,Br[I-]Br.Nc1cc[nH+]cc1
LUXRUV,1.2194999999999994,479.1510934839999,3,5,OC1(CC[NH+](CCCC(=O)c2ccc(F)cc2)CC1)c1ccc(Cl)cc1.OC(=O)CC(=O)[O-]
LUXYOU01,2.44172,207.125928784,1,3,CC1=CC(=O)N(O)C(=C1)C1CCCCC1
LUXYOU02,2.44172,207.125928784,1,3,CC1=CC(=O)N(O)C(=C1)C1CCCCC1
LUZBAM,2.033500000000001,381.064696764,2,3,Clc1cccc(Cl)c1Nc1ccccc1CC(=O)[O-].N1C=[NH+]C=C1.O
LUZFUJ,-8.322600000000007,324.21956884817996,4,8,[NH3+]CC[NH3+].[NH3+]CC[NH3+].N1=N[N-]C(=N1)N=NC1=NN=N[N-]1.O.O
LVALIN,-3.994399999999997,234.157957184,2,4,[NH3+]C(C(C)C)C(=O)[O-].[NH3+]C(C(C)C)C(=O)[O-]
LVALIN01,-3.994399999999997,234.157957184,2,4,[NH3+]C(C(C)C)C(=O)[O-].[NH3+]C(C(C)C)C(=O)[O-]
LVALIN05,-3.994399999999997,234.157957184,2,4,[NH3+]C(C(C)C)C(=O)[O-].[NH3+]C(C(C)C)C(=O)[O-]
LYSASP,-5.7027,279.143035392,4,6,[NH3+]CCCCC(N)C(O)=O.[NH3+]C(CC(=O)[O-])C(=O)[O-]
LYSCLH,-7.886400000000001,218.103334768,2,2,[Cl-].[NH3+]CCCCC([NH3+])C(=O)[O-].O.O
LYSCLH02,-7.886400000000001,218.103334768,2,2,[Cl-].[NH3+]CCCCC([NH3+])C(=O)[O-].O.O
LYSCLH11,-7.886400000000001,218.103334768,2,2,[Cl-].[NH3+]CCCCC([NH3+])C(=O)[O-].O.O
MABMEK,3.195900000000001,444.07396985199995,3,9,Nc1ccc(cc1)C(O)=O.CC(=O)Oc1ccccc1C(=O)NC1=NC=C(S1)N(=O)=O
MABMOU,3.195900000000001,444.07396985199995,3,9,CC(=O)Oc1ccccc1C(=O)NC1=NC=C(S1)N(=O)=O.Nc1ccc(cc1)C(O)=O
MACFAB,3.5139200000000006,381.07588234799994,1,4,Cc1ccc(cc1)C1=CC(=NN1c1ccc(cc1)S(N)(=O)=O)C(F)(F)F
MACNIP,-5.961199999999999,324.153265728,4,6,OC(=O)CC(O)(CC(=O)[O-])C(=O)[O-].[NH3+]C1CCCCC1[NH3+].O
MACXPR10,4.655200000000004,386.24570956799994,0,4,CC1CC2C(CCC3(C)C2CCC3(OC(C)=O)C(C)=O)C2(C)CCC(=O)C=C12
MADGEG,-1.2973000000000003,365.0463752,3,8,CC(=O)NC1=NN=C(S1)S(N)(=O)=O.COC1=CC=CNC1=O.O
MADGIK,-0.28309999999999985,420.124959868,4,8,CC(=O)NC1=NN=C(S1)S(N)(=O)=O.O=C1CCCCN1.O=C1CCCCN1
MADSAO,-0.48119999999999985,317.02524583200005,3,7,CC(=O)NC1=NN=C(S1)S(N)(=O)=O.O=C1NC=CC=C1
MADSES,-0.10629999999999917,412.062359612,4,8,CC(=O)NC1=NN=C(S1)S(N)(=O)=O.O=C1NC=CC=C1.O=C1NC=CC=C1
MADSIW,-1.0041999999999998,353.082760708,3,7,CC(=O)NC1=NN=C(S1)S(N)(=O)=O.O.O=C1CCCCCN1
MADTAP,-0.6755999999999993,344.036144864,3,8,CC(=O)NC1=NN=C(S1)S(N)(=O)=O.NC(=O)c1cccnc1
MADTAP01,-0.6755999999999993,344.036144864,3,8,CC(=O)NC1=NN=C(S1)S(N)(=O)=O.NC(=O)c1cccnc1
MADTET,-0.3006999999999991,439.073258644,4,9,CC(=O)NC1=NN=C(S1)S(N)(=O)=O.NC(=O)c1cccnc1.O=C1NC=CC=C1
MAGXIF,-1.0197999999999992,140.106196384,0,4,C1N2CN3CN1CN(C2)C3
MAHMOB,-2.4640999999999975,259.08439647209,3,3,Oc1ccc(Cl)cc1C(=O)[O-].[NH2+]1CC[NH2+]CC1
MAJRUK,-3.250499999999998,234.05767441209,2,4,CS(=O)(=O)[N-]S(C)(=O)=O.[NH3+]CC[NH3+]
MAJTAT,-3.753799999999999,232.972177604,2,1,[NH3+]C(CC[Se]C)C(O)=O.[Cl-]
MAKLUH,-9.224100000000009,312.09009400817996,4,4,O=[Se](=O)([O-])[O-].[NH3+]CC[NH2+]CC[NH2+]CC[NH3+].O
MANVEF,4.217600000000003,475.98955023599996,2,6,BrC1=CC(=O)c2ccccc2C1=O.Oc1cccc2C(=O)c3cccc(O)c3C(=O)c12
MAPYEL,-0.10750000000000037,316.14230712,3,5,Oc1cccc(O)c1C(=O)[O-].C[NH+]1CCCC1c1cccnc1
MAPYEL02,-0.10750000000000037,316.14230712,3,5,Oc1cccc(O)c1C(=O)[O-].C[NH+]1CCCC1c1cccnc1
MATMAV,-1.469899999999997,447.14754939200003,2,7,CS(=O)(=O)[O-].CCN1C=C(C(O)=O)C(=O)c2cc(F)c(cc12)N1CC[NH+](C)CC1.O
MATZEO,4.796700000000004,469.98574901599994,0,6,COc1cc(OC)c2C(=O)C3(Oc2c1Cl)C(C)CC(=O)C=C3OC.ClC(Cl)Cl
MATZEO01,4.796700000000004,469.98574901599994,0,6,COc1cc(OC)c2C(=O)C3(Oc2c1Cl)C(C)CC(=O)C=C3OC.ClC(Cl)Cl
MATZEO02,4.796700000000004,469.98574901599994,0,6,COc1cc(OC)c2C(=O)C3(Oc2c1Cl)C(C)CC(=O)C=C3OC.ClC(Cl)Cl
MAVGAS,-1.5186999999999937,498.1704301959099,2,9,OCCOCC[NH+]1CCN(CC1)C1=Nc2ccccc2Sc2ccccc12.O=C([O-])C=CC(=O)[O-]
MAVGEY,1.8901999999999994,272.090940244,4,4,OC(=O)c1ccccc1O.N1C=CN=C1C1=NC=CN1
MAXJEE,-1.3940999999999963,466.14569531200004,3,5,CC(=Cc1ccccc1)C=C1SC(=S)N(CC(=O)[O-])C1=O.O.C[N+](C)=C(N)N=C(N)N
MAZBOI,-0.390399999999997,475.14784599999996,3,8,OC(=O)C(OC(=O)c1ccccc1)C(OC(=O)c1ccccc1)C(=O)[O-].[NH3+]C(C(C)C)C(O)=O
MBPIQL,-0.8955999999999995,423.05640230009,2,2,C[n+]1ccc(cc1)c1cc[n+](C)cc1.Oc1ccc(O)cc1.[I-]
MCPRPL,0.6279000000000001,217.07726434,2,3,CC(CS)C(=O)N1CCCC1C(O)=O
MCPRPL01,0.6279000000000001,217.07726434,2,3,CC(CS)C(=O)N1CCCC1C(O)=O
MCPRPL02,0.6279000000000001,217.07726434,2,3,CC(CS)C(=O)N1CCCC1C(O)=O
MCPRPL03,0.6279000000000001,217.07726434,2,3,CC(CS)C(=O)N1CCCC1C(O)=O
MCPRPL04,0.6279000000000001,217.07726434,2,3,CC(CS)C(=O)N1CCCC1C(O)=O
MCPRPL05,0.6279000000000001,217.07726434,2,3,CC(CS)C(=O)N1CCCC1C(O)=O
MCPRPL06,0.6279000000000001,217.07726434,2,3,CC(CS)C(=O)N1CCCC1C(O)=O
MCPRPL07,0.6279000000000001,217.07726434,2,3,CC(CS)C(=O)N1CCCC1C(O)=O
MEBQEQ,-0.5088000000000001,129.033839968,2,3,NC1=NC(=O)NC=C1F
MEBQEQ01,-0.5088000000000001,129.033839968,2,3,NC1=NC(=O)NC=C1F
MEBQIU,0.03220000000000012,229.047439344,3,4,NC1=NC(=O)NC=C1F.OCC(F)(F)F
MEBQUG,-5.141099999999999,348.12050335599986,4,6,NC1=NC(=O)NC=C1F.NC1=NC(=O)NC=C1F.O.O.O.O.O
MEBRER,3.291400000000001,334.10659030799997,2,7,O1C(=NN=C1c1ccncc1)c1ccncc1.Oc1ccc(O)cc1
MEBRUH,0.9450999999999996,416.09681347199984,4,9,O1C(=NN=C1c1ccncc1)c1ccncc1.OC(=O)CC(O)(CC(O)=O)C(O)=O
MEBZEC,0.5253999999999994,468.0259315119999,4,5,Nc1c(Br)cc(Br)cc1C[NH2+]C1CCC(O)CC1.CC(=O)[O-].CO
MECHAF,2.0991999999999997,257.10519334,2,2,NC(=O)c1ccccc1.OC(=O)Cc1ccccc1
MECLOF10,4.743620000000003,295.01668395200005,2,2,Cc1ccc(Cl)c(Nc2ccccc2C(O)=O)c1Cl
MECLOF11,4.743620000000003,295.01668395200005,2,2,Cc1ccc(Cl)c(Nc2ccccc2C(O)=O)c1Cl
MECLOF12,4.743620000000003,295.01668395200005,2,2,Cc1ccc(Cl)c(Nc2ccccc2C(O)=O)c1Cl
MECTUL,-0.4500000000000006,224.082187128,3,6,Nc1ncccn1.NC1=NC(=O)NC=C1F
MECWIC,-1.3318000000000003,225.086189212,3,7,NC1=NC2=C(N=CN2COCCO)C(=O)N1
MECWIC01,-1.3318000000000003,225.086189212,3,7,NC1=NC2=C(N=CN2COCCO)C(=O)N1
MECWIC04,-1.3318000000000003,225.086189212,3,7,NC1=NC2=C(N=CN2COCCO)C(=O)N1
MECXID,-0.8482800000000001,254.092751812,4,6,CC1=CC(=O)NC(=N1)N.NC1=NC(=O)NC=C1F
MECXOJ,-1.6729800000000001,272.103316496,4,6,CC1=CC(=O)NC(=N1)N.NC1=NC(=O)NC=C1F.O
MEDDEG,-0.19110000000000005,274.131742436,3,4,[NH3+]CCc1ccc(O)cc1.Nc1ccc(cc1)C(=O)[O-]
MEDGEJ,-3.3816999999999986,272.11396087591004,2,5,[NH3+]CCc1ccc(O)cc1.O=C([O-])CCC(=O)[O-].O
MEGDIM,1.3207999999999998,420.14336973999997,2,5,[O-][n+]1ccc(cc1)c1cc[n+]([O-])cc1.CCC1(C(=O)NC(=O)NC1=O)c1ccccc1
MEGREZ,0.32612000000000124,464.1365701079999,4,7,CC(C)NC(=O)NS(=O)(=O)c1c[nH+]ccc1Nc1cccc(C)c1.OC(=O)C=CC(=O)[O-]
MEGRID,-1.5647799999999972,437.1136435919099,3,8,CC(C)NC(=O)NS(=O)(=O)c1c[nH+]ccc1Nc1cccc(C)c1.O=C([O-])C(=O)[O-]
MEKWUU,4.457400000000006,404.17360724799994,4,6,C(Cc1ccncc1)c1ccncc1.Oc1ccc(O)cc1.Oc1ccc(O)cc1
MELATN,1.8550999999999997,232.121177752,2,2,COc1ccc2NC=C(CCNC(C)=O)c2c1
MELATN01,1.8550999999999997,232.121177752,2,2,COc1ccc2NC=C(CCNC(C)=O)c2c1
MELATN02,1.8550999999999997,232.121177752,2,2,COc1ccc2NC=C(CCNC(C)=O)c2c1
MELATN03,1.8550999999999997,232.121177752,2,2,COc1ccc2NC=C(CCNC(C)=O)c2c1
MELATN04,1.8550999999999997,232.121177752,2,2,COc1ccc2NC=C(CCNC(C)=O)c2c1
MELATN05,1.8550999999999997,232.121177752,2,2,COc1ccc2NC=C(CCNC(C)=O)c2c1
MELFEP01,4.857900000000004,493.189897276,2,5,CCO.Clc1cccc(N2CCN(CCCCOc3ccc4CCC(=O)Nc4c3)CC2)c1Cl
MELFIT01,4.859300000000004,447.14803246400004,1,4,Clc1cccc(N2CCN(CCCCOc3ccc4CCC(=O)Nc4c3)CC2)c1Cl
MELFIT02,4.859300000000004,447.14803246400004,1,4,Clc1cccc(N2CCN(CCCCOc3ccc4CCC(=O)Nc4c3)CC2)c1Cl
MELFIT05,4.859300000000004,447.14803246400004,1,4,Clc1cccc(N2CCN(CCCCOc3ccc4CCC(=O)Nc4c3)CC2)c1Cl
MELFIT07,4.859300000000004,447.14803246400004,1,4,Clc1cccc(N2CCN(CCCCOc3ccc4CCC(=O)Nc4c3)CC2)c1Cl
MELFIT08,4.859300000000004,447.14803246400004,1,4,Clc1cccc(N2CCN(CCCCOc3ccc4CCC(=O)Nc4c3)CC2)c1Cl
MELFIT09,4.859300000000004,447.14803246400004,1,4,Clc1cccc(N2CCN(CCCCOc3ccc4CCC(=O)Nc4c3)CC2)c1Cl
MELFIT10,4.859300000000004,447.14803246400004,1,4,Clc1cccc(N2CCN(CCCCOc3ccc4CCC(=O)Nc4c3)CC2)c1Cl
MELFIT11,4.859300000000004,447.14803246400004,1,4,Clc1cccc(N2CCN(CCCCOc3ccc4CCC(=O)Nc4c3)CC2)c1Cl
MELFIT12,4.859300000000004,447.14803246400004,1,4,Clc1cccc(N2CCN(CCCCOc3ccc4CCC(=O)Nc4c3)CC2)c1Cl
MELFIT13,4.859300000000004,447.14803246400004,1,4,Clc1cccc(N2CCN(CCCCOc3ccc4CCC(=O)Nc4c3)CC2)c1Cl
MELFIT14,4.859300000000004,447.14803246400004,1,4,Clc1cccc(N2CCN(CCCCOc3ccc4CCC(=O)Nc4c3)CC2)c1Cl
MELFIT15,4.859300000000004,447.14803246400004,1,4,Clc1cccc(N2CCN(CCCCOc3ccc4CCC(=O)Nc4c3)CC2)c1Cl
MELFIT16,4.859300000000004,447.14803246400004,1,4,Clc1cccc(N2CCN(CCCCOc3ccc4CCC(=O)Nc4c3)CC2)c1Cl
MELFIT17,4.859300000000004,447.14803246400004,1,4,Clc1cccc(N2CCN(CCCCOc3ccc4CCC(=O)Nc4c3)CC2)c1Cl
MELFIT18,4.859300000000004,447.14803246400004,1,4,Clc1cccc(N2CCN(CCCCOc3ccc4CCC(=O)Nc4c3)CC2)c1Cl
MELFIT19,4.859300000000004,447.14803246400004,1,4,Clc1cccc(N2CCN(CCCCOc3ccc4CCC(=O)Nc4c3)CC2)c1Cl
MELFOZ,4.467800000000004,479.174247212,2,5,Clc1cccc(N2CCN(CCCCOc3ccc4CCC(=O)Nc4c3)CC2)c1Cl.CO
MELFOZ01,4.467800000000004,479.174247212,2,5,Clc1cccc(N2CCN(CCCCOc3ccc4CCC(=O)Nc4c3)CC2)c1Cl.CO
MELFUF,4.034600000000005,465.158597148,1,4,Clc1cccc(N2CCN(CCCCOc3ccc4CCC(=O)Nc4c3)CC2)c1Cl.O
MELFUF01,4.034600000000005,465.158597148,1,4,Clc1cccc(N2CCN(CCCCOc3ccc4CCC(=O)Nc4c3)CC2)c1Cl.O
MELFUF02,3.2099000000000033,483.169161832,1,4,Clc1cccc(N2CCN(CCCCOc3ccc4CCC(=O)Nc4c3)CC2)c1Cl.O.O
MELWAC,-1.8100999999999985,307.08360236799996,4,3,N1C=C[NH+]=C1C1=NC=CN1.Nc1ccc(cc1)C(O)=O.[Cl-]
MELXOR,-4.219799999999997,388.1342616,1,9,O=C([O-])c1ccc(cc1N(=O)=O)N(=O)=O.C1[NH+]2CN3CN1CN(C2)C3.O.O
MELYUY,-10.08490000000001,282.18922277218,4,4,O=C([O-])C(=O)[O-].[NH2+]1CC[NH2+]CC1.[NH2+]1CC[NH2+]CC1.O
MELYUY01,-10.08490000000001,282.18922277218,4,4,O=C([O-])C(=O)[O-].[NH2+]1CC[NH2+]CC1.[NH2+]1CC[NH2+]CC1.O
MENMIB01,3.5801200000000026,308.082874096,0,4,CC1=NN=C2CN=C(c3ccccc3)c3cc(Cl)ccc3N12
MENPOL,-7.426899999999998,262.07930668391003,3,6,O=C([O-])c1nccnc1C(=O)[O-].NC(N)=[NH2+].O.O
MEPCIU,-1.6551999999999993,416.0623192279099,3,7,Oc1cccc2ccc[nH+]c12.OC(=O)c1cc(C(=O)[O-])c(cc1C(=O)[O-])C(O)=O.O
MEQCOB,2.0881999999999996,385.24777523200004,0,6,O=C1CC2(CCCC2)CC(=O)N1CCCCN1CCN(CC1)c1ncccn1
MEQPON,-1.5701,186.0640568,2,3,N1C=[NH+]C=C1.OC(=O)CCC(=O)[O-]
MEQPON01,-1.5700999999999987,186.0640568,2,3,OC(=O)CCC(=O)[O-].N1C=[NH+]C=C1
MEQPON02,-3.1401999999999965,372.12811360000006,4,6,OC(=O)CCC(=O)[O-].OC(=O)CCC(=O)[O-].N1C=[NH+]C=C1.N1C=[NH+]C=C1
MEQPON03,-1.5700999999999987,186.0640568,2,3,OC(=O)CCC(=O)[O-].N1C=[NH+]C=C1
MEQPON04,-1.5700999999999987,186.0640568,2,3,OC(=O)CCC(=O)[O-].N1C=[NH+]C=C1
MEQPON05,-1.5700999999999987,186.0640568,2,3,OC(=O)CCC(=O)[O-].N1C=[NH+]C=C1
MEQPON06,-1.5700999999999987,186.0640568,2,3,OC(=O)CCC(=O)[O-].N1C=[NH+]C=C1
MEQPON07,-1.5700999999999987,186.0640568,2,3,OC(=O)CCC(=O)[O-].N1C=[NH+]C=C1
MEQPON08,-1.5700999999999987,186.0640568,2,3,OC(=O)CCC(=O)[O-].N1C=[NH+]C=C1
MEQPON09,-1.5700999999999987,186.0640568,2,3,OC(=O)CCC(=O)[O-].N1C=[NH+]C=C1
MEQPON10,-1.5700999999999987,186.0640568,2,3,OC(=O)CCC(=O)[O-].N1C=[NH+]C=C1
MERLEA,0.6755400000000007,401.04087460000005,3,3,Brc1ccc(cc1)S(=O)(=O)[O-].NC(N)=[NH2+].Cc1cccc(C)c1
MERLIE,0.6755400000000007,401.04087460000005,3,3,Brc1ccc(cc1)S(=O)(=O)[O-].NC(N)=[NH2+].Cc1ccccc1C
MERLOK,0.5176400000000012,449.0270105,3,3,Ic1ccc(cc1)S(=O)(=O)[O-].NC(N)=[NH2+].Cc1cccc(C)c1
MERMAX,0.22146000000000177,337.14601259600005,3,3,Cc1ccc(cc1)S(=O)(=O)[O-].NC(N)=[NH2+].Cc1cccc(C)c1
MERMIF,0.5176400000000012,449.0270105,3,3,Ic1ccc(cc1)S(=O)(=O)[O-].NC(N)=[NH2+].Cc1ccccc1C
MERMUR,0.5664400000000012,357.09139017999996,3,3,Clc1ccc(cc1)S(=O)(=O)[O-].NC(N)=[NH2+].Cc1cccc(C)c1
MERNOM,-0.033199999999998786,464.03790953200007,3,4,Ic1ccc(cc1)S(=O)(=O)[O-].NC(N)=[NH2+].CN(C)c1ccccc1
MERNUS,-0.32937999999999845,352.156911628,3,4,Cc1ccc(cc1)S(=O)(=O)[O-].NC(N)=[NH2+].CN(C)c1ccccc1
MERPAA,0.22146000000000177,337.14601259600005,3,3,Cc1ccc(cc1)S(=O)(=O)[O-].NC(N)=[NH2+].Cc1ccccc1C
MERPEE,0.5664400000000012,357.09139017999996,3,3,Clc1ccc(cc1)S(=O)(=O)[O-].NC(N)=[NH2+].Cc1ccc(C)cc1
MERPII,-0.08695999999999815,323.13036253200005,3,3,O=S(=O)([O-])c1ccccc1.NC(N)=[NH2+].Cc1ccc(C)cc1
MERPOO,-0.6377999999999984,338.141261564,3,4,O=S(=O)([O-])c1ccccc1.NC(N)=[NH2+].CN(C)c1ccccc1
MERPUM,-1.1469000000000003,170.026231812,1,3,[S-]c1[nH+]cnc2N=CNc12.O
MERPUM01,-1.1469000000000003,170.026231812,1,3,[S-]c1[nH+]cnc2N=CNc12.O
MERPUM03,0.1907899999999999,170.026231812,2,3,S=C1NC=NC2=C1NC=N2.O
MERPUM04,0.1907899999999999,170.026231812,2,3,S=C1NC=NC2=C1NC=N2.O
MERPUU,0.6030000000000003,363.0211177000001,3,3,Clc1ccccc1Cl.O=S(=O)([O-])c1ccccc1.NC(N)=[NH2+]
MERSAD,-1.819299999999997,372.03295074791,3,6,NC(N)=[NH2+].O=S(=O)([O-])c1ccc(cc1)c1ccc(cc1)S(=O)(=O)[O-]
MERSUX,-1.819299999999997,372.03295074791,3,6,NC(N)=[NH2+].O=S(=O)([O-])c1ccc(cc1)c1ccc(cc1)S(=O)(=O)[O-]
MERSUX01,-1.819299999999997,372.03295074791,3,6,NC(N)=[NH2+].O=S(=O)([O-])c1ccc(cc1)c1ccc(cc1)S(=O)(=O)[O-]
MESTEM,-1.8632799999999985,309.08822294799995,3,5,Cc1ccc(cc1)S(=O)(=O)[O-].[NH3+]C(C(C)O)C(O)=O.O
MESXIU,-0.5787000000000004,259.04807238800004,2,5,OC1=C([O-])C(=O)C1=O.Oc1cccc2ccc[nH+]c12
MESXOA,2.9742000000000006,290.105527688,2,4,Oc1cccc(O)c1.c1cc(ccn1)C#Cc1ccncc1
MESXOA01,2.9742000000000006,290.105527688,2,4,Oc1cccc(O)c1.c1cc(ccn1)C#Cc1ccncc1
MESXOA02,2.9742000000000006,290.105527688,2,4,Oc1cccc(O)c1.c1cc(ccn1)C#Cc1ccncc1
MESXOA03,2.9742000000000006,290.105527688,2,4,Oc1cccc(O)c1.c1cc(ccn1)C#Cc1ccncc1
MESXOA04,2.9742000000000006,290.105527688,2,4,Oc1cccc(O)c1.c1cc(ccn1)C#Cc1ccncc1
MESXOA05,2.9742000000000006,290.105527688,2,4,Oc1cccc(O)c1.c1cc(ccn1)C#Cc1ccncc1
MESZAO,-0.10209999999999975,246.100442308,3,4,Oc1ccccc1C(=O)[O-].[NH3+]c1ccccc1N
MESZAO01,-0.10210000000000063,246.100442308,3,4,[NH3+]c1ccccc1N.Oc1ccccc1C(=O)[O-]
METHAC,0.7233999999999999,285.96395104,3,6,OC(=O)CSC(SCC(O)=O)SCC(O)=O
METHCL,-3.561399999999998,185.027727304,2,2,[NH3+]C(CCSC)C(O)=O.[Cl-]
METHCL01,-3.5613999999999972,185.027727304,2,2,[Cl-].[NH3+]C(CCSC)C(O)=O
METHUS,2.0608,239.988332384,0,4,CN(C)C(=S)SSC(=S)N(C)C
METHUS01,2.0608,239.988332384,0,4,CN(C)C(=S)SSC(=S)N(C)C
METHUS02,2.0608,239.988332384,0,4,CN(C)C(=S)SSC(=S)N(C)C
METHUS03,2.0608,239.988332384,0,4,CN(C)C(=S)SSC(=S)N(C)C
METHUS04,2.0608,239.988332384,0,4,CN(C)C(=S)SSC(=S)N(C)C
METPRA,2.0023999999999997,299.14005462399996,2,4,CCN(CC)CCNC(=O)c1cc(Cl)c(N)cc1OC
METPRA01,2.0023999999999997,299.14005462399996,2,4,CCN(CC)CCNC(=O)c1cc(Cl)c(N)cc1OC
METQOS,-3.289199999999996,299.136887392,4,6,O=Cc1ccccc1C(=O)[O-].OCC[NH+](CCO)CCO
METVAJ,-3.1122999999999985,150.08731766409,2,3,O=N(=O)[O-].[NH2+]1CC[NH2+]CC1
MEVXIU,-2.684999999999996,342.128782296,1,8,O=N(=O)c1ccc([O-])c(c1)N(=O)=O.C1[NH+]2CN3CN1CN(C2)C3.O
MEVXIU01,-2.684999999999996,342.128782296,1,8,O=N(=O)c1ccc([O-])c(c1)N(=O)=O.C1[NH+]2CN3CN1CN(C2)C3.O
MEWCUQ,4.409040000000001,335.16337691200005,3,4,Cc1cccc(Nc2ccccc2C(O)=O)c1C.Nc1cccnc1
MEWTAL,0.2814999999999991,410.11502405199985,3,9,OC(CN1C=NC=N1)(CN1C=NC=N1)c1ccc(F)cc1F.OC(=O)CC(O)=O
MEXMUB,4.990600000000004,402.15795718399994,2,4,NC(=O)N1c2ccccc2C=Cc2ccccc12.COc1ccc(C(C)=O)c(O)c1
MEXSOZ,-0.9264999999999972,303.15829153199996,3,3,C[NH2+]C1CCC2=C(C1)c1cc(ccc1N2)C(N)=O.CC(=O)[O-]
MEXTIU,-1.5400999999999971,151.084457896,2,4,C[N+](C)(C)CC(=O)[O-].OO
MEXTIU01,-1.5400999999999971,151.084457896,2,4,C[N+](C)(C)CC(=O)[O-].OO
MEYDPA,-0.7007000000000001,175.963961172,4,2,OP(O)(=O)CP(O)(O)=O
MEYDPA11,-0.7007000000000001,175.963961172,4,2,OP(O)(=O)CP(O)(O)=O
MEYGII,-2.3283000000000005,271.99632391999995,4,5,OC(CN1C=[NH+]C=C1)(P(O)(O)=O)P(O)(=O)[O-]
MEYGII01,-2.3283000000000005,271.99632391999995,4,5,OC(CN1C=[NH+]C=C1)(P(O)(O)=O)P(O)(=O)[O-]
MGAPYC10,-3.6523799999999964,311.02796728409,0,7,O=[Cl](=O)(=O)[O-].CN1N(C(=O)C=C1C)c1ccccc1.[Mg+2]
MHOCUM,2.9014000000000006,336.063388104,2,6,OC1=C(CC2=C(O)c3ccccc3OC2=O)C(=O)Oc2ccccc12
MHOCUM01,2.9014000000000006,336.063388104,2,6,OC1=C(CC2=C(O)c3ccccc3OC2=O)C(=O)Oc2ccccc12
MICGOW,4.234620000000004,430.24024732799995,2,7,CN1CCN(CC1)C1=Nc2ccccc2NC2=C1C=C(C)S2.CCCCOCCO
MICHEN,2.4102200000000003,374.17764707199996,3,7,CN1CCN(CC1)C1=Nc2ccccc2NC2=C1C=C(C)S2.OCCO
MICHIR,3.4378200000000025,358.182732452,2,6,CN1CCN(CC1)C1=Nc2ccccc2NC2=C1C=C(C)S2.CCO
MICHOX,3.221120000000003,436.2508120119999,1,6,CN1CCN(CC1)C1=Nc2ccccc2NC2=C1C=C(C)S2.COC(C)(C)C.O.O
MICHUD,3.781820000000003,418.240247328,2,6,O.CN1CCN(CC1)C1=Nc2ccccc2NC2=C1C=C(C)S2.CCCC(C)O
MICJAL,3.3629200000000026,451.2980965520001,1,6,CCN(CC)CC.O.O.CN1CCN(CC1)C1=Nc2ccccc2NC2=C1C=C(C)S2.[H].[H]
MICKEQ,2.586620000000001,420.2195118839999,1,6,CN1CCN(CC1)C1=Nc2ccccc2NC2=C1C=C(C)S2.O.O.C1CCOC1
MICKIU,2.872720000000002,420.21951188400004,1,7,O.C1COCCO1.CN1CCN(CC1)C1=Nc2ccccc2NC2=C1C=C(C)S2.[H].[H]
MICKOA,2.6145200000000006,330.15143232400004,1,5,O.CN1CCN(CC1)C1=Nc2ccccc2NC2=C1C=C(C)S2
MICKOA01,3.298820000000002,404.18821175599993,1,7,CN1CCN(CC1)C1=Nc2ccccc2NC2=C1C=C(C)S2.O.CC1(C)OO1
MICKUG,2.6145200000000006,330.151432324,1,5,CN1CCN(CC1)C1=Nc2ccccc2NC2=C1C=C(C)S2.O
MICLAN,0.8944199999999995,384.16065432400006,1,5,CN1CCN(CC1)C1=Nc2ccccc2NC2=C1C=C(C)S2.O.[N]C([N])=[N]
MICLER,2.6145200000000006,330.15143232400004,1,5,O.CN1CCN(CC1)C1=Nc2ccccc2NC2=C1C=C(C)S2
MICLIV,2.6145200000000006,330.151432324,1,5,CN1CCN(CC1)C1=Nc2ccccc2NC2=C1C=C(C)S2.O
MICLOB,2.23962,406.20386182,2,7,O.CN1CCN(CC1)C1=Nc2ccccc2NC2=C1C=C(C)S2.COCCO
MICMAO,2.58608,412.15691162799993,3,7,CN1CCN(CC1)C1=Nc2ccccc2NC2=C1C=C(C)S2.O.[C][C](O)[C]([C])O
MICMES,3.003220000000002,390.20894719999995,2,6,CN1CCN(CC1)C1=Nc2ccccc2NC2=C1C=C(C)S2.O.CCCO
MIFPOI,4.207900000000003,354.21949481999997,2,3,CC12CCC3C(CCc4cc(O)ccc34)C1CCC2(O)C#C.CC(C)=O
MIFQID,3.602000000000003,452.20550163199994,2,4,CS(C)=O.CS(C)=O.CC12CCC3C(CCc4cc(O)ccc34)C1CCC2(O)C#C
MIFRAW,4.779900000000005,384.26644501199996,3,3,CC12CCC3C(CCc4cc(O)ccc34)C1CCC2(O)C#C.CCCC(C)O
MIFVOO,4.213420000000004,432.25589739199995,3,7,CN1CCN(CC1)C1=Nc2ccccc2NC2=C1C=C(C)S2.CC(C)O.CC(C)O
MIFYOS,-5.525799999999999,188.98832274008998,2,0,[I-].[NH3+]CC[NH3+]
MIGCOY,2.4827899999999996,280.088163372,4,4,CCCC1=CC(=O)NC(=S)N1.Oc1ccc(O)cc1
MIHJEW,0.6961000000000004,455.09024281600006,4,5,OC(C(O)C(=O)[O-])C(O)=O.C[NH2+]C1CCC(c2ccc(Cl)c(Cl)c2)c2ccccc12
MIHJIA,-0.9533000000000003,491.11137218399983,4,5,C[NH2+]C1CCC(c2ccc(Cl)c(Cl)c2)c2ccccc12.OC(C(O)C(=O)[O-])C(O)=O.O.O
MIHLIB,1.56828,251.07537358,1,4,OB1OCc2cc(Oc3ccc(cc3)C#N)ccc12
MIHZUA,-3.352299999999997,385.130756456,2,5,[NH3+]C(C(=O)NC1C2SCC(=C(N2C1=O)C(=O)[O-])C)C1=CCC=CC1.O.O
MIJDIU,0.7279999999999998,409.0943709479999,2,6,COC(=O)NC1=[NH+]c2cc(ccc2N1)C(=O)c1ccccc1.CS(=O)(=O)[O-].O
MIKTOT,1.3675199999999998,429.048683708,2,6,CN1C(=C(O)c2ccccc2S1(=O)=O)C(=O)N=C1NC=C(C)S1.CS(C)=O
MIKTUZ,2.36062,419.07219602400005,3,7,CN1C(=C(O)c2ccccc2S1(=O)=O)C(=O)NC1=NC=C(C)S1.N1C=CC=N1
MILLIC,-2.162099999999997,368.1080468520001,2,9,OC(=O)c1cc(cc(c1[O-])N(=O)=O)N(=O)=O.C1[NH+]2CN3CN1CN(C2)C3
MILLIC01,-2.162099999999997,368.1080468520001,2,9,OC(=O)c1cc(cc(c1[O-])N(=O)=O)N(=O)=O.C1[NH+]2CN3CN1CN(C2)C3
MILQIK,-3.26631,212.06255946009,2,6,O=N(=O)[C-](N(=O)=O)N(=O)=O.[NH3+]CC[NH3+]
MIMMII,2.5025200000000005,367.18959166,4,3,CC1=C(CCNCc2ccc(C=CC(=O)NO)cc2)c2ccccc2N1.O
MIMQIJ,3.3872000000000018,236.094963004,1,1,NC(=O)N1c2ccccc2C=Cc2ccccc12
MIMQIJ01,3.3872000000000018,236.094963004,1,1,NC(=O)N1c2ccccc2C=Cc2ccccc12
MIMRUZ,0.7159199999999994,257.141578848,1,2,O=C([O-])Cc1ccccc1.[NH3+]Cc1ccc(C)cc1
MINRAE,3.130580000000001,421.1320938480001,3,6,O=S1(=O)Nc2c3cccnc3c3ncccc3c2[N-]1.[NH3+]c1ccc(N)cc1.CC#N
MINROS,1.3783999999999998,380.05792586399997,2,6,O=S1(=O)N=C2c3cccnc3c3ncccc3C2=N1.Oc1ccc(O)cc1
MIPCUN,-0.05179999999999807,451.17770664799997,3,6,[NH3+]Cc1ccc(cc1)S(N)(=O)=O.CC(C)(C)OC(=O)NC(Cc1ccccc1)C(=O)[O-]
MIPVAI,-0.7138999999999984,464.118811868,2,8,OC(=O)c1ccccc1SSc1ccccc1C(=O)[O-].O.C1[NH+]2CN3CN1CN(C2)C3
MIPVIQ,-0.7614999999999976,324.1433697399999,2,6,C1N2CN3CN1CN(C2)C3.OC(=O)c1cccc(c1)C(O)=O.O
MIQCIB,-2.6391999999999936,450.20021591999983,4,6,[NH3+]C(Cc1ccccc1)C(=O)[O-].[NH3+]C(Cc1ccccc1)C(=O)[O-].CC(O)=O.CC(O)=O
MIQDUO,2.6145200000000006,330.151432324,1,5,CN1CCN(CC1)C1=Nc2ccccc2NC2=C1C=C(C)S2.O
MIQGAX,2.326700000000001,416.2198887439999,2,6,CC1(C)OC2CC3C4CCC5=CC(=O)C=CC5(C)C4C(O)CC3(C)C2(O1)C(=O)CO
MIRQEJ,1.6005,282.04227579999997,3,7,NC1=NC=C(S1)N(=O)=O.Nc1ccc(cc1)C(O)=O
MISKAE,-2.899599999999997,323.1593541520001,4,4,COc1cc(C=CC(=O)[O-])ccc1O.CN(C)C(=[NH2+])N=C(N)N
MISMUX,2.1975999999999996,335.16674804,1,3,CN(C)CCC1=CNc2ccc(CS(=O)(=O)N3CCCC3)cc12
MISNAE,-1.6475999999999937,469.1882713319999,4,6,C[NH+](C)CCC1=CNc2ccc(CS(=O)(=O)N3CCCC3)cc12.OC(CC(O)=O)C(=O)[O-]
MISNIP,2.9330000000000007,403.1631021399999,2,5,O=C(C=CC=Cc1ccc2OCOc2c1)N1CCCCC1.OC(=O)CCC(O)=O
MIVDIE,0.05439999999999978,293.092928002,4,2,OP(=O)[O-].[NH2+]=C(Nc1ccccc1)Nc1ccccc1
MIVHOO,-0.7327999999999999,230.06739423399998,2,0,F[Si-2](F)(F)(F)(F)F.[NH2+]1CC[NH2+]CC1
MIXBAA,3.3872000000000018,236.094963004,1,1,NC(=O)N1c2ccccc2C=Cc2ccccc12
MIYBOM,-0.17179999999999795,429.14553392799996,1,6,[Cl-].COCCOc1cc2[nH+]cnc(Nc3cccc(c3)C#C)c2cc1OCCOC
MIYCUT,-2.1851999999999956,185.097127192,1,0,[Cl-].C[NH2+]C(C)Cc1ccccc1
MIYLOV,-0.2512999999999995,365.08591443999995,3,8,[NH3+]CCc1ccc(O)c(O)c1.O=C([O-])c1cc(cc(c1)N(=O)=O)N(=O)=O
MNIMET,0.09201999999999982,171.064391148,1,5,CC1=NC=C(N1CCO)N(=O)=O
MNIMET02,0.09201999999999982,171.064391148,1,5,CC1=NC=C(N1CCO)N(=O)=O
MNIMET03,0.09201999999999982,171.064391148,1,5,CC1=NC=C(N1CCO)N(=O)=O
MNIMET04,0.09201999999999982,171.064391148,1,5,CC1=NC=C(N1CCO)N(=O)=O
MNIMET05,0.09201999999999982,171.064391148,1,5,CC1=NC=C(N1CCO)N(=O)=O
MNIMET06,0.09201999999999982,171.064391148,1,5,CC1=NC=C(N1CCO)N(=O)=O
MNIMET07,0.09201999999999982,171.064391148,1,5,CC1=NC=C(N1CCO)N(=O)=O
MOBXEJ,2.5467000000000004,460.236207504,2,4,COc1ccc2cc(ccc2c1)C(C)C(=O)[O-].O.[NH3+]C(C(N)c1ccccc1)c1ccccc1
MOCXUX,-2.188299999999998,265.06200820000004,3,5,[NH3+]C(CCSC)C(O)=O.OC(=O)C=CC(=O)[O-]
MODBEP,-14.240600000000004,241.99924328,1,7,OC(CC(=O)[O-])(CC(=O)[O-])C(=O)[O-].[K+].[Li+].[Li+]
MODBIQ,-2.650499999999999,300.99240441600006,1,6,O=[Cl](=O)(=O)[O-].N1C(=[NH+]c2ccccc12)C1=CSC=N1
MODPAA,-3.382299999999999,270.06003404,3,5,O=C1NC=[NH+]C2=NNC=C12.OC(=O)C=CC(=O)[O-].O
MODPEE,-6.207899999999998,380.08289472399986,4,8,O=C1NC=[NH+]C2=C1C=NN2.O=C1NC=[NH+]C2=NNC=C12.O=C([O-])C(=O)[O-].O
MOFVOS,-2.412000000000001,301.011639636,4,4,OC(Cc1c[nH+]ccc1)(P(O)(O)=O)P(O)(=O)[O-].O
MOFVOS01,-2.412000000000001,301.011639636,4,4,OC(Cc1c[nH+]ccc1)(P(O)(O)=O)P(O)(=O)[O-].O
MOFVOS02,-2.412000000000001,301.011639636,4,4,OC(Cc1c[nH+]ccc1)(P(O)(O)=O)P(O)(=O)[O-].O
MOGZAJ,-1.0357999999999985,276.08136374000003,1,5,CS(=O)(=O)[N-]S(C)(=O)=O.C[N+](C)(C)CCO
MOGZEN,-0.9434999999999982,290.060628296,1,5,CS(=O)(=O)[N-]S(C)(=O)=O.C[N+](C)(C)CC(O)=O
MOGZEP,4.111720000000003,476.0808850719999,2,6,Cc1ccc(cn1)c1ncc(Cl)cc1c1ccc(cc1)S(C)(=O)=O.OC(=O)CCC(O)=O
MOGZOX,0.6388,318.03441354800003,1,5,CS(=O)(=O)[N-]S(C)(=O)=O.Oc1cccc2ccc[nH+]c12
MOKTUC,0.9112,257.141578848,1,2,O=C([O-])c1ccccc1.[NH3+]CCCc1ccccc1
MOKXIU,-1.4167999999999963,480.108225888,2,2,C[NH+]1CCCC1CC1=CNc2ccc(CCS(=O)(=O)c3ccccc3)cc12.[Br-].O
MOKXOA,-2.344299999999995,371.143425752,3,2,CNS(=O)(=O)CCc1ccc2NC=C(C3CC[NH+](C)CC3)c2c1.[Cl-]
MOLXIW,-4.264879999999997,306.06186388,1,6,CN1[N+](=C(O)C=C1C)c1ccccc1.O=[Cl](=O)(=O)[O-].O
MOLXIW01,-4.264879999999995,306.06186388000003,1,6,O=[Cl](=O)(=O)[O-].CN1[N+](=C(O)C=C1C)c1ccccc1.O
MOMFAX,-1.9557599999999946,476.1462621999999,1,9,CN1[N+](=C(O)C=C1C)c1ccccc1.CN1N(C(=O)C=C1C)c1ccccc1.O=[Cl](=O)(=O)[O-]
MOMYAS,-11.949300000000006,354.98214891200007,2,9,O=[Cl](=O)(=O)[O-].O.O=[Cl](=O)(=O)[O-].[NH3+]NC(=O)c1cc[nH+]cc1
MOPFEG,-1.2952999999999992,322.080100788,3,5,OC(=O)c1cc(cc(c1)C(=O)[O-])C(O)=O.Nc1cc[nH+]cc1.O
MOPHAC,-2.3531999999999993,270.007543702,4,4,[NH3+]c1ccc(cc1)S(N)(=O)=O.OP(O)(=O)[O-]
MOPHLC,1.4008,124.052429496,1,2,COc1ccc(O)cc1
MOPROC,4.625800000000004,463.056524664,2,6,OC(=O)CSC1=NN=C(Br)N1c1ccc(C2CC2)c2ccccc12.CCCO
MOPSAP,4.6242000000000045,463.056524664,2,6,OC(=O)CSC1=NN=C(Br)N1c1ccc(C2CC2)c2ccccc12.CC(C)O
MOPSET,3.9422800000000033,462.03612356800005,1,6,OC(=O)CSC1=NN=C(Br)N1c1ccc(C2CC2)c2ccccc12.CC#N.O
MORPHC,-5.689099999999991,375.14486523199986,3,3,[Cl-].C[NH+]1CCC23C4Oc5c(O)ccc(CC1C2C=CC4O)c35.O.O.O
MORPHI,-4.8643999999999945,449.06992086799994,3,3,C[NH+]1CCC23C4Oc5c(O)ccc(CC1C2C=CC4O)c35.O.O.[I-]
MORPHM,0.3733999999999998,303.147058152,2,4,CN1CCC23C4Oc5c(O)ccc(CC1C2C=CC4O)c35.O
MORPHM01,0.3733999999999998,303.147058152,2,4,CN1CCC23C4Oc5c(O)ccc(CC1C2C=CC4O)c35.O
MORPHM02,0.3733999999999998,303.147058152,2,4,CN1CCC23C4Oc5c(O)ccc(CC1C2C=CC4O)c35.O
MORPHM03,0.3733999999999998,303.147058152,2,4,CN1CCC23C4Oc5c(O)ccc(CC1C2C=CC4O)c35.O
MORPHM04,0.3733999999999998,303.147058152,2,4,CN1CCC23C4Oc5c(O)ccc(CC1C2C=CC4O)c35.O
MORPHM05,0.3733999999999998,303.147058152,2,4,CN1CCC23C4Oc5c(O)ccc(CC1C2C=CC4O)c35.O
MORPHM06,0.3733999999999998,303.147058152,2,4,CN1CCC23C4Oc5c(O)ccc(CC1C2C=CC4O)c35.O
MORPHM07,0.3733999999999998,303.147058152,2,4,CN1CCC23C4Oc5c(O)ccc(CC1C2C=CC4O)c35.O
MORPIN01,1.1981,285.136493468,2,4,CN1CCC23C4Oc5c(O)ccc(CC1C2C=CC4O)c35
MOSFIL,-3.730900000000001,218.051200672,3,6,O=N(=O)C1=NN=C([N-]1)N(=O)=O.NC(N)=[NH2+]
MOSKEL,0.9020000000000001,344.109625,3,5,NC(=O)c1cccnc1.NC(=O)c1cccnc1.OCC(F)(F)F
MOSMIR,-2.653399999999997,335.05546001990996,3,8,NC1=[NH+]C=CS1.O=C([O-])CCC(=O)[O-].OC(=O)CCC(O)=O
MOSMIR01,-2.6533999999999986,335.05546001991,3,8,NC1=[NH+]C=CS1.OC(=O)CCC(O)=O.O=C([O-])CCC(=O)[O-]
MOSNAK,-2.9208999999999987,202.05897141999998,2,4,OC(=O)C(=O)[O-].Nc1cc[nH+]cc1.O
MOSNAK01,-2.9208999999999987,202.05897141999998,2,4,OC(=O)C(=O)[O-].Nc1cc[nH+]cc1.O
MOSQUH,2.2192999999999996,474.22536804799995,3,7,CC1CC2C3CCC(O)(C(=O)COC(=O)CCC(O)=O)C3(C)CC(O)C2C2(C)C=CC(=O)C=C12
MOSSOD,-5.651599999999997,176.10296772809,3,3,[NH2+]1CC[NH2+]CC1.NC(=O)C(=O)[O-]
MOSXUO,3.2472000000000003,212.97481914,1,2,Oc1c(Cl)cc(Cl)c2cccnc12
MOTSUM,-2.543799999999999,242.05388604,3,5,OC(=O)c1cccc(n1)C(O)=O.[NH3+]CC(=O)[O-]
MOTSUM01,-2.543799999999999,242.05388604,3,5,OC(=O)c1cccc(n1)C(O)=O.[NH3+]CC(=O)[O-]
MOTTAT,-0.6578000000000004,290.05388603999995,2,5,O=C([O-])c1c[nH+]ccc1.OC(=O)c1cccc(n1)C(O)=O
MOTTAT01,-0.6578000000000004,290.05388603999995,2,5,O=C([O-])c1c[nH+]ccc1.OC(=O)c1cccc(n1)C(O)=O
MOVDAF,0.7701199999999999,453.02353158,3,8,CC1=NNC(S1)=NS(=O)(=O)c1ccc(N)cc1.O=C1NS(=O)(=O)c2ccccc12
MOVLOZ,-4.933699999999997,155.03492086,3,2,[Cl-].[NH3+]C(C(C)O)C(O)=O
MOVLOZ01,-4.933699999999997,155.03492086,3,2,[Cl-].[NH3+]C(C(C)O)C(O)=O
MOVYOO,0.6815999999999995,283.11682064400003,3,5,OC(=O)CCCCCC(O)=O.NC(=O)c1cnccn1
MOVYOO01,0.6815999999999995,283.11682064400003,3,5,OC(=O)CCCCCC(O)=O.NC(=O)c1cnccn1
MOWMUJ,-2.4190799999999975,359.072196024,3,7,CC1=NNC(S1)=NS(=O)(=O)c1ccc(N)cc1.C[NH2+]CC(=O)[O-]
MOXAZO,0.37359999999999993,143.058243148,0,3,CN1C(=O)OC(C)(C)C1=O
MOXVAX,4.772000000000003,358.13174243599997,2,2,NC(=O)N1c2ccccc2C=Cc2ccccc12.OC(=O)c1ccccc1
MOXVIF,4.477600000000003,374.12665705599994,3,3,NC(=O)N1c2ccccc2C=Cc2ccccc12.OC(=O)c1ccc(O)cc1
MOXVIF01,4.477600000000003,374.12665705599994,3,3,NC(=O)N1c2ccccc2C=Cc2ccccc12.OC(=O)c1ccc(O)cc1
MOXVIF02,3.3872000000000018,236.094963004,1,1,NC(=O)N1c2ccccc2C=Cc2ccccc12
MOXVOL,3.7131000000000016,368.1372217399999,3,3,NC(=O)N1c2ccccc2C=Cc2ccccc12.OC(=O)CCCC(O)=O
MOXVUR,3.3872000000000018,236.094963004,1,1,NC(=O)N1c2ccccc2C=Cc2ccccc12
MOXWAY,4.477600000000003,374.12665705599994,3,3,NC(=O)N1c2ccccc2C=Cc2ccccc12.OC(=O)c1ccccc1O
MOXWIG,3.3872000000000018,236.094963004,1,1,NC(=O)N1c2ccccc2C=Cc2ccccc12
MOXWOM,3.3872000000000018,236.094963004,1,1,NC(=O)N1c2ccccc2C=Cc2ccccc12
MOXWUS,3.3872000000000018,236.094963004,1,1,NC(=O)N1c2ccccc2C=Cc2ccccc12
MOYLUJ,-4.0977999999999986,468.81291880409003,2,0,[I-].II.[NH2+]1CC[NH2+]CC1
MOYLUJ01,-4.0977999999999986,468.81291880409003,2,0,[I-].II.[NH2+]1CC[NH2+]CC1
MOYLUJ02,-4.0977999999999986,468.81291880409003,2,0,[I-].II.[NH2+]1CC[NH2+]CC1
MOYLUJ03,-4.0977999999999986,468.81291880409003,2,0,[I-].II.[NH2+]1CC[NH2+]CC1
MOYRAU,-0.16140000000000038,232.084792244,2,4,Oc1cccc(c1)C(=O)[O-].Nc1cc[nH+]cc1
MOYREY,-0.8470000000000006,268.08593511600003,2,4,Oc1ccc(cc1F)C(=O)[O-].Nc1cc[nH+]cc1.O
MOYROI,-1.1574,302.06694926,2,4,Oc1ccc(cc1Cl)C(=O)[O-].Nc1cc[nH+]cc1.O.O
MOYSAV,-0.3692600000000006,278.126657056,2,4,Cc1cc(cc(C)c1O)C(=O)[O-].O.Nc1cc[nH+]cc1
MOYYOQ,-0.5791999999999995,247.095691276,3,5,Nc1ccc(c(O)c1)C(=O)[O-].Nc1[nH+]cccc1
MOYYOQ01,-0.5791999999999995,247.095691276,3,5,Nc1ccc(c(O)c1)C(=O)[O-].Nc1[nH+]cccc1
MOYZUX,0.7314,248.090940244,4,6,Nc1ccc(C(O)=O)c(O)c1.Nc1ncccn1
MOZCEK,-1.0580000000000005,366.1175489159999,3,9,CN1C=NC2=C1C(=O)N(C)C(=O)N2C.OC(=O)c1cc(O)cc(O)c1.O
MOZCIO,-1.0580000000000005,366.117548916,3,9,OC(=O)c1ccc(O)cc1O.CN1C=NC2=C1C(=O)N(C)C(=O)N2C.O
MOZCIO02,-1.0580000000000005,366.117548916,3,9,OC(=O)c1ccc(O)cc1O.CN1C=NC2=C1C(=O)N(C)C(=O)N2C.O
MOZCOU,0.06109999999999993,332.11206961199997,2,8,CN1C=NC2=C1C(=O)N(C)C(=O)N2C.OC(=O)c1cccc(O)c1
MOZDEL,-1.0580000000000005,366.117548916,3,9,OC(=O)c1cccc(O)c1O.CN1C=NC2=C1C(=O)N(C)C(=O)N2C.O
MOZDIP,-0.23330000000000028,348.106984232,3,9,OC(=O)c1cc(O)ccc1O.CN1C=NC2=C1C(=O)N(C)C(=O)N2C
MPIXPS,-3.2600799999999968,441.09705063999996,1,7,CC1=C(C(=O)NC2C3SC(C)(C)C(N3C2=O)C(=O)[O-])C(=NO1)c1ccccc1.[Na+].O
MPPZPO,4.7995000000000045,399.138815574,1,3,CN1c2ccccc2P(=O)(c2ccccc2)c2ccccc12.Oc1ccccc1
MPYRAL,-2.6767999999999983,263.975960908,1,2,C[n+]1ccccc1C=NO.[I-]
MPZPAM,4.495600000000004,328.160934388,0,4,COc1ccc2Sc3ccccc3N(CC(C)CN(C)C)c2c1
MTEPAM,4.214800000000004,386.20279919999996,0,4,CCC(=O)N(c1ccccc1)C1(CCN(CCC2=CC=CS2)CC1)COC
MTHPRG,1.8036,374.20932406,3,5,CC1CC2C3CCC(O)(C(=O)CO)C3(C)CC(O)C2C2(C)C=CC(=O)C=C12
MTZICA,0.13780000000000076,364.18321788000003,4,8,CN(C)N=NC1=C(N=CN1)C(N)=O.CN(C)N=NC1=C(NC=N1)C(N)=O
MUBPAB,1.0922999999999998,286.154209196,3,7,Nc1nc(NC2CC2)c2N=CN(C3CC(CO)C=C3)c2n1
MUCDUK,0.6086999999999994,333.09541293999996,1,2,C[NH2+]CCC(Oc1cccc2ccccc12)C1=CC=CS1.[Cl-]
MUCKUR,-4.839799999999998,169.014185416,3,2,[Cl-].[NH3+]C(CC(O)=O)C(O)=O
MUCKUR01,-4.839799999999998,169.014185416,3,2,[Cl-].[NH3+]C(CC(O)=O)C(O)=O
MUCKUR02,-4.839799999999998,169.014185416,3,2,[Cl-].[NH3+]C(CC(O)=O)C(O)=O
MUDDUK,-5.310299999999997,141.063722452,2,3,[NH3+]C(CO)C(=O)[O-].O.O
MUDSIN,-0.8609999999999967,324.190988628,2,7,CCC1(CC)C(=O)NC(=O)NC1=O.C1N2CN3CN1CN(C2)C3
MUDVOA,1.6201000000000003,428.12513283199996,3,6,CCc1[nH+]c(N)nc(N)c1c1ccc(Cl)cc1.OC(=O)c1ccccc1CC(=O)[O-]
MUDVUE,0.4440000000000008,413.1083812,3,9,NC(=O)c1cnccn1.NC(=O)c1cnccn1.OC(=O)c1ccc(cc1)N(=O)=O
MUDVUG,2.3520000000000003,420.07559579599996,3,6,CCc1[nH+]c(N)nc(N)c1c1ccc(Cl)cc1.Oc1ccc(Cl)cc1C(=O)[O-]
MUDVUG01,2.3519999999999994,420.075595796,3,6,Oc1ccc(Cl)cc1C(=O)[O-].CCc1[nH+]c(N)nc(N)c1c1ccc(Cl)cc1
MUFBUK,4.347400000000003,458.034705296,4,2,Clc1cccc(Cl)c1N=C1NCCN1.Clc1cccc(Cl)c1N=C1NCCN1
MUFBUK01,4.347400000000003,458.034705296,4,2,Clc1cccc(Cl)c1N=C1NCCN1.Clc1cccc(Cl)c1N=C1NCCN1
MUFMAB01,2.5238000000000005,248.08287409599998,2,4,CCc1nc(N)nc(N)c1c1ccc(Cl)cc1
MUGCEZ,-4.088299999999997,403.13102673599997,2,4,OC(=O)C1=CN(C2CC2)c2cc(N3CC[NH2+]CC3)c(F)cc2C1=O.O.O.[Cl-]
MUGCID,-2.4388999999999967,367.109897368,2,4,[Cl-].OC(=O)C1=CN(C2CC2)c2cc(N3CC[NH2+]CC3)c(F)cc2C1=O
MUGCID01,-2.4388999999999967,367.109897368,2,4,OC(=O)C1=CN(C2CC2)c2cc(N3CC[NH2+]CC3)c(F)cc2C1=O.[Cl-]
MUGCID02,-2.4388999999999967,367.109897368,2,4,OC(=O)C1=CN(C2CC2)c2cc(N3CC[NH2+]CC3)c(F)cc2C1=O.[Cl-]
MUGCID03,-1.937159999999998,355.015996984,1,4,[Cl-].OC(=O)C1=CN([C]2[C][CH]2)c2cc(N3[C][C][N+][C]C3)c(F)cc2C1=O
MUGGOO,1.4694,272.06545855200005,0,3,F[B-](F)(F)F.F.COC(=[OH+])C=CC(=O)OC.F
MUGKAA,-1.2283999999999997,250.095356928,3,3,[NH3+]C(CC1=CNc2ccccc12)C(=O)[O-].OC=O
MUGKAA01,-1.2283999999999997,250.095356928,3,3,[NH3+]C(CC1=CNc2ccccc12)C(=O)[O-].OC=O
MUGKAA02,-1.2283999999999997,250.095356928,3,3,[NH3+]C(CC1=CNc2ccccc12)C(=O)[O-].OC=O
MUGKAA03,-1.2283999999999997,250.095356928,3,3,[NH3+]C(CC1=CNc2ccccc12)C(=O)[O-].OC=O
MUGKAA04,-1.2283999999999997,250.095356928,3,3,[NH3+]C(CC1=CNc2ccccc12)C(=O)[O-].OC=O
MUGKAA05,-1.2283999999999997,250.095356928,3,3,[NH3+]C(CC1=CNc2ccccc12)C(=O)[O-].OC=O
MUGKAA06,-1.2283999999999997,250.095356928,3,3,[NH3+]C(CC1=CNc2ccccc12)C(=O)[O-].OC=O
MUHCUN,-3.9998999999999993,156.066378906,2,3,CP(=O)([O-])[O-].[NH3+]CC[NH3+]
MUHFAW,-9.082500000000012,490.195751992,4,6,O=P([O-])([O-])c1ccccc1.O=P([O-])([O-])c1ccccc1.[NH3+]CC[NH3+].[NH3+]CC[NH3+].O.O.O
MUHLAG,2.7379000000000007,349.10625596000006,2,6,Oc1ccc2OCOc2c1.CC1=C(C=C(C#N)C(=O)N1)c1ccncc1
MUHZUM,2.781700000000001,356.20999275599996,2,5,COc1ccc2nccc(C(O)C3CC4CCN3CC4C=C)c2c1.CO
MUKXIC,2.3911200000000004,459.19134533199997,3,9,CCS(=O)(=O)CCN1C(=NC=C1N(=O)=O)C.Nc1ccc(cc1)C(O)=O.CC(C)(C)O.[H]
MUKXOI,1.6248199999999997,385.09437094799995,2,8,CCS(=O)(=O)CCN1C(=NC=C1N(=O)=O)C.OC(=O)c1ccccc1O
MUPNIV,0.8544,334.116486296,3,5,COc1cc(C=CC(O)=O)ccc1O.NC(=O)c1cccnc1.O
MUPPES,2.7676000000000007,478.2315160479999,4,8,CC(=O)Nc1ccc(O)cc1.CC(=O)Nc1ccc(O)cc1.C1COCCO1.C1COCCO1
MUPPES02,2.7676000000000007,478.2315160479999,4,8,CC(=O)Nc1ccc(O)cc1.CC(=O)Nc1ccc(O)cc1.C1COCCO1.C1COCCO1
MUPPIW,1.2141999999999997,265.179026976,2,4,CC(=O)Nc1ccc(O)cc1.CN1CCN(C)CC1
MUPPIX,-0.9954999999999987,437.023052912,4,7,NS(=O)(=O)c1cc2c(NCNS2(=O)=O)cc1Cl.NC(=O)c1ccncc1.O
MUPPOC,1.2989999999999997,252.1473925,2,4,CN1CCOCC1.CC(=O)Nc1ccc(O)cc1
MUPPUI,0.5297999999999997,237.147726848,4,4,CC(=O)Nc1ccc(O)cc1.C1CNCCN1
MUPYOP,-4.333799999999997,167.03492086,2,2,[Cl-].[NH3+]CC(=O)CCC(O)=O
MUPYOP01,-4.333799999999997,167.03492086,2,2,[Cl-].[NH3+]CC(=O)CCC(O)=O
MURMOE,-6.975799999999997,318.16248243599995,3,7,O.N1C=NC(=C1C1=NN=N[N-]1)C1=NN=N[N-]1.[NH3+]CC[NH3+].O.O
MURNAR,-5.780199999999998,301.15919420409006,4,7,O.[NH3+]CC[NH3+].O.N1C=NC(=C1C1=NN=N[N-]1)C1=NN=NN1
MURSEB,-3.017399999999996,353.09903908390993,4,6,O=C([O-])C(=O)[O-].[NH3+]C(CC1=CNc2ccccc12)C(O)=O.CC(O)=O
MURVIH,3.1137200000000007,323.0807099080001,1,6,N#Cc1cc(C#N)c(cc1C#N)C#N.Oc1cccc2cccnc12
MUSKEU,0.23349999999999993,292.959856936,1,2,[O]I(F)(F)[O-].Nc1cc[nH+]cc1
MUSPOI,3.221800000000001,434.95986861599994,1,3,[nH+]1c2ccccc2cc2ccccc12.ClC(Cl)C(=O)[O-].OC(=O)C(Cl)Cl
MUSQUP,3.221800000000001,434.95986861599994,1,3,[nH+]1cccc2ccc3ccccc3c12.ClC(Cl)C(=O)[O-].OC(=O)C(Cl)Cl
MUSRIF,-4.124499999999999,158.05938866409,3,3,NS(=O)(=O)[O-].[NH3+]CC[NH3+]
MUVVOS,2.777140000000001,342.2307282,2,3,Cc1cccc(Nc2ccccc2C(=O)[O-])c1C.CC(C)[NH2+]C(C)C
MUVWAF,1.4411400000000003,358.24890368409,3,3,Cc1cccc(Nc2ccccc2C(=O)[O-])c1C.[NH3+]CCCCCC[NH3+]
MUVXAC,-5.357599999999999,222.02553979591002,3,6,[NH3+]C(CC(O)=O)C(O)=O.O=C([O-])C(=O)[O-]
MUWSUV,-1.1243999999999987,273.068719524,1,1,C[NH2+]C1(CCCCC1=O)c1ccccc1Cl.[Cl-]
MUXZOY,-0.8648999999999996,304.092002864,2,8,OC(=O)c1cnccn1.CN1C(=O)N(C)C2=C(NC=N2)C1=O
MUYDUI,0.021299999999999597,247.084457896,3,4,[NH3+]c1ccc(O)cc1.Oc1ccccc1C(=O)[O-]
MUYTOQ,-2.8729999999999993,256.10592161200003,3,3,[NH3+]C(CC1=CNc2ccc(O)cc12)C(=O)[O-].O.O
MUYTOQ01,-2.8729999999999993,256.10592161200003,3,3,[NH3+]C(CC1=CNc2ccc(O)cc12)C(=O)[O-].O.O
MUZFET,-5.401479999999999,278.123971688,4,8,NC([O-])=C(C#N)C#N.NC([O-])=C(C#N)C#N.[NH3+]CC[NH3+]
MVERIQ,3.860000000000003,339.147058152,0,5,COc1ccc(Cc2nccc3cc(OC)c(OC)cc23)cc1OC
MVERIQ01,3.860000000000003,339.147058152,0,5,COc1ccc(Cc2nccc3cc(OC)c(OC)cc23)cc1OC
MYCPHA,2.73322,320.12598835999995,2,5,COc1c(C)c2COC(=O)c2c(O)c1CC=C(C)CCC(O)=O
MYCPHA01,2.73322,320.12598835999995,2,5,COc1c(C)c2COC(=O)c2c(O)c1CC=C(C)CCC(O)=O
MYCPHA02,2.73322,320.12598835999995,2,5,COc1c(C)c2COC(=O)c2c(O)c1CC=C(C)CCC(O)=O
NAABZH,-7.487199999999995,249.082446132,1,3,Nc1ccc(cc1)C(=O)[O-].[Na+].O.O.O.O.O
NABCAV,2.0714,238.095356928,3,5,OC(=O)c1ccccc1.CC(=NO)C(C)=NO
NABMAH,2.6006000000000005,447.20457302799997,2,4,O.COc1ccc2cc(ccc2c1)C(C)C(=O)[O-].[NH3+]C(c1ccccc1)c1ccccc1O
NABZPE,-3.4698999999999955,356.080672304,1,5,[Na+].CC1(C)SC2C(NC(=O)Cc3ccccc3)C(=O)N2C1C(=O)[O-]
NADREN,-1.2588999999999997,169.073893212,3,3,[NH3+]CC(O)c1ccc(O)c([O-])c1
NADRHC,-3.622899999999998,205.050570924,4,3,[Cl-].[NH3+]CC(O)c1ccc(O)c(O)c1
NAHCHL,-1.7066999999999959,448.280083312,3,5,[Na+].CC(CCC(=O)[O-])C1CCC2C3C(O)CC4CC(O)CCC4(C)C3CC(O)C12C.O
NAHCIT,-5.579199999999998,214.008946844,3,5,OC(=O)CC(O)(CC(O)=O)C(=O)[O-].[Na+]
NAHCIT01,-5.579199999999998,214.008946844,3,5,OC(=O)CC(O)(CC(=O)[O-])C(O)=O.[Na+]
NAIGLY,-12.860300000000004,317.968863764,2,4,[NH3+]CC(=O)[O-].[NH3+]CC(=O)[O-].[I-].[Na+].O
NAJFAK,0.4456,332.0830779919999,2,4,CCc1[nH+]ccc(c1)C(N)=S.OC(=O)c1ccccc1C(=O)[O-]
NAJNAR,-2.5411999999999955,314.184171932,4,6,CC(O)C[NH+](CC(C)O)CC(C)O.O=C([O-])c1cccnc1
NAJZUW,1.9942,312.11437811999997,3,4,CCc1cc(ccn1)C(N)=S.OC(=O)CCCCC(O)=O
NAKBAF,0.9899999999999998,282.067427928,3,4,CCc1cc(ccn1)C(N)=S.OC(=O)C=CC(O)=O
NAKBIN,2.7744,340.1456782480001,3,4,OC(=O)CCCCCCC(O)=O.CCc1cc(ccn1)C(N)=S
NAKGOY,-0.6058999999999992,317.126322708,3,4,OC(C(O)=O)c1ccccc1.[NH3+]C(Cc1ccccc1)C(=O)[O-]
NAKWAB,-2.5786999999999987,358.09854478800014,3,7,O=N(=O)c1cc(c([O-])c(c1)N(=O)=O)N(=O)=O.CN(C)C(N)=NC(N)=[NH2+]
NAKZOR,-1.1474999999999993,303.085520516,3,5,NNC(=O)c1cc[nH+]cc1.OC(=O)c1ccccc1C(=O)[O-]
NAKZOR01,-1.1474999999999993,303.085520516,3,5,NNC(=O)c1cc[nH+]cc1.OC(=O)c1ccccc1C(=O)[O-]
NALBUP01,-4.355199999999992,429.19181542399997,4,4,[Cl-].OC1CCC2(O)C3Cc4ccc(O)c5OC1C2(CC[NH+]3CC1CCC1)c45.O.O
NALCYS02,-0.4945,163.030314148,3,3,CC(=O)NC(CS)C(O)=O
NALCYS10,-0.4945,163.030314148,3,3,CC(=O)NC(CS)C(O)=O
NALCYS11,-0.4945,163.030314148,3,3,CC(=O)NC(CS)C(O)=O
NALCYS12,-0.4945,163.030314148,3,3,CC(=O)NC(CS)C(O)=O
NALCYS13,-0.4945,163.030314148,3,3,CC(=O)NC(CS)C(O)=O
NALCYS14,-0.4945,163.030314148,3,3,CC(=O)NC(CS)C(O)=O
NALCYS15,-0.4945,163.030314148,3,3,CC(=O)NC(CS)C(O)=O
NALCYS16,-0.4945,163.030314148,3,3,CC(=O)NC(CS)C(O)=O
NALCYS17,-0.4945,163.030314148,3,3,CC(=O)NC(CS)C(O)=O
NALCYS19,-0.4945,163.030314148,3,3,CC(=O)NC(CS)C(O)=O
NALCYS20,-0.4945,163.030314148,3,3,CC(=O)NC(CS)C(O)=O
NALCYS21,-0.4945,163.030314148,3,3,CC(=O)NC(CS)C(O)=O
NALCYS22,-0.4945,163.030314148,3,3,CC(=O)NC(CS)C(O)=O
NALCYS23,-0.4945,163.030314148,3,3,CC(=O)NC(CS)C(O)=O
NALCYS24,-0.4945,163.030314148,3,3,CC(=O)NC(CS)C(O)=O
NALCYS25,-0.4945,163.030314148,3,3,CC(=O)NC(CS)C(O)=O
NALCYS26,-0.4945,163.030314148,3,3,CC(=O)NC(CS)C(O)=O
NALCYS27,-0.4945,163.030314148,3,3,CC(=O)NC(CS)C(O)=O
NALCYS28,-0.4945,163.030314148,3,3,CC(=O)NC(CS)C(O)=O
NALCYS29,-0.4945,163.030314148,3,3,CC(=O)NC(CS)C(O)=O
NALCYS30,-0.4945,163.030314148,3,3,CC(=O)NC(CS)C(O)=O
NALIDX,1.4230200000000002,232.084792244,1,4,CCN1C=C(C(O)=O)C(=O)c2ccc(C)nc12
NALIDX01,1.4230200000000002,232.084792244,1,4,CCN1C=C(C(O)=O)C(=O)c2ccc(C)nc12
NALIDX03,1.4230200000000002,232.084792244,1,4,CCN1C=C(C(O)=O)C(=O)c2ccc(C)nc12
NALLUK,0.901799999999999,448.23620750399994,2,4,OC(C1CC2CC[NH+]1CC2C=C)c1ccnc2ccccc12.O=C([O-])Cc1ccccc1.O
NALOXC,-4.761099999999993,399.1448652319999,3,4,[Cl-].Oc1ccc2CC3[NH+](CCC45C(Oc1c24)C(=O)CCC35O)CC=C.O.O
NALOXC01,-4.761099999999993,399.1448652319999,3,4,[Cl-].Oc1ccc2CC3[NH+](CCC45C(Oc1c24)C(=O)CCC35O)CC=C.O.O
NALOXC02,-4.761099999999993,399.1448652319999,3,4,[Cl-].Oc1ccc2CC3[NH+](CCC45C(Oc1c24)C(=O)CCC35O)CC=C.O.O
NALYEH,-4.482299999999995,458.07025521599996,3,3,[I-].[NH3+]C(Cc1ccccc1)C(=O)[O-].[NH3+]C(Cc1ccccc1)C(O)=O
NAMDPC01,-10.124099999999997,359.8921636999999,2,4,[Na+].[Na+].OP(=O)([O-])C(Cl)(Cl)P(O)(=O)[O-].O.O.O.O
NANNUN,-2.904599999999995,302.139720276,1,4,[Cl-].COc1ccc(CN2CC[NH2+]CC2)c(OC)c1OC
NANNUN01,-2.904599999999996,302.13972027600005,1,4,COc1ccc(CN2CC[NH2+]CC2)c(OC)c1OC.[Cl-]
NAPHZL10,-2.531399999999995,246.09237616,2,1,[Cl-].C1C[NH+]=C(Cc2cccc3ccccc23)N1
NAPTOP,1.3808999999999998,250.05897142,3,5,Oc1cccc(O)c1.O=C1NC=C(C=C1)N(=O)=O
NAPYRU,-4.670699999999999,109.99798823600001,0,3,CC(=O)C(=O)[O-].[Na+]
NAPYRU01,-4.6707,109.99798823600001,0,3,[Na+].CC(=O)C(=O)[O-]
NAQMOK,2.7129000000000003,352.034077112,3,6,NC1=Nc2ccc(OC(F)(F)F)cc2S1.OC(=O)CCC(O)=O
NAQMOK01,2.7129000000000003,352.034077112,3,6,NC1=Nc2ccc(OC(F)(F)F)cc2S1.OC(=O)CCC(O)=O
NAQMUQ,0.40719999999999973,338.0184270479999,2,6,NC1=[NH+]c2ccc(OC(F)(F)F)cc2S1.OC(=O)CC(=O)[O-]
NAQMUQ01,0.40719999999999973,338.0184270479999,2,6,NC1=[NH+]c2ccc(OC(F)(F)F)cc2S1.OC(=O)CC(=O)[O-]
NAQNAX,3.1030000000000006,366.049727176,3,6,NC1=Nc2ccc(OC(F)(F)F)cc2S1.OC(=O)CCCC(O)=O
NAQNEB,3.493100000000001,380.06537724,3,6,NC1=Nc2ccc(OC(F)(F)F)cc2S1.OC(=O)CCCCC(O)=O
NAQNEB01,3.493100000000001,380.06537724,3,6,NC1=Nc2ccc(OC(F)(F)F)cc2S1.OC(=O)CCCCC(O)=O
NAQNOL,3.9804000000000013,346.05989793599997,2,5,NC1=Nc2ccc(OC(F)(F)F)cc2S1.CC=CC=CC(O)=O
NAQNUR,3.8832000000000013,394.081027304,3,6,NC1=Nc2ccc(OC(F)(F)F)cc2S1.OC(=O)CCCCCC(O)=O
NAQPON,1.6413,357.03949684,1,6,NC1=Nc2ccc(OC(F)(F)F)cc2S1.O=C([O-])c1c[nH+]ccc1
NARBOY,1.3359,245.012267268,2,1,NC(N)=NC(=O)Cc1c(Cl)cccc1Cl
NARDAL,0.3839000000000006,346.189257312,2,5,CC1(O)CCC2CCC(C)(O)[N+]3=C2N1CC3.O=C([O-])c1ccccc1
NARVUX,4.329080000000003,412.15223875999993,1,5,CC1=NN(C(=C1)C)c1c(F)c(F)c(N2N=C(C)C=C2C)c(F)c1F.CCC(O)=O
NASQED,-1.8456999999999977,233.0899372,2,4,C[N+](C)(C)CC(O)=O.OC(=O)C=CC(=O)[O-]
NASQED01,-1.8456999999999977,233.0899372,2,4,C[N+](C)(C)CC(O)=O.OC(=O)C=CC(=O)[O-]
NASQIH,-3.4118999999999975,281.00137312000004,2,4,O[Se](=O)(=O)[O-].C[N+](C)(C)CC(O)=O.O
NASQON,-0.684699999999997,298.16087652808994,2,5,C[N+](C)(C)CC(O)=O.O=N(=O)[O-].C[N+](C)(C)CC(O)=O
NASROP,0.8988999999999999,212.15247788,1,2,CCCC1CN(C(CC)C(N)=O)C(=O)C1
NASROP01,0.8988999999999999,212.15247788,1,2,CCCC1CN(C(CC)C(N)=O)C(=O)C1
NAWYET,-3.8156999999999974,290.12452555991,3,6,[NH3+]Cc1ccccc1O.O.O=C([O-])CCC(=O)[O-].CO
NAWZUK,-0.23359999999999997,260.116092372,3,4,Nc1ccc(cc1)C(=O)[O-].[NH3+]Cc1ccccc1O
NBPHEN,3.261800000000002,199.063328528,0,2,O=N(=O)c1ccc(cc1)c1ccccc1
NBPHEN01,3.261800000000002,199.063328528,0,2,O=N(=O)c1ccc(cc1)c1ccccc1
NDNHCL01,3.7227000000000023,326.129824288,1,4,CN1CCN(CC1)C1=Nc2cc(Cl)ccc2Nc2ccccc12
NDNHCL10,3.7227000000000023,326.129824288,1,4,CN1CCN(CC1)C1=Nc2cc(Cl)ccc2Nc2ccccc12
NDOCLH01,3.7714000000000025,327.113839876,0,4,CN1CCN(CC1)C1=Nc2ccccc2Oc2ccc(Cl)cc12
NDOCLH10,3.7714000000000025,327.113839876,0,4,CN1CCN(CC1)C1=Nc2ccccc2Oc2ccc(Cl)cc12
NEBFOS,-0.3005099999999985,477.148218088,4,7,O=C1NC(=S)NC(=C1)[O-].CCN1C=C(C(O)=O)C(=O)c2cc(F)c(cc12)N1CC[NH+](C)CC1
NEBPOC,0.6639999999999999,388.16814500800007,2,8,Nc1ccc(cc1)S(=O)(=O)c1ccc(N)cc1.C1N2CN3CN1CN(C2)C3
NEBZIH,1.0956799999999993,371.11644378400007,1,7,CCS(=O)(=O)N1CC(CC#N)(C1)N1C=C(C=N1)c1ncnc2NC=Cc12
NEBZUT,0.8074799999999998,487.12740239199996,3,9,CCS(=O)(=O)N1CC(CC#N)(C1)N1C=C(C=N1)c1ncnc2NC=Cc12.OC(=O)C=CC(O)=O
NECBAC,1.0314799999999995,489.14305245599996,3,9,CCS(=O)(=O)N1CC(CC#N)(C1)N1C=C(C=N1)c1ncnc2NC=Cc12.OC(=O)CCC(O)=O
NEDHIQ,-3.533899999999999,142.04121318,2,3,O=S([O-])[O-].[NH3+]CC[NH3+]
NEDHOW,-7.575200000000005,274.16637915218,4,3,O=S([O-])[O-].[NH2+]1CC[NH2+]CC1.[NH2+]1CC[NH2+]CC1.O
NEDHOW01,-7.575200000000006,274.16637915218,4,3,O=S([O-])[O-].O.[NH2+]1CC[NH2+]CC1.[NH2+]1CC[NH2+]CC1
NEFFEM,0.3714999999999999,277.06987045200003,4,6,OC(=O)c1ccc(O)cc1O.NC(=O)c1cnccn1
NEFFEM01,0.3714999999999998,277.06987045200003,4,6,NC(=O)c1cnccn1.OC(=O)c1ccc(O)cc1O
NEFFIQ,0.9764999999999999,276.074621484,4,5,OC(=O)c1cccc(O)c1O.NC(=O)c1cccnc1
NEFGEN,0.3714999999999999,277.06987045200003,4,6,OC(=O)c1c(O)cccc1O.NC(=O)c1cnccn1
NEFGEN01,0.3714999999999999,277.06987045200003,4,6,OC(=O)c1c(O)cccc1O.NC(=O)c1cnccn1
NEFGIR,0.3714999999999999,277.06987045200003,4,6,OC(=O)c1cccc(O)c1O.NC(=O)c1cnccn1
NEFSUP,-0.44938000000000056,277.10625596,2,6,COc1cc(C)[nH+]c(N)n1.Oc1ccccc1C(=O)[O-]
NEFTIE,2.5435000000000008,332.155849008,1,4,CC1(C)CCC(C)(C)C2=C1[NH+]=C(N)S2.O=C([O-])c1ccccc1
NEMRUU,-9.5402,316.09911050818,2,4,[OH2][Mg+2]([OH2])([OH2])([OH2])([OH2])[OH2].O=S(=O)([O-])[O-].[NH2+]1CC[NH2+]CC1
NENKOH,-0.7397799999999997,232.069536104,3,6,Cc1[nH+]cc(CO)c(CO)c1O.O=N(=O)[O-]
NENMEA,-4.285879999999997,319.13142515199996,3,7,CC1=NC(=NN1)SCC(=O)[O-].[NH3+]CCCCC([NH3+])C(=O)[O-]
NEPHCL,-5.2912,374.1527834959999,4,2,[Cl-].[Cl-].[NH3+]C(C)C(O)c1ccccc1.[NH3+]C(C)C(O)c1ccccc1
NEPHCL01,-5.291199999999998,374.1527834959999,4,2,[Cl-].[NH3+]C(C)C(O)c1ccccc1.[Cl-].[NH3+]C(C)C(O)c1ccccc1
NEPXIR,-1.938799999999999,241.058637072,3,4,OC(=O)c1ccccc1C(O)=O.[NH3+]CC(=O)[O-]
NEPXIR01,-1.9387999999999979,241.058637072,3,4,[NH3+]CC(=O)[O-].OC(=O)c1ccccc1C(O)=O
NEPXIR02,-1.9387999999999979,241.058637072,3,4,[NH3+]CC(=O)[O-].OC(=O)c1ccccc1C(O)=O
NEPXIR03,-1.9387999999999979,241.058637072,3,4,[NH3+]CC(=O)[O-].OC(=O)c1ccccc1C(O)=O
NEPXIR04,-1.9387999999999979,241.058637072,3,4,[NH3+]CC(=O)[O-].OC(=O)c1ccccc1C(O)=O
NEPXIR05,-1.9387999999999979,241.058637072,3,4,[NH3+]CC(=O)[O-].OC(=O)c1ccccc1C(O)=O
NEPXIR06,-1.9387999999999979,241.058637072,3,4,[NH3+]CC(=O)[O-].OC(=O)c1ccccc1C(O)=O
NEPXIR07,-1.9387999999999979,241.058637072,3,4,[NH3+]CC(=O)[O-].OC(=O)c1ccccc1C(O)=O
NEPXIR08,-1.9387999999999979,241.058637072,3,4,[NH3+]CC(=O)[O-].OC(=O)c1ccccc1C(O)=O
NEPXIR09,-1.9387999999999979,241.058637072,3,4,[NH3+]CC(=O)[O-].OC(=O)c1ccccc1C(O)=O
NEPXIR10,-1.9387999999999979,241.058637072,3,4,[NH3+]CC(=O)[O-].OC(=O)c1ccccc1C(O)=O
NEPXIR11,-1.9387999999999979,241.058637072,3,4,[NH3+]CC(=O)[O-].OC(=O)c1ccccc1C(O)=O
NEQGUM,-1.136999999999999,411.08832466799987,1,3,[Cl-].CN1C(=[NH+]c2cc(ccc12)N(CCCl)CCCl)CCCC(O)=O.O
NEQGUM01,-1.1369999999999976,411.088324668,2,2,[Cl-].C[N+]1=C(CCCC(O)=O)Nc2cc(ccc12)N(CCCl)CCCl.O
NEQNEF,2.63962,336.07799261199995,3,5,CC1=CN=C(NC(=O)c2ccccc2)S1.OC(=O)CCC(O)=O
NEQRUX,-2.2592999999999988,201.055656304,1,2,[NH3+]c1ccc(cc1)C(=O)OCC.[Cl-]
NEQRUX01,-2.259299999999997,201.055656304,1,2,[Cl-].[NH3+]c1ccc(cc1)C(=O)OCC
NEQVEL,-8.3329,348.2107806039999,4,6,CCC([NH2+]CC[NH2+]C(CC)CO)CO.O=C([O-])C(=O)[O-].O.O.O
NERBAO,-3.074399999999999,335.00932099599993,3,8,OC(=O)c1c[nH+]ccc1.[NH4+].O=S(=O)([O-])[O-].[NH3+]S(=O)(=O)[O-]
NERVIQ,2.1701999999999995,436.12052612,4,5,Oc1ccc(c2cccnc12)S(=O)(=O)[O-].[NH2+]=C(Nc1ccccc1)Nc1ccccc1
NESJUS,1.46352,331.0916685160001,1,7,O=C1CN(N=CC2=CC=C(O2)N(=O)=O)C(=O)N1.Cc1cccnc1
NESKAZ,1.46352,331.0916685160001,1,7,O=C1CN(N=CC2=CC=C(O2)N(=O)=O)C(=O)N1.Cc1ccccn1
NESKED,0.6388199999999999,349.10223320000006,1,7,O=C1CN(N=CC2=CC=C(O2)N(=O)=O)C(=O)N1.Cc1cccnc1.O
NESKIH,1.46352,331.0916685160001,1,7,O=C1CN(N=CC2=CC=C(O2)N(=O)=O)C(=O)N1.Cc1ccncc1
NESKON,0.9782799999999994,374.09748216800006,2,8,O=C1CN(N=CC2=CC=C(O2)N(=O)=O)C(=O)N1.O=C1NC=CC=C1.CC#N
NESKUT,0.28279999999999933,360.118217612,0,7,O=C1N=C([O-])CN1N=CC1=CC=C(O1)N(=O)=O.CN(C)c1cc[nH+]cc1
NESLAA,0.9710799999999997,415.12403126400005,3,9,CC#N.O=C1CN(N=CC2=CC=C(O2)N(=O)=O)C(=O)N1.NC(=O)c1ccc(N)cc1
NETIND,3.4925000000000024,298.193280072,1,2,CC12CCC3C(CCC4=CC(=O)CCC34)C1CCC2(O)C#C
NETIND01,3.4925000000000024,298.193280072,1,2,CC12CCC3C(CCC4=CC(=O)CCC34)C1CCC2(O)C#C
NEVKUV,-0.8182999999999989,275.10263338009,3,3,OC(=O)c1ccccc1C(=O)[O-].[NH3+]c1ccc([NH3+])cc1
NEVMOR,3.1496000000000013,396.8460597800001,1,2,Oc1c(I)cc(I)c2cccnc12
NEWKOP,1.7744999999999997,168.993056048,1,2,Clc1ccc2OC(=O)Nc2c1
NEXMOW,3.1144000000000016,451.120191772,3,5,NC(=O)N1c2ccccc2C=Cc2ccccc12.CO.O=C1NS(=O)(=O)c2ccccc12
NEYNAK,1.7264399999999998,339.131802012,3,5,Cc1cc(C)cc(OCC2CNC(=O)O2)c1.OC(=O)CCC(O)=O
NEYNIS,2.881040000000001,359.136887392,3,5,Cc1cc(C)cc(OCC2CNC(=O)O2)c1.OC(=O)c1ccccc1O
NHPBZO,2.3842999999999996,281.080041212,1,4,O=C1CN=C(c2ccccc2)c2cc(ccc2N1)N(=O)=O
NIAMID,-2.554399999999995,334.119653528,3,3,[Cl-].O=C(CCNNC(=O)c1cc[nH+]cc1)NCc1ccccc1
NICOAC,0.7797999999999999,123.0320284,1,2,OC(=O)c1cccnc1
NICOAC01,0.7797999999999999,123.0320284,1,2,OC(=O)c1cccnc1
NICOAC02,0.7797999999999999,123.0320284,1,2,OC(=O)c1cccnc1
NICOAC05,0.7797999999999999,123.0320284,1,2,OC(=O)c1cccnc1
NICOAC06,0.7797999999999999,123.0320284,1,2,OC(=O)c1cccnc1
NICOAC07,0.7797999999999999,123.0320284,1,2,OC(=O)c1cccnc1
NICOAC08,0.7797999999999999,123.0320284,1,2,OC(=O)c1cccnc1
NICOAC09,0.7797999999999999,123.0320284,1,2,OC(=O)c1cccnc1
NICOAC10,0.7797999999999999,123.0320284,1,2,OC(=O)c1cccnc1
NICOAC11,0.7797999999999999,123.0320284,1,2,OC(=O)c1cccnc1
NICOAM,0.18050000000000016,122.048012812,1,2,NC(=O)c1cccnc1
NICOAM01,0.18050000000000016,122.048012812,1,2,NC(=O)c1cccnc1
NICOAM02,0.18050000000000016,122.048012812,1,2,NC(=O)c1cccnc1
NICOAM03,0.18050000000000016,122.048012812,1,2,NC(=O)c1cccnc1
NICOAM04,0.7220000000000014,488.19205124800004,4,8,NC(=O)c1cccnc1.NC(=O)c1cccnc1.NC(=O)c1cccnc1.NC(=O)c1cccnc1
NICOAM05,0.18050000000000016,122.048012812,1,2,NC(=O)c1cccnc1
NICOAM06,0.18050000000000016,122.048012812,1,2,NC(=O)c1cccnc1
NICOAM07,0.18050000000000016,122.048012812,1,2,NC(=O)c1cccnc1
NICOAM08,0.3609999999999999,244.096025624,2,4,NC(=O)c1cccnc1.NC(=O)c1cccnc1
NICOAM13,0.18050000000000016,122.048012812,1,2,NC(=O)c1cccnc1
NICOAM14,0.7220000000000014,488.19205124800004,4,8,NC(=O)c1cccnc1.NC(=O)c1cccnc1.NC(=O)c1cccnc1.NC(=O)c1cccnc1
NICOAM15,0.7220000000000014,488.19205124800004,4,8,NC(=O)c1cccnc1.NC(=O)c1cccnc1.NC(=O)c1cccnc1.NC(=O)c1cccnc1
NICOAM16,0.3609999999999999,244.096025624,2,4,NC(=O)c1cccnc1.NC(=O)c1cccnc1
NICOAM17,0.18050000000000016,122.048012812,1,2,NC(=O)c1cccnc1
NICOAM18,0.3609999999999999,244.096025624,2,4,NC(=O)c1cccnc1.NC(=O)c1cccnc1
NICOTI,-6.141699999999998,417.940294512,1,0,C[NH+]1CCCC1c1c[nH+]ccc1.[I-].[I-]
NICSAL,0.18689999999999946,300.14739249999997,2,4,C[NH+]1CCCC1c1cccnc1.Oc1ccccc1C(=O)[O-]
NIDPIB,0.5297999999999997,237.147726848,4,4,CC(=O)Nc1ccc(O)cc1.C1CNCCN1
NIDSOK,1.6983999999999988,375.18344365999997,2,3,OC(C1[NH2+]CCC1)(c1ccccc1)c1ccccc1.O=C([O-])c1ccccc1
NIFGOB,2.9997200000000017,365.199093724,1,3,COc1ccc2cc(ccc2c1)C(C)C(=O)[O-].[NH3+]C(C)c1ccc(C)cc1
NIFKIX,0.8928,469.09437094799995,3,6,CN1C(=C([O-])c2ccccc2S1(=O)=O)C(=O)Nc1[nH+]cccc1.OC(=O)c1ccc(O)cc1
NIGNIB,-1.0907900000000001,183.12324341599998,4,5,NC(N)=N.Cc1nc(C)nc(N)n1
NIHRAB,4.852300000000005,416.2021305039999,0,5,CC(=O)SC1CC2=CC(=O)CCC2(C)C2CCC3(C)C(CCC43CCC(=O)O4)C12
NIHRUV,4.852300000000005,416.2021305039999,0,5,CC(=O)SC1CC2=CC(=O)CCC2(C)C2CCC3(C)C(CCC43CCC(=O)O4)C12
NIHSAC,4.852300000000005,416.2021305039999,0,5,CC(=O)SC1CC2=CC(=O)CCC2(C)C2CCC3(C)C(CCC43CCC(=O)O4)C12
NIJCES,-0.58518,401.089285568,2,9,CCS(=O)(=O)CCN1C(=[NH+]C=C1N(=O)=O)C.Oc1cccc(O)c1C(=O)[O-]
NIJCIW,1.9332399999999998,399.11002101199995,2,8,CCS(=O)(=O)CCN1C(=NC=C1N(=O)=O)C.Cc1ccc(C(O)=O)c(O)c1
NIJCOC,2.2782199999999997,419.0553985959999,2,8,CCS(=O)(=O)CCN1C(=NC=C1N(=O)=O)C.OC(=O)c1cc(Cl)ccc1O
NIJDOB,-0.4155000000000004,206.06914218,2,3,Oc1ccccc1C(=O)[O-].N1C=[NH+]C=C1
NIJDOB01,-0.4155000000000002,206.06914218,2,3,N1C=[NH+]C=C1.Oc1ccccc1C(=O)[O-]
NIJDOB02,-0.4155000000000002,206.06914218,2,3,N1C=[NH+]C=C1.Oc1ccccc1C(=O)[O-]
NIJDOB03,-0.4155000000000002,206.06914218,2,3,N1C=[NH+]C=C1.Oc1ccccc1C(=O)[O-]
NIJDOB04,-0.4155000000000002,206.06914218,2,3,N1C=[NH+]C=C1.Oc1ccccc1C(=O)[O-]
NIJDOB05,-0.4155000000000002,206.06914218,2,3,N1C=[NH+]C=C1.Oc1ccccc1C(=O)[O-]
NIJDOB06,-0.4155000000000002,206.06914218,2,3,N1C=[NH+]C=C1.Oc1ccccc1C(=O)[O-]
NIJDOB07,-0.4155000000000004,206.06914218,2,3,Oc1ccccc1C(=O)[O-].N1C=[NH+]C=C1
NIJDOB08,-0.4155000000000004,206.06914218,2,3,Oc1ccccc1C(=O)[O-].N1C=[NH+]C=C1
NIJDOB09,-0.4155000000000004,206.06914218,2,3,Oc1ccccc1C(=O)[O-].N1C=[NH+]C=C1
NIJDOB10,-0.4155000000000004,206.06914218,2,3,Oc1ccccc1C(=O)[O-].N1C=[NH+]C=C1
NIJDOB11,-0.4155000000000004,206.06914218,2,3,Oc1ccccc1C(=O)[O-].N1C=[NH+]C=C1
NIJGIY,0.6387999999999995,305.11240396,4,7,Nc1nc(N)nc(n1)c1ccccc1.OC(=O)CCC(O)=O
NIKROP,0.0035000000000000586,487.0187040199999,3,7,NS(=O)(=O)c1cc2c(NCNS2(=O)=O)cc1C(F)(F)F.CS(C)=O.CS(C)=O
NILQAC,-3.3220099999999997,165.049803704,3,4,NC(N)=[NH2+].O=N(=O)[CH-]N(=O)=O
NILQAC01,-3.3220099999999997,165.049803704,3,4,O=N(=O)[CH-]N(=O)=O.NC(N)=[NH2+]
NILQAC02,-3.3220099999999997,165.049803704,3,4,O=N(=O)[CH-]N(=O)=O.NC(N)=[NH2+]
NILXOV,-0.5855999999999941,460.26070799999997,2,4,O=S(=O)([O-])[O-].C[NH2+]C(C)(C)Cc1ccccc1.C[NH2+]C(C)(C)Cc1ccccc1.O.O
NILZUD,1.7262199999999996,219.089543276,2,3,Cc1ccc[n+]([O-])c1.Oc1ccc(O)cc1
NIMDIW,2.2056,421.1161519479999,4,6,Oc1cccc2ccc[nH+]c12.Oc1ccccc1C(=O)[O-].OC(=O)c1ccccc1O
NIMDIW01,2.2055999999999996,421.1161519479999,4,6,Oc1cccc2ccc[nH+]c12.OC(=O)c1ccccc1O.Oc1ccccc1C(=O)[O-]
NIMSEK,-9.909900000000002,204.043361632,2,6,OC(=O)CC(O)(CC(=O)[O-])C(=O)[O-].[Li+].[Li+]
NIMSIO,-9.909900000000002,220.017126362,2,6,OC(=O)CC(O)(CC(=O)[O-])C(=O)[O-].[Na+].[Li+]
NIMSOU,-9.909900000000002,235.991063762,2,6,OC(=O)CC(O)(CC(=O)[O-])C(=O)[O-].[K+].[Li+]
NIMSUA,-9.909900000000002,281.939146822,2,6,OC(=O)CC(O)(CC(=O)[O-])C(=O)[O-].[Rb+].[Li+]
NINSUA,-1.227399999999998,302.14991792009005,3,3,O=C([O-])c1ccccc1NC(=O)c1ccccc1.[NH3+]CC[NH3+]
NINZIV,-0.4606000000000002,261.03070807200004,2,4,Oc1cccc2ccc[nH+]c12.O.OS(=O)(=O)[O-]
NIPHUR,1.1176,315.158291532,2,4,CC(C)(C)C(=O)Nc1[nH+]c(N)ccc1.O=C([O-])c1ccccc1
NIQBIB,1.6133999999999997,450.14453088399995,4,7,OCC1OC(C(O)C(O)C1O)c1ccc(Cl)c(Cc2ccc(OC3CCOC3)cc2)c1
NIQBIB01,1.6133999999999997,450.14453088399995,4,7,OCC1OC(C(O)C(O)C1O)c1ccc(Cl)c(Cc2ccc(OC3CCOC3)cc2)c1
NIRSIQ,-3.1710999999999974,246.995893816,2,3,O[Se](O)=O.C[N+](C)(C)CC(=O)[O-]
NISKOP,-3.0155999999999974,245.10495548608998,3,2,OP(=O)([O-])c1ccccc1.[NH2+]1CC[NH2+]CC1
NISMAD,1.6685999999999999,246.136827816,4,4,Oc1ccc(cc1)c1ccc(O)cc1.NCCN
NISTAK,0.3107000000000001,213.063722452,3,3,O=C1NC=CC=C1.OC(=O)CCC(O)=O
NISTAK01,-0.48990000000000006,213.063722452,2,3,[O-]c1cc[nH+]cc1.OC(=O)CCC(O)=O
NITBOK,1.7134000000000005,483.2030305319999,3,8,CCC(Nc1ncnc2N=CNc12)C1=Nc2cccc(F)c2C(=O)N1c1ccccc1.CO.O.O
NITWUL,1.4032999999999993,451.141117244,2,7,Clc1ccc2c(c1)nccc2N1C=C(C[NH+]2CCCC2)N=N1.Oc1ccccc1C(=O)[O-]
NITXAS,0.9686999999999992,483.16733199199996,2,7,Clc1ccc2c(c1)nccc2N1C=C(C[NH+]2CCCCC2)N=N1.Oc1ccccc1C(=O)[O-].O
NIWQIU,-6.089499999999992,441.21225782399983,1,5,CCN1C=C(C(=O)[O-])C(=O)c2cc(F)c(cc12)N1CC[NH+](C)CC1.O.O.O.O.O.O
NIYDEE,-3.5813999999999924,403.24387788008994,2,6,[NH2+]1CCOCCOCC[NH2+]CCOCCOCC1.O=C([O-])c1ccccc1.O
NOCTAD,3.852400000000002,328.17869262799996,4,3,NC(N)=O.CCC(c1ccc(O)cc1)=C(CC)c1ccc(O)cc1
NOCTEH,0.9334000000000002,375.20457302799997,3,4,CCC(c1ccc(O)cc1)=C(CC)c1ccc(O)cc1.O.C[NH2+]CC(=O)[O-]
NODZEL,-1.071500000000001,422.06440347999995,4,5,CC(O)(P(O)(O)=O)P(O)(=O)[O-].[nH+]1cccc2ccc3cccnc3c12.O.O
NOGJIC,-2.081979999999999,231.067762276,3,3,Cc1cccc(c1)S(=O)(=O)[O-].NC(N)=[NH2+]
NOGJOI,-1.4651399999999983,259.099062404,3,3,NC(N)=[NH2+].Cc1cc(C)c(c(C)c1)S(=O)(=O)[O-]
NOGJUO,-2.482199999999999,262.03719042,3,5,NC(N)=[NH2+].O=N(=O)c1ccccc1S(=O)(=O)[O-]
NOGKAV,-2.482199999999999,262.03719042,3,5,NC(N)=[NH2+].O=N(=O)c1cccc(c1)S(=O)(=O)[O-]
NOGKAV01,-2.482199999999999,262.03719042,3,5,O=N(=O)c1cccc(c1)S(=O)(=O)[O-].NC(N)=[NH2+]
NOGKEZ,-2.574,307.0222686280001,3,7,O=N(=O)c1ccc(c(c1)N(=O)=O)S(=O)(=O)[O-].NC(N)=[NH2+]
NOGKID,-3.398699999999999,325.0328333119999,3,7,NC(N)=[NH2+].O=N(=O)c1ccc(c(c1)N(=O)=O)S(=O)(=O)[O-].O
NOGKOJ,-2.6658,352.00734683600007,3,9,O=N(=O)c1cc(c(c(c1)N(=O)=O)S(=O)(=O)[O-])N(=O)=O.NC(N)=[NH2+]
NOJKON,-1.052699999999997,360.05810287591004,1,6,O=S(=O)([O-])CCS(=O)(=O)[O-].C#CC[NH2+]C1CCc2ccccc12
NOJXET,0.6713999999999998,210.100442308,2,3,CN(C)C=O.Nc1ccc(cc1)C(O)=O
NOKGEC,2.5676000000000005,259.157228912,1,2,CCC(=O)NCCC1CCc2ccc3OCCc3c12
NOKNUX,1.96809,388.12052612,1,8,CSC(=Nc1ccncc1)[C-]1C(=O)OC(C)(C)OC1=O.Nc1cc[nH+]cc1
NOKZEV,3.888820000000001,476.11299612799996,2,5,Cc1ccc(cc1)C1=CC(=NN1c1ccc(cc1)S(N)(=O)=O)C(F)(F)F.O=C1NC=CC=C1
NOKZIZ,4.197240000000002,490.12864619199996,2,5,Cc1ccc(cc1)C1=CC(=NN1c1ccc(cc1)S(N)(=O)=O)C(F)(F)F.CC1=CC=CC(=O)N1
NOLBEY,2.5673000000000004,443.091784104,4,6,NS(=O)(=O)c1cc(C(O)=O)c(NCC2=CC=CO2)cc1Cl.O=C1CCCCCN1
NOLBIC,1.3524999999999998,447.086698724,4,6,NS(=O)(=O)c1cc(C(O)=O)c(NCC2=CC=CO2)cc1Cl.O=C1CCCCN1.O
NOLBOI,0.02360000000000101,392.00158919600005,4,6,NS(=O)(=O)c1cc2c(NCNS2(=O)=O)cc1Cl.O=C1NC=CC=C1
NOLBOI01,0.02360000000000101,392.00158919600005,4,6,NS(=O)(=O)c1cc2c(NCNS2(=O)=O)cc1Cl.O=C1NC=CC=C1
NOLLAF,-3.4654999999999987,191.10773632800002,3,4,C1CO[B-]2(O1)OCCO2.NC(N)=[NH2+]
NONXOH,2.559200000000001,448.246103492,2,7,CC(=O)OCC(=O)C1(O)CCC2C3CCC4=CC(=O)CCC4(C)C3C(=O)CC12C.CCO
NONZOF,-0.6058999999999992,317.126322708,3,4,OC(C(O)=O)c1ccccc1.[NH3+]C(Cc1ccccc1)C(=O)[O-]
NOPQUI,0.03590000000000226,303.228382472,1,4,C[N+](C)(C)CCO.CC1(C)CC(CC(C)(C)N1[O])C(=O)[O-]
NORDAA,-1.8756999999999988,201.076609242,3,3,OP(O)(=O)[O-].C[N+](C)(C)CCO
NOREPH01,1.0672000000000001,151.099714036,2,2,CC(N)C(O)c1ccccc1
NORGES01,3.8826000000000027,312.208930136,1,2,CCC12CCC3C(CCC4=CC(=O)CCC34)C1CCC2(O)C#C
NORGES10,3.8826000000000027,312.208930136,1,2,CCC12CCC3C(CCC4=CC(=O)CCC34)C1CCC2(O)C#C
NORTEW,3.8808000000000025,290.105527688,2,4,Oc1cccc(O)c1.c1ccc2nc3ccccc3nc2c1
NORTEW01,3.8808000000000025,290.105527688,2,4,Oc1cccc(O)c1.c1ccc2nc3ccccc3nc2c1
NOSTOH,1.0284999999999997,326.06694926000006,3,4,OC(=O)Cc1ccc(O)c(Cl)c1.NC(=O)c1cccnc1.O
NOTBOQ,3.7931000000000017,418.22564282,3,4,CC12CCC3C(CCc4cc(O)ccc34)C1CCC2(O)C#C.NC(=O)c1cccnc1
NOTSIB,-6.826700000000004,336.15436288781996,2,8,[NH3+]CCCCC[NH3+].O=C([O-])CCC(=O)[O-].O=C([O-])CCC(=O)[O-]
NOTXEB,-3.8980999999999986,181.07383178809,2,2,ClCC(=O)[O-].[NH2+]1CC[NH2+]CC1
NOVQOE,-3.633599999999997,372.075586924,1,6,CC1(C)SC2C(NC(=O)COc3ccccc3)C(=O)N2C1C(=O)[O-].[Na+]
NOVQUK,-3.633599999999996,481.9912695439999,1,6,[Cs+].CC1(C)SC2C(NC(=O)COc3ccccc3)C(=O)N2C1C(=O)[O-]
NOWJIV,1.4746399999999995,470.1875430599999,3,6,Cc1ccc(Sc2ccccc2N2CC[NH2+]CC2)c(C)c1.Oc1cccc(C(=O)[O-])c1O.O
NOWJUH,2.29934,452.1769783759999,3,6,Cc1ccc(Sc2ccccc2N2CC[NH2+]CC2)c(C)c1.Oc1ccc(O)c(c1)C(=O)[O-]
NOWKAO,2.2993400000000004,452.1769783759999,3,6,Cc1ccc(Sc2ccccc2N2CC[NH2+]CC2)c(C)c1.Oc1cccc(O)c1C(=O)[O-]
NOYREB,-6.469399999999994,450.1280663559999,4,7,OC(CN1C=[NH+]C=C1)(P(O)(=O)[O-])P(O)(=O)[O-].O.O.O.C1C[NH+]=C2CCCN2C1
NOZLAS,4.483000000000003,360.043233048,1,2,Clc1ccc(cc1)c1ccccc1NC(=O)c1cccnc1Cl.O
NOZWEE,1.0865999999999998,274.10659030799997,3,3,O=N(=O)[O-].[NH2+]=C(Nc1ccccc1)Nc1ccccc1
NOZWII,4.777400000000004,428.23245951600006,1,5,CCCCC1=NC2(CCCC2)C(=O)N1Cc1ccc(cc1)c1ccccc1C1=NNN=N1
NOZWII01,4.777400000000004,428.23245951600006,1,5,CCCCC1=NC2(CCCC2)C(=O)N1Cc1ccc(cc1)c1ccccc1C1=NNN=N1
NOZWII02,4.777400000000004,428.23245951600006,1,5,CCCCC1=NC2(CCCC2)C(=O)N1Cc1ccc(cc1)c1ccccc1C1=NNN=N1
NOZWII03,4.777400000000004,428.23245951600006,1,5,CCCCC1=NC2(CCCC2)C(=O)N1Cc1ccc(cc1)c1ccccc1C1=NNN=N1
NOZWII04,4.777400000000004,428.23245951600006,1,5,CCCCC1=NC2(CCCC2)C(=O)N1Cc1ccc(cc1)c1ccccc1C1=NNN=N1
NOZWII05,4.777400000000004,428.23245951600006,1,5,CCCCC1=NC2(CCCC2)C(=O)N1Cc1ccc(cc1)c1ccccc1C1=NNN=N1
NOZWII06,4.777400000000004,428.23245951600006,1,5,CCCCC1=NC2(CCCC2)C(=O)N1Cc1ccc(cc1)c1ccccc1C1=NNN=N1
NOZWII07,4.777400000000004,428.23245951600006,1,5,CCCCC1=NC2(CCCC2)C(=O)N1Cc1ccc(cc1)c1ccccc1C1=NNN=N1
NOZWII08,4.777400000000004,428.23245951600006,1,5,CCCCC1=NC2(CCCC2)C(=O)N1Cc1ccc(cc1)c1ccccc1C1=NNN=N1
NOZWII09,4.777400000000004,428.23245951600006,1,5,CCCCC1=NC2(CCCC2)C(=O)N1Cc1ccc(cc1)c1ccccc1C1=NNN=N1
NOZWII10,4.777400000000004,428.23245951600006,1,5,CCCCC1=NC2(CCCC2)C(=O)N1Cc1ccc(cc1)c1ccccc1C1=NNN=N1
NOZWII11,4.777400000000004,428.23245951600006,1,5,CCCCC1=NC2(CCCC2)C(=O)N1Cc1ccc(cc1)c1ccccc1C1=NNN=N1
NOZWII12,4.777400000000004,428.23245951600006,1,5,CCCCC1=NC2(CCCC2)C(=O)N1Cc1ccc(cc1)c1ccccc1C1=NNN=N1
NOZWII13,4.777400000000004,428.23245951600006,1,5,CCCCC1=NC2(CCCC2)C(=O)N1Cc1ccc(cc1)c1ccccc1C1=NNN=N1
NOZWII14,4.777400000000004,428.23245951600006,1,5,CCCCC1=NC2(CCCC2)C(=O)N1Cc1ccc(cc1)c1ccccc1C1=NNN=N1
NOZWII15,4.777400000000004,428.23245951600006,1,5,CCCCC1=NC2(CCCC2)C(=O)N1Cc1ccc(cc1)c1ccccc1C1=NNN=N1
NOZWII16,4.777400000000004,428.23245951600006,1,5,CCCCC1=NC2(CCCC2)C(=O)N1Cc1ccc(cc1)c1ccccc1C1=NNN=N1
NOZWII17,4.777400000000004,428.23245951600006,1,5,CCCCC1=NC2(CCCC2)C(=O)N1Cc1ccc(cc1)c1ccccc1C1=NNN=N1
NOZWII18,4.777400000000004,428.23245951600006,1,5,CCCCC1=NC2(CCCC2)C(=O)N1Cc1ccc(cc1)c1ccccc1C1=NNN=N1
NOZWII19,4.777400000000004,428.23245951600006,1,5,CCCCC1=NC2(CCCC2)C(=O)N1Cc1ccc(cc1)c1ccccc1C1=NNN=N1
NOZWII20,4.777400000000004,428.23245951600006,1,5,CCCCC1=NC2(CCCC2)C(=O)N1Cc1ccc(cc1)c1ccccc1C1=NNN=N1
NOZWII21,4.777400000000004,428.23245951600006,1,5,CCCCC1=NC2(CCCC2)C(=O)N1Cc1ccc(cc1)c1ccccc1C1=NNN=N1
NOZWII22,4.777400000000004,428.23245951600006,1,5,CCCCC1=NC2(CCCC2)C(=O)N1Cc1ccc(cc1)c1ccccc1C1=NNN=N1
NOZWII23,4.777400000000004,428.23245951600006,1,5,CCCCC1=NC2(CCCC2)C(=O)N1Cc1ccc(cc1)c1ccccc1C1=NNN=N1
NOZWII24,4.777400000000004,428.23245951600006,1,5,CCCCC1=NC2(CCCC2)C(=O)N1Cc1ccc(cc1)c1ccccc1C1=NNN=N1
NOZWII25,4.777400000000004,428.23245951600006,1,5,CCCCC1=NC2(CCCC2)C(=O)N1Cc1ccc(cc1)c1ccccc1C1=NNN=N1
NOZWII26,4.777400000000004,428.23245951600006,1,5,CCCCC1=NC2(CCCC2)C(=O)N1Cc1ccc(cc1)c1ccccc1C1=NNN=N1
NOZWII27,4.777400000000004,428.23245951600006,1,5,CCCCC1=NC2(CCCC2)C(=O)N1Cc1ccc(cc1)c1ccccc1C1=NNN=N1
NOZWII28,4.777400000000004,428.23245951600006,1,5,CCCCC1=NC2(CCCC2)C(=O)N1Cc1ccc(cc1)c1ccccc1C1=NNN=N1
NOZWII29,4.777400000000004,428.23245951600006,1,5,CCCCC1=NC2(CCCC2)C(=O)N1Cc1ccc(cc1)c1ccccc1C1=NNN=N1
NOZWII30,4.777400000000004,428.23245951600006,1,5,CCCCC1=NC2(CCCC2)C(=O)N1Cc1ccc(cc1)c1ccccc1C1=NNN=N1
NOZWII31,4.777400000000004,428.23245951600006,1,5,CCCCC1=NC2(CCCC2)C(=O)N1Cc1ccc(cc1)c1ccccc1C1=NNN=N1
NOZWII32,4.777400000000004,428.23245951600006,1,5,CCCCC1=NC2(CCCC2)C(=O)N1Cc1ccc(cc1)c1ccccc1C1=NNN=N1
NOZWII33,4.777400000000004,428.23245951600006,1,5,CCCCC1=NC2(CCCC2)C(=O)N1Cc1ccc(cc1)c1ccccc1C1=NNN=N1
NOZWII34,4.777400000000004,428.23245951600006,1,5,CCCCC1=NC2(CCCC2)C(=O)N1Cc1ccc(cc1)c1ccccc1C1=NNN=N1
NOZWII35,4.777400000000004,428.23245951600006,1,5,CCCCC1=NC2(CCCC2)C(=O)N1Cc1ccc(cc1)c1ccccc1C1=NNN=N1
NOZWII36,4.777400000000004,428.23245951600006,1,5,CCCCC1=NC2(CCCC2)C(=O)N1Cc1ccc(cc1)c1ccccc1C1=NNN=N1
NOZWII37,4.777400000000004,428.23245951600006,1,5,CCCCC1=NC2(CCCC2)C(=O)N1Cc1ccc(cc1)c1ccccc1C1=NNN=N1
NOZWII38,4.777400000000004,428.23245951600006,1,5,CCCCC1=NC2(CCCC2)C(=O)N1Cc1ccc(cc1)c1ccccc1C1=NNN=N1
NOZWII39,4.777400000000004,428.23245951600006,1,5,CCCCC1=NC2(CCCC2)C(=O)N1Cc1ccc(cc1)c1ccccc1C1=NNN=N1
NOZWII40,4.777400000000004,428.23245951600006,1,5,CCCCC1=NC2(CCCC2)C(=O)N1Cc1ccc(cc1)c1ccccc1C1=NNN=N1
NOZWII41,4.777400000000004,428.23245951600006,1,5,CCCCC1=NC2(CCCC2)C(=O)N1Cc1ccc(cc1)c1ccccc1C1=NNN=N1
NOZWII42,4.777400000000004,428.23245951600006,1,5,CCCCC1=NC2(CCCC2)C(=O)N1Cc1ccc(cc1)c1ccccc1C1=NNN=N1
NOZWII43,4.777400000000004,428.23245951600006,1,5,CCCCC1=NC2(CCCC2)C(=O)N1Cc1ccc(cc1)c1ccccc1C1=NNN=N1
NOZWII44,4.777400000000004,428.23245951600006,1,5,CCCCC1=NC2(CCCC2)C(=O)N1Cc1ccc(cc1)c1ccccc1C1=NNN=N1
NOZWII45,4.777400000000004,428.23245951600006,1,5,CCCCC1=NC2(CCCC2)C(=O)N1Cc1ccc(cc1)c1ccccc1C1=NNN=N1
NOZWII46,4.777400000000004,428.23245951600006,1,5,CCCCC1=NC2(CCCC2)C(=O)N1Cc1ccc(cc1)c1ccccc1C1=NNN=N1
NOZWII47,4.777400000000004,428.23245951600006,1,5,CCCCC1=NC2(CCCC2)C(=O)N1Cc1ccc(cc1)c1ccccc1C1=NNN=N1
NOZWII48,4.777400000000004,428.23245951600006,1,5,CCCCC1=NC2(CCCC2)C(=O)N1Cc1ccc(cc1)c1ccccc1C1=NNN=N1
NOZWII49,4.777400000000004,428.23245951600006,1,5,CCCCC1=NC2(CCCC2)C(=O)N1Cc1ccc(cc1)c1ccccc1C1=NNN=N1
NOZWII50,4.777400000000004,428.23245951600006,1,5,CCCCC1=NC2(CCCC2)C(=O)N1Cc1ccc(cc1)c1ccccc1C1=NNN=N1
NOZWII51,4.777400000000004,428.23245951600006,1,5,CCCCC1=NC2(CCCC2)C(=O)N1Cc1ccc(cc1)c1ccccc1C1=NNN=N1
NOZWII52,4.777400000000004,428.23245951600006,1,5,CCCCC1=NC2(CCCC2)C(=O)N1Cc1ccc(cc1)c1ccccc1C1=NNN=N1
NOZWII53,4.777400000000004,428.23245951600006,1,5,CCCCC1=NC2(CCCC2)C(=O)N1Cc1ccc(cc1)c1ccccc1C1=NNN=N1
NOZWII54,4.777400000000004,428.23245951600006,1,5,CCCCC1=NC2(CCCC2)C(=O)N1Cc1ccc(cc1)c1ccccc1C1=NNN=N1
NOZWII55,4.777400000000004,428.23245951600006,1,5,CCCCC1=NC2(CCCC2)C(=O)N1Cc1ccc(cc1)c1ccccc1C1=NNN=N1
NPQHRQ,2.7196000000000007,268.073558864,2,4,O=C1C=CC(=O)c2ccccc12.Oc1ccc(O)cc1
NPREYO,4.313500000000004,284.214015516,1,1,CC12CCC3C(CCC4=CCCCC34)C1CCC2(O)C#C
NUBHAW,2.1269,323.03089810000006,2,5,OC(=O)c1cc(ccc1Cl)N(=O)=O.NC(=O)c1cccnc1
NUBHOH,-3.998,135.064391148,3,3,[NH3+]CC(=O)[O-].NC(N)=O
NUBTUD,1.4404200000000003,266.09027154800003,3,6,OO.CCN1C=C(C(O)=O)C(=O)c2ccc(C)nc12
NUBVEN,2.0911000000000004,495.1753981399999,1,8,C[NH+]1CCN(CC1)C(c1ccccc1)c1ccccc1.O=N(=O)c1cc(c([O-])c(c1)N(=O)=O)N(=O)=O
NUDJAB,2.802100000000001,306.08382694000005,2,3,CCc1cc(ccn1)C(N)=S.OC(=O)c1ccc(F)cc1
NUDJEF,2.9412000000000003,324.074405128,2,3,CCc1cc(ccn1)C(N)=S.OC(=O)c1ccc(F)c(F)c1
NUDJIJ,3.0803000000000003,342.06498331600005,2,3,CCc1cc(ccn1)C(N)=S.OC(=O)c1cc(F)c(F)cc1F
NUDJOP,3.01959,359.04773647200005,2,3,CCc1cc(ccn1)C(N)=S.OC(=O)c1[c]c(F)c(F)c(F)c1F
NUDJUV,0.5921000000000003,322.07874155999997,2,4,CCc1[nH+]ccc(c1)C(N)=S.Oc1cccc(F)c1C(=O)[O-]
NUGKAE,-3.183599999999995,301.17916944809,4,5,CCC([NH2+]CC[NH2+]C(CC)CO)CO.CS(=O)(=O)[O-]
NUHTUI,1.4864000000000006,385.1526123799101,4,5,[S-]c1ccc2ccc3c([S-])ccc4ccc1c2c34.[NH3+]CCN.NCCN
NUHYEU,-0.00919999999999993,197.080041212,4,3,NC(N)=O.Nc1ccc(cc1)C(O)=O
NUJDAX,-2.938,299.09289164,3,7,NC1=NC(=O)N(C=C1)C1OC(CO)C(O)C1(F)F.O.O
NUJDOL,4.322400000000005,346.16812794399993,2,4,C(CN=Cc1ccccc1)N=Cc1ccccc1.Oc1ccc(O)cc1
NUKDOO,-0.09340000000000015,229.063634144,1,2,ClC(Cl)C(=O)[O-].CC(C)[NH2+]C(C)C
NUKVOF01,-3.116399999999996,356.17360724800005,2,4,O=C([O-])c1ccccc1.O=C([O-])c1ccccc1.C1C[NH+]2CC[NH+]1CC2
NUKWAS,-2.8230999999999975,209.12845420409,2,2,O=C([O-])c1ccccc1.[NH2+]1CC[NH2+]CC1
NUKWAS01,-2.8230999999999975,209.12845420409,2,2,O=C([O-])c1ccccc1.[NH2+]1CC[NH2+]CC1
NUKWEW,2.8284000000000002,339.12190602400005,3,5,OC(=O)c1ccccc1.OC(=O)c1ccccc1.Nc1ncccn1
NUKWEW01,1.4435999999999998,217.085126592,2,4,OC(=O)c1ccccc1.Nc1ncccn1
NUKWEW02,1.4435999999999998,217.085126592,2,4,OC(=O)c1ccccc1.Nc1ncccn1
NUKWOG,1.4436000000000004,217.085126592,2,4,Nc1ncccn1.OC(=O)c1ccccc1
NUKWOG01,1.4435999999999998,217.085126592,2,4,OC(=O)c1ccccc1.Nc1ncccn1
NUKWUM,-3.705199999999995,388.16343648800006,4,6,Oc1ccccc1C(=O)[O-].Oc1ccccc1C(=O)[O-].C1C[NH+]2CC[NH+]1CC2
NUKXAT,3.873400000000002,318.100442308,2,4,OC(=O)c1ccccc1O.c1ccc2nc3ccccc3nc2c1
NUKXEX,0.7873999999999999,308.13722174,2,4,OC(=O)c1ccccc1O.CC(=O)N1CCN(CC1)C(C)=O
NUKXEX01,0.7873999999999999,308.13722174,2,4,OC(=O)c1ccccc1O.CC(=O)N1CCN(CC1)C(C)=O
NUKXEX02,0.7873999999999999,308.13722174,2,4,OC(=O)c1ccccc1O.CC(=O)N1CCN(CC1)C(C)=O
NUKXUN,-0.09330000000000022,348.1069842319999,4,6,NC(=O)c1cccnc1.NC(=O)c1cccnc1.OC(=O)CC(O)=O
NUKXUN01,-0.09329999999999838,348.106984232,4,6,OC(=O)CC(O)=O.NC(=O)c1cccnc1.NC(=O)c1cccnc1
NUKXUN02,-0.09329999999999838,348.106984232,4,6,OC(=O)CC(O)=O.NC(=O)c1cccnc1.NC(=O)c1cccnc1
NUKYAU,-0.10769999999999996,238.05897142,3,4,NC(=O)c1cccnc1.OC(=O)C=CC(O)=O
NUKYAU01,-0.10769999999999996,238.05897142,3,4,NC(=O)c1cccnc1.OC(=O)C=CC(O)=O
NUKYEY,0.5063999999999997,254.090271548,3,4,OC(=O)CCCC(O)=O.NC(=O)c1cccnc1
NUKYEY01,0.5063999999999997,254.090271548,3,4,OC(=O)CCCC(O)=O.NC(=O)c1cccnc1
NUKYIC01,0.8965000000000001,268.10592161200003,3,4,NC(=O)c1cccnc1.OC(=O)CCCCC(O)=O
NUKYOI,0.8965000000000001,268.10592161200003,3,4,NC(=O)c1cccnc1.OC(=O)CCCCC(O)=O
NUKYUO,1.2866,282.121571676,3,4,NC(=O)c1cccnc1.OC(=O)CCCCCC(O)=O
NUKYUO01,1.2865999999999995,282.121571676,3,4,OC(=O)CCCCCC(O)=O.NC(=O)c1cccnc1
NUKYUO02,1.2866,282.121571676,3,4,NC(=O)c1cccnc1.OC(=O)CCCCCC(O)=O
NUKYUO03,1.2865999999999995,282.121571676,3,4,OC(=O)CCCCCC(O)=O.NC(=O)c1cccnc1
NUKZAV,1.6766999999999999,296.13722174,3,4,NC(=O)c1cccnc1.OC(=O)CCCCCCC(O)=O
NUKZAV01,1.6766999999999999,296.13722174,3,4,NC(=O)c1cccnc1.OC(=O)CCCCCCC(O)=O
NUKZEZ,1.6766999999999999,296.13722174,3,4,NC(=O)c1cccnc1.OC(=O)CCCCCCC(O)=O
NUKZEZ01,1.6766999999999999,296.13722174000003,3,4,OC(=O)CCCCCCC(O)=O.NC(=O)c1cccnc1
NUKZID,2.0667999999999997,310.152871804,3,4,NC(=O)c1cccnc1.OC(=O)CCCCCCCC(O)=O
NUKZOJ,2.4569,324.16852186799997,3,4,NC(=O)c1cccnc1.OC(=O)CCCCCCCCC(O)=O
NUMHIO,0.5928000000000004,285.114712468,3,4,O=C1CCCCCN1.Nc1ccc(cc1)S(N)(=O)=O
NUMMIV,4.247600000000005,418.14634694399996,3,5,CNC(=O)c1ccccc1Sc1ccc2c(NN=C2C=Cc2ccccn2)c1.CO
NUMYUS,4.912500000000003,394.0740686920001,1,3,OC(=O)c1ccccc1.Fc1c(F)c(F)c(N=Cc2ccncc2)c(F)c1F
NUPQEW,2.699600000000001,459.19065428,1,6,COc1ccc(cc1)N1N=C(C(N)=O)C2=C1C(=O)N(CC2)c1ccc(cc1)N1CCCCC1=O
NUPXAY,-0.9071000000000005,269.10282399000005,4,3,[NH3+]CC1(CCCCC1)CC(O)=O.OP(O)(=O)[O-]
NUPXED,-5.901999999999998,222.12077757191,4,4,CN(C)C(N)=NC(N)=[NH2+].O=C([O-])[O-].CO
NUQLES,2.07002,218.105527688,3,4,Nc1ccncc1.Cc1c(O)cccc1O
NUQLOD,1.36172,302.07251330800005,2,5,Oc1ccccc1C(=O)[O-].Cc1cccc2SC(=[NH+]c12)N
NUQLOD01,-0.046680000000000055,302.07251330799994,3,4,Cc1cccc2SC(=[NH2+])Nc12.Oc1ccccc1C(=O)[O-]
NUQLUJ,0.1470200000000001,246.100442308,2,4,Oc1ccccc1C(=O)[O-].Cc1ccc[nH+]c1N
NUQRAU,-6.1495999999999995,235.05064941191,4,5,NC(N)=[NH+]C(N)=S.O=C([O-])CCC(=O)[O-]
NUQREA,0.5228999999999995,491.04570650399995,4,9,CN1C(=C(O)C2=C(C=CS2)S1(=O)=O)C(=O)Nc1[nH+]cccc1.Oc1cccc(O)c1C(=O)[O-]
NUSBOU,1.3993999999999998,377.17731272399993,3,3,NC(N)=[NH2+].CCCCCCc1ccc(cc1)c1ccc(cc1)S(=O)(=O)[O-]
NUTFAL,1.9759999999999998,358.29628233990996,1,4,[NH3+]CCCCCCCCCCCCCCCC.O=C([O-])CCC(=O)[O-]
NUVFOB,-1.3856,261.074955832,2,6,Oc1cccc(c1)C(=O)[O-].[NH3+]C(=O)c1cnccn1
NUWFUI,-4.088299999999997,403.13102673599997,2,4,[Cl-].OC(=O)C1=CN(C2CC2)c2cc(N3CC[NH2+]CC3)c(F)cc2C1=O.O.O
NUXDOD,-1.2180999999999986,495.181706644,2,6,CCN1C=C(C(O)=O)C(=O)c2cc(F)c(cc12)N1CC[NH2+]CC1.Fc1ccc(cc1)C(=O)[O-].O.O
NUYCIW,-2.674599999999999,219.08362925209,2,5,O=N(=O)C1=C[N-]N=C1N(=O)=O.[NH3+]CC[NH3+]
NUYDOB,-0.46190000000000037,430.0334562119999,4,5,OC1=C(Cl)C(=O)C(=C(Cl)C1=O)[O-].[NH3+]C(CC1=CNc2ccccc12)C(O)=O.O
NUYFUI,-5.205999999999997,264.059365344,4,6,OC1=C([O-])C(=O)C1=O.[NH3+]C(CC(N)=O)C(O)=O.O
NUYFUI01,-5.205999999999997,264.059365344,4,6,OC1=C([O-])C(=O)C1=O.[NH3+]C(CC(N)=O)C(O)=O.O
NUYRIJ,-3.7971999999999975,344.1575570039099,3,9,O.Nc1cc(nc(N)[n+]1O)N1CCCCC1.O=C([O-])CCC(=O)[O-]
NUZGUM,3.0356000000000005,250.044150556,2,2,OC(=O)c1cc(ccc1O)c1ccc(F)cc1F
NUZHAT,3.0356000000000005,250.044150556,2,2,OC(=O)c1cc(ccc1O)c1ccc(F)cc1F
NUZMIG,-2.2853999999999983,233.0899372,3,4,[NH3+]C(C(C)C)C(O)=O.OC(=O)C=CC(=O)[O-]
NUZSAC,-3.4302999999999964,311.06728360799997,3,4,O=[Cl](=O)(=O)[O-].[NH2+]=C(Nc1ccccc1)Nc1ccccc1
NUZTAF,1.9649,270.100442308,2,3,OC(=O)C=Cc1ccccc1.NC(=O)c1cccnc1
OBARUG,1.4108999999999998,295.012613396,1,4,FC(F)(F)S(=O)(=O)[O-].Oc1cccc2ccc[nH+]c12
OBEQAN,3.0348000000000006,343.99667678,2,4,Oc1ccc(Cl)cc1C(=O)Nc1ccc(cc1Cl)N(=O)=O.O
OBEQAN01,3.0348000000000006,343.99667678,2,4,Oc1ccc(Cl)cc1C(=O)Nc1ccc(cc1Cl)N(=O)=O.O
OBEQAN02,3.0348000000000006,343.99667678,2,4,O.Oc1ccc(Cl)cc1C(=O)Nc1ccc(cc1Cl)N(=O)=O
OBEQER,4.6563000000000025,398.04362697199997,2,5,Oc1ccc(Cl)cc1C(=O)Nc1ccc(cc1Cl)N(=O)=O.C1CCOC1
OBOZEL,-0.8837999999999986,354.05131337590996,4,5,OP(=O)([O-])CCCCP(O)(=O)[O-].[NH3+]c1ccc(cc1)C(O)=O
OBUBOE,1.3938,274.095356928,2,5,COc1cc(C=O)ccc1O.NC(=O)c1cccnc1
OBUBOE01,1.3938,274.095356928,2,5,COc1cc(C=O)ccc1O.NC(=O)c1cccnc1
OBUSEL,1.5114000000000023,411.222548664,3,5,CCCCCCCCCCCCCC(=O)SCCS(=O)(=O)[O-].NC(N)=[NH2+]
OCAHAC,4.266800000000003,422.1621870360001,2,6,CCCCC1=NC(=C(CO)N1Cc1ccc(cc1)c1ccccc1C1=NNN=N1)Cl
OCAHAC01,4.266800000000003,422.1621870360001,2,6,CCCCC1=NC(=C(CO)N1Cc1ccc(cc1)c1ccccc1C1=NNN=N1)Cl
OCATUH,2.0877999999999997,309.12257471999993,3,6,Nc1nccc(n1)c1ccncc1.Nc1ccc(cc1)C(O)=O
OCIPUM,0.9661000000000002,319.116820644,3,5,NC(=O)c1ccc(CN2C=CC=N2)cc1.OC(=O)CCC(O)=O
OCOLID,-5.6556999999999995,314.08411931599994,3,3,[Br-].[NH3+]C(C(C)C)C(O)=O.[NH3+]C(C(C)C)C(=O)[O-]
ODEFEJ,-0.35659999999999936,374.978411228,3,6,NS(=O)(=O)c1cc2c(NCNS2(=O)=O)cc1Cl.CS(C)=O
ODIGAL,0.9196999999999995,337.10962708799997,2,5,Nc1ccc(cc1)S(=O)(=O)N=C1NC=CC=C1.C1COCCO1
ODIHOZ,-0.24959999999999982,266.093642676,1,5,C[N+](C)(C)CCO.CC1=CC(=O)[N-]S(=O)(=O)O1
ODIHUF,0.5877000000000001,286.09872805599997,1,4,O=C1[N-]S(=O)(=O)c2ccccc12.C[N+](C)(C)CCO
ODOHIZ,3.143480000000001,330.1691905640001,4,4,OC(=O)c1ccccc1O.CC1=CC(=NN1)C.CC1=CC(=NN1)C
ODONED,-4.639499999999997,256.117154992,4,3,O=C([O-])CNC(=O)c1ccccc1.O.NC(N)=[NH2+]
OFAGAH,3.8274000000000026,404.1306968800001,2,6,Nc1ccc(cc1)S(=O)(=O)c1ccc(N)cc1.c1cc(ccn1)c1ccncc1
OFAZUQ,1.7813800000000002,305.10117058000003,2,6,CCN(CC)C(=O)C(=Cc1cc(O)c(O)c(c1)N(=O)=O)C#N
OFAZUQ01,1.7813800000000002,305.10117058000003,2,6,CCN(CC)C(=O)C(=Cc1cc(O)c(O)c(c1)N(=O)=O)C#N
OFAZUQ03,1.7813800000000002,305.10117058000003,2,6,CCN(CC)C(=O)C(=Cc1cc(O)c(O)c(c1)N(=O)=O)C#N
OFEGEP,0.5873999999999991,303.085520516,3,5,NC(=O)c1cnccn1.OC(=O)Cc1ccccc1C(O)=O
OFEJOA,1.0114999999999994,369.14370408799994,3,7,Nc1[nH+]c(N)c(cc1)N=Nc1ccccc1.Oc1ccccc1C(=O)[O-].O
OFEJUG,1.8361999999999994,351.13313940399996,3,7,Nc1[nH+]c(N)c(cc1)N=Nc1ccccc1.Oc1ccccc1C(=O)[O-]
OFEJUG01,1.8361999999999994,351.13313940399996,3,7,Nc1[nH+]c(N)c(cc1)N=Nc1ccccc1.Oc1ccccc1C(=O)[O-]
OFELOD,1.4426999999999996,294.08518616799995,3,5,Oc1ccc(cc1)N(=O)=O.Nc1ccc(cc1)C(O)=O.O
OFILEW,3.353200000000001,425.16185268799995,2,5,Clc1ccc2N(C3CCN(CCCN4C(=O)Nc5ccccc45)CC3)C(=O)Nc2c1
OFIQUR01,-0.12729999999999986,170.105527688,1,2,CCC(N1CCCC1=O)C(N)=O
OFOWOV,-0.7509999999999968,417.09121374999995,3,4,O=P(c1ccccc1)(c1ccccc1)c1ccccc1S(=O)(=O)[O-].NC(N)=[NH2+]
OFUHIG,1.1566,205.085126592,3,5,Oc1ccc(O)cc1.Nc1ncccn1
OFUYIZ,0.8531000000000002,275.09060589600006,4,5,NC(=O)c1cccnc1.Nc1ccc(C(O)=O)c(O)c1
OGACOS,0.1102000000000028,456.217283628,3,7,CCN1C=C(C(=O)[O-])C(=O)c2cc(F)c(cc12)N1CCNCC1.[NH3+]CCc1ccc(O)cc1
OGACUY,-0.7384999999999982,489.1911284559999,2,8,CCN1C=C(C(=O)[O-])C(=O)c2cc(F)c(cc12)N1CC[NH2+]CC1.COC(=O)c1ccc(O)cc1.O
OGADAF,-1.4211999999999976,433.13189932800003,2,7,CS(=O)(=O)[O-].CCN1C=C(C(O)=O)C(=O)c2cc(F)c(cc12)N1CC[NH2+]CC1.O
OGADEJ,1.1412200000000008,491.152634772,2,7,Cc1ccc(cc1)S(=O)(=O)[O-].CCN1C=C(C(O)=O)C(=O)c2cc(F)c(cc12)N1CC[NH2+]CC1
OGAFOS,3.7497000000000025,308.15247788,2,4,C(Cc1ccncc1)Cc1ccncc1.Oc1ccc(O)cc1
OGAGAI,1.0977999999999999,110.036779432,2,2,Oc1ccc(O)cc1
OGAGEM,1.0977999999999999,110.036779432,2,2,Oc1ccc(O)cc1
OGAHAF,-0.5667999999999995,270.023180168,2,4,O=S1CCS(=O)CC1.OC(=O)CCC(O)=O
OGAJAL,1.13174,351.11404377199995,2,4,Cc1ccc(C)c(c1)S(=O)(=O)[O-].[NH3+]C(Cc1ccccc1)C(O)=O
OGEGAJ,-4.873799999999997,253.035314784,3,6,O=[Cl](=O)(=O)[O-].[NH3+]CCc1ccc(O)c(O)c1
OGEREY,-2.2726999999999986,232.99861383991,2,6,O=S(=O)([O-])[O-].O=C1NC=[NH+]C2=NNC=C12
OGEZIJ,1.9265999999999999,283.00459504400004,3,4,Oc1nc(Cl)c(Cl)cc1Cl.C1CNCCN1
OGIXIN,0.9872999999999998,258.956976156,2,3,OC(O)C(Cl)(Cl)Cl.[O-][n+]1ccccc1
OGIYIO,0.46941999999999956,236.079706864,4,4,CC1=CNC(=O)NC1=O.Oc1cccc(O)c1
OGIYOU,0.4694199999999996,236.079706864,4,4,CC1=CNC(=O)NC1=O.Oc1ccc(O)cc1
OGOSUC,-6.288700000000001,390.19753055199993,4,8,CN1C(=O)N(C)C2=C(NC=N2)C1=O.[NH3+]C(CCCN=C(N)N)C(=O)[O-].O.O
OGOTAJ,-3.281299999999997,283.128054024,2,7,CN1C(=O)N(C)C2=C(NC=N2)C1=O.[NH3+]CCCC(=O)[O-]
OGUSOA,1.7504200000000003,438.0667762959999,4,8,CC1=NNC(S1)=NS(=O)(=O)c1ccc(N)cc1.COc1cc(ccc1O)C(O)=O
OGUTAN,1.61842,407.072196024,4,7,CC1=NNC(S1)=NS(=O)(=O)c1ccc(N)cc1.Nc1ccc(cc1)C(O)=O
OGUTAN01,1.61842,407.072196024,4,7,CC1=NNC(S1)=NS(=O)(=O)c1ccc(N)cc1.Nc1ccc(cc1)C(O)=O
OGUTIV,2.795020000000001,426.09326581600004,2,7,CC1=NNC(S1)=NS(=O)(=O)c1ccc(N)cc1.c1cc(ccn1)c1ccncc1
OGUTOB,1.3674199999999999,416.0824263599999,4,7,CC1=NNC(S1)=NS(=O)(=O)c1ccc(N)cc1.OC(=O)CCCCC(O)=O
OHOPUY,-2.6973000000000003,214.06751943199998,3,5,O=N(=O)C1=N[N-]N=C1N=[N+]=[N-].NC(N)=[NH2+]
OHUQAN,-2.6159999999999988,278.03210504,2,7,CN1C(=O)N(C)C2=C([NH+]=CN2)C1=O.OS(=O)(=O)[O-]
OHUQAN01,-2.6159999999999988,278.03210504,2,7,CN1C(=O)N(C)C2=C([NH+]=CN2)C1=O.OS(=O)(=O)[O-]
OHUQAN03,-2.6159999999999988,278.03210504,2,7,CN1C(=O)N(C)C2=C([NH+]=CN2)C1=O.OS(=O)(=O)[O-]
OHUQOB,-4.265399999999999,314.0532344079999,2,7,CN1C(=O)N(C)C2=C([NH+]=CN2)C1=O.OS(=O)(=O)[O-].O.O
OJALER,-1.4293999999999978,245.08180962808999,2,2,[NH3+]CCCCCC[NH3+].ClC(Cl)C(=O)[O-]
OJONUZ,0.9157999999999997,332.07568410399995,1,6,O=C1CN(N=CC2=CC=C(O2)c2ccc(cc2)N(=O)=O)C(=O)N1.O
OJONUZ01,0.9157999999999997,332.07568410399995,1,6,O=C1CN(N=CC2=CC=C(O2)c2ccc(cc2)N(=O)=O)C(=O)N1.O
OJONUZ02,0.9157999999999997,332.07568410399995,1,6,O=C1CN(N=CC2=CC=C(O2)c2ccc(cc2)N(=O)=O)C(=O)N1.O
OJOSUC,-4.307299999999997,189.12257472,3,2,CN(C)C(N)=NC(N)=[NH2+].CC(=O)[O-]
OJOSUC01,-4.307299999999997,189.12257472,3,2,CN(C)C(N)=NC(N)=[NH2+].CC(=O)[O-]
OJOSUC02,-4.307299999999997,189.12257472,3,2,CN(C)C(=[NH2+])N=C(N)N.CC(=O)[O-]
OJOSUC03,-4.307299999999998,189.12257472,3,2,CC(=O)[O-].CN(C)C(=[NH2+])N=C(N)N
OJOYIY,1.7404999999999997,314.06511942,1,6,O=C1CN(N=CC2=CC=C(O2)c2ccc(cc2)N(=O)=O)C(=O)N1
OJOYIY01,1.7404999999999997,314.06511942,1,6,O=C1CN(N=CC2=CC=C(O2)c2ccc(cc2)N(=O)=O)C(=O)N1
OJOYIY02,1.7404999999999997,314.06511942,1,6,O=C1CN(N=CC2=CC=C(O2)c2ccc(cc2)N(=O)=O)C(=O)N1
OJOYIY03,1.7404999999999997,314.06511942,1,6,O=C1CN(N=CC2=CC=C(O2)c2ccc(cc2)N(=O)=O)C(=O)N1
OJOYIY04,1.7404999999999997,314.06511942,1,6,O=C1CN(N=CC2=CC=C(O2)c2ccc(cc2)N(=O)=O)C(=O)N1
OJOYIY05,1.7404999999999997,314.06511942,1,6,O=C1CN(N=CC2=CC=C(O2)c2ccc(cc2)N(=O)=O)C(=O)N1
OJOYIY06,1.7404999999999997,314.06511942,1,6,O=C1CN(N=CC2=CC=C(O2)c2ccc(cc2)N(=O)=O)C(=O)N1
OJUQIV,3.08242,401.1739415960001,1,5,O=C([O-])CCC1=NC(=C(O1)c1ccccc1)c1ccccc1.Cc1ccc[nH+]c1N
OJUQUH,-0.1820999999999966,380.19686811209004,2,4,O=C([O-])CCC1=NC(=C(O1)c1ccccc1)c1ccccc1.[NH2+]1CC[NH2+]CC1
OJURAO,4.025800000000003,293.10519334,1,3,OC(=O)CCC1=NC(=C(O1)c1ccccc1)c1ccccc1
OKEBAJ,-2.9714,305.06076231200007,2,8,O=N(=O)c1cc(c([O-])c(c1[O-])N(=O)=O)N(=O)=O.[NH3+]CC[NH3+]
OKETII,2.6498200000000005,312.15862588,2,5,Cc1ccnc2N(C3CC3)c3ncccc3C(=O)Nc12.CCO
OKEYIP,3.169390000000001,318.103813436,3,3,CCCC1=CC(=O)NC(=S)N1.OC(=O)C=Cc1ccccc1
OKIPAZ,0.4198000000000002,319.158371784,2,3,OC(C(=O)[O-])c1ccc(F)cc1.C[NH2+]C(C)Cc1ccccc1
OKIPED,0.4198000000000002,319.158371784,2,3,OC(C(=O)[O-])c1ccc(F)cc1.C[NH2+]C(C)Cc1ccccc1
OKIQAA,1.5883999999999996,379.17835828,2,4,COc1ccc2cc(ccc2c1)C(C)C(=O)[O-].[NH3+]C1C(O)Cc2ccccc12
OKIRAB,1.3128,224.15247788,4,4,Oc1ccc(O)cc1.NC1CCCCC1N
OKOROY,0.9610399999999995,441.07767532800005,2,8,CC1=CC(=O)[N-]S(=O)(=O)O1.Cc1[nH+]c(NS(=O)(=O)c2ccc(N)cc2)nc(C)c1
OKURIY,2.9891000000000014,270.089208928,2,3,OC(=O)c1ccc(O)cc1.O=CC=Cc1ccccc1
OLAWUT,4.652200000000001,337.97764508,0,0,FC(F)(F)C(F)(F)C(F)(F)C(F)(F)C(F)(F)C(F)(F)F
OLECIT,0.14701999999999982,246.100442308,2,4,Oc1ccccc1C(=O)[O-].Cc1[nH+]c(N)ccc1
OLECIT01,0.14701999999999982,246.100442308,2,4,Cc1[nH+]c(N)ccc1.Oc1ccccc1C(=O)[O-]
OLEDAM,-14.240600000000004,257.97283534,1,7,OC(CC(=O)[O-])(CC(=O)[O-])C(=O)[O-].[Na+].[Na+].[Na+]
OLEKOJ,0.07019999999999998,236.09023488,2,0,F[B-](F)(F)F.F[B-](F)(F)F.[NH3+]CC[NH3+]
OLOFUQ,1.3981999999999999,499.14784599999984,2,8,COc1ccc2cc3[n+](CCc4cc5OCOc5cc34)cc2c1OC.OC(=O)CCC(O)=O.O=C[O-]
OLOMIN,-4.0221999999999944,425.06992086799994,2,1,[I-].O.COc1ccc2cccc(CC[NH+]=C(C)O)c2c1.O.O
OLUTIB,-4.067199999999997,363.0536490079999,4,8,[NH2+]=C1NC(=O)N(C=C1F)C1CSC(CO)O1.OC(=O)C=CC(=O)[O-]
OLUTOH,-1.5414999999999983,430.04170442000003,3,8,[NH2+]=C1NC(=O)N(C=C1F)C1CSC(CO)O1.O=C1[N-]S(=O)(=O)c2ccccc12
OLUTUN,-4.233299999999997,351.0536490079999,4,8,[NH2+]=C1NC(=O)N(C=C1F)C1CSC(CO)O1.OC(=O)CC(=O)[O-]
OMACAJ,0.2215999999999994,360.12675437200005,3,8,NC1=NC(=O)N(C=C1F)C1CSC(CO)O1.O=C1CCCCCN1
OMACEN,-1.032299999999998,219.147058152,2,3,CC(C)[NH2+]C(C)C.OC(=O)CCC(=O)[O-]
OMAHAP,-4.2258,168.08571982,2,0,F[B-](F)(F)F.[NH3+]CC[NH3+].[F-]
OMAJIX,-2.716199999999998,275.128821244,4,3,CC(C)(C)[NH2+]CC(O)c1ccc(O)c(CO)c1.[Cl-]
OMAKAQ01,-1.4287999999999983,466.099702368,2,4,Clc1cc2NC(=O)Cc2cc1CC[NH+]1CCN(CC1)C1=NSc2ccccc12.[Cl-].O
OMAKOE01,4.989100000000003,366.15929457600004,2,6,Cc1cc(C=CC#N)cc(C)c1Nc1ccnc(Nc2ccc(cc2)C#N)n1
OMEKOI,2.4288999999999996,453.20121896399996,3,8,NC(N)=O.COCCOc1cc2ncnc(Nc3cccc(c3)C#C)c2cc1OCCOC
OMISIM,0.9590999999999996,183.089543276,3,3,CC(=O)Nc1ccc(O)cc1.CO
OMIVUB,-0.12729999999999986,170.105527688,1,2,CCC(N1CCCC1=O)C(N)=O
OMIVUB01,-0.12729999999999986,170.105527688,1,2,CCC(N1CCCC1=O)C(N)=O
OMIVUB02,-0.12729999999999986,170.105527688,1,2,CCC(N1CCCC1=O)C(N)=O
OMIVUB03,-0.12729999999999986,170.105527688,1,2,CCC(N1CCCC1=O)C(N)=O
OMIVUB04,-0.12729999999999986,170.105527688,1,2,CCC(N1CCCC1=O)C(N)=O
OMIVUB05,-0.12729999999999986,170.105527688,1,2,CCC(N1CCCC1=O)C(N)=O
OMIVUB06,-0.12729999999999986,170.105527688,1,2,CCC(N1CCCC1=O)C(N)=O
OMIVUB07,-0.12729999999999986,170.105527688,1,2,CCC(N1CCCC1=O)C(N)=O
OMIVUB08,-0.12729999999999986,170.105527688,1,2,CCC(N1CCCC1=O)C(N)=O
OMIVUB09,-0.12729999999999986,170.105527688,1,2,CCC(N1CCCC1=O)C(N)=O
OMOLEL,1.9223999999999999,347.130362532,2,5,Nc1ccc(cc1)S(=O)(=O)c1ccc(N)cc1.CN1CCCC1=O
OMUXUQ,-5.352799999999995,359.11187773609,4,5,OC(=O)c1cc(ccc1O)S(=O)(=O)[O-].[NH2+]1CC[NH2+]CC1.O.O.O
ONIKAA,-3.6885999999999983,226.09054006391,3,4,O=N(=O)[N-]CC[N-]N(=O)=O.O.NC(N)=[NH2+]
OPEFUL,-5.6556999999999995,270.134634896,3,3,[Cl-].[NH3+]C(C(C)C)C(=O)[O-].[NH3+]C(C(C)C)C(O)=O
OPEFUL01,-5.6556999999999995,270.134634896,3,3,[NH3+]C(C(C)C)C(=O)[O-].[NH3+]C(C(C)C)C(O)=O.[Cl-]
OPOFUW,3.3244000000000016,475.08140944800004,3,7,CN1C(=O)N(C)C2=C(NC=N2)C1=O.OC(=O)Cc1ccccc1Nc1c(Cl)cccc1Cl
OPOGAD,1.9958999999999998,430.10887605199997,3,7,CN1C(=O)N(C)C2=C(NC=N2)C1=O.OC(=O)c1cc(ccc1O)c1ccc(F)cc1F
OPOQAN,-2.9119999999999955,335.12882124399994,2,3,[Cl-].COc1ccc2CC3[NH+](C)CCC45C(Oc1c24)C(O)C=CC35
OPUKIV,0.7623999999999999,356.073239492,2,6,CN1C(=O)N(C)C2=C(NC=N2)C1=O.OC(=O)c1cc(F)cc(F)c1F
OPUKOB,0.7623999999999994,356.073239492,2,6,CN1C(=O)N(C)C2=C(NC=N2)C1=O.OC(=O)c1c(F)ccc(F)c1F
OPUKUH,0.7623999999999996,356.073239492,2,6,CN1C(=O)N(C)C2=C(NC=N2)C1=O.OC(=O)c1cc(F)c(F)cc1F
OPUKUH01,0.7623999999999996,356.073239492,2,6,CN1C(=O)N(C)C2=C(NC=N2)C1=O.OC(=O)c1cc(F)c(F)cc1F
OPULES,0.7623999999999996,356.073239492,2,6,CN1C(=O)N(C)C2=C(NC=N2)C1=O.OC(=O)c1c(F)cc(F)cc1F
OPULES01,0.7623999999999997,356.0732394920001,2,6,OC(=O)c1c(F)cc(F)cc1F.CN1C(=O)N(C)C2=C(NC=N2)C1=O
OPULOC,0.7623999999999996,356.073239492,2,6,CN1C(=O)N(C)C2=C(NC=N2)C1=O.OC(=O)c1cc(F)c(F)c(F)c1
OPUMAP,1.0405999999999995,392.05439586800003,2,6,CN1C(=O)N(C)C2=C(NC=N2)C1=O.OC(=O)c1c(F)c(F)c(F)c(F)c1F
OPUMOD,0.48420000000000024,320.092083116,2,6,OC(=O)c1cccc(F)c1.CN1C(=O)N(C)C2=C(NC=N2)C1=O
OPUMUJ,0.6232999999999997,338.082661304,2,6,CN1C(=O)N(C)C2=C(NC=N2)C1=O.OC(=O)c1cc(F)cc(F)c1
OPUNAQ,0.48420000000000024,320.092083116,2,6,OC(=O)c1ccccc1F.CN1C(=O)N(C)C2=C(NC=N2)C1=O
OPUNEU,2.2862999999999998,496.10059711199995,3,7,CN1C(=O)N(C)C2=C(NC=N2)C1=O.OC(=O)c1cc(F)ccc1F.OC(=O)c1cc(F)ccc1F
OPUNEU01,2.2863000000000007,496.100597112,3,7,OC(=O)c1cc(F)ccc1F.CN1C(=O)N(C)C2=C(NC=N2)C1=O.OC(=O)c1cc(F)ccc1F
OPUNEU02,2.2862999999999998,496.10059711200006,3,7,OC(=O)c1cc(F)ccc1F.OC(=O)c1cc(F)ccc1F.CN1C(=O)N(C)C2=C(NC=N2)C1=O
OPUNEU03,2.2862999999999998,496.10059711199995,3,7,CN1C(=O)N(C)C2=C(NC=N2)C1=O.OC(=O)c1cc(F)ccc1F.OC(=O)c1cc(F)ccc1F
OPUNEU04,2.2862999999999998,496.10059711199995,3,7,CN1C(=O)N(C)C2=C(NC=N2)C1=O.OC(=O)c1cc(F)ccc1F.OC(=O)c1cc(F)ccc1F
OPUNEU05,2.2862999999999998,496.10059711199995,3,7,CN1C(=O)N(C)C2=C(NC=N2)C1=O.OC(=O)c1cc(F)ccc1F.OC(=O)c1cc(F)ccc1F
OPUNIY,0.6232999999999997,338.082661304,2,6,CN1C(=O)N(C)C2=C(NC=N2)C1=O.OC(=O)c1ccc(F)c(F)c1
OPUNOE,0.37709999999999994,381.108461452,2,8,CN1C(=O)N(C)C2=C(NC=N2)C1=O.OC(=O)c1ccccc1F.CN(=O)=O
OPUPIA,0.9014999999999995,374.06381768000006,2,6,OC(=O)c1c(F)cc(F)c(F)c1F.CN1C(=O)N(C)C2=C(NC=N2)C1=O
OPUPOG,0.6233000000000002,338.08266130400006,2,6,OC(=O)c1ccc(F)c(F)c1.CN1C(=O)N(C)C2=C(NC=N2)C1=O
OPUPUM,0.9014999999999995,374.06381768000006,2,6,OC(=O)c1c(F)c(F)cc(F)c1F.CN1C(=O)N(C)C2=C(NC=N2)C1=O
OPUVIF,0.22099999999999986,207.125928784,1,2,O=C([O-])c1ccccc1.[NH3+]C1CCCC1
OPUVUR,1.0011999999999994,235.157228912,1,2,O=C([O-])c1ccccc1.[NH3+]C1CCCCCC1
OPUWAY,1.3912999999999993,249.172878976,1,2,O=C([O-])c1ccccc1.[NH3+]C1CCCCCCC1
OQEQEI,4.697900000000004,287.167399672,0,1,CN1CCC(CC1)=C1c2ccccc2C=Cc2ccccc12
ORABOB,4.394200000000002,438.155512572,2,3,FC(F)(F)c1cccc(Nc2ccccc2C(=O)[O-])c1.[NH3+]Cc1cccc2ccccc12
ORABUH,0.3939999999999993,372.12969174799997,4,5,FC(F)(F)c1cccc(Nc2ccccc2C(=O)[O-])c1.[NH3+]C(CO)CO
ORACES,3.283500000000001,402.155512572,2,3,FC(F)(F)c1cccc(Nc2ccccc2C(=O)[O-])c1.[NH3+]CCc1ccccc1
ORAWIO,0.7680999999999997,303.085520516,4,5,NNC(=O)c1ccncc1.OC(=O)c1ccc(cc1)C(O)=O
OREBIZ,0.7800999999999999,429.1091484200001,2,6,OC(=O)C=CC(=O)[O-].Clc1ccc2Oc3ccccc3N=C(N3CC[NH2+]CC3)c2c1
OREHIE,-6.205799999999995,295.16230803591003,2,5,O=C([O-])N1CCN(CC1)C(=O)[O-].[NH2+]1CCNCC1.O.O
OREHOK,-2.466299999999996,190.17936132399998,4,4,O.C1CNCCN1.C1CNCCN1
OREJAY,-3.612099999999997,216.15862588,3,4,O=C([O-])N1CCNCC1.[NH2+]1CCNCC1
OREJON,-5.5825999999999985,260.14845512,2,4,O=C([O-])N1CCN(CC1)C(=O)[O-].[NH2+]1CC[NH2+]CC1
OREJON01,-5.5825999999999985,260.14845512,2,4,O=C([O-])N1CCN(CC1)C(=O)[O-].[NH2+]1CC[NH2+]CC1
ORITAM,-1.660599999999994,482.1900451599999,4,8,OC(=O)CCC(=O)[O-].[NH3+]c1ccc(OC)cc1.[NH3+]c1ccc(OC)cc1.OC(=O)CCC(=O)[O-]
ORIXUK,-1.060959999999996,450.20021592,4,6,OC(=O)CCC(O)=O.[NH3+]c1cccc(C)c1.O=C([O-])CCC(=O)[O-].[NH3+]c1cccc(C)c1
ORNHCL,-6.627099999999999,168.066555336,2,2,[Cl-].[NH3+]CCCC([NH3+])C(=O)[O-]
ORNHCL11,-6.627099999999999,168.066555336,2,2,[Cl-].[NH3+]CCCC([NH3+])C(=O)[O-]
ORNHCL12,-6.627099999999999,168.066555336,2,2,[Cl-].[NH3+]CCCC([NH3+])C(=O)[O-]
ORNHCL13,-6.627099999999999,168.066555336,2,2,[Cl-].[NH3+]CCCC([NH3+])C(=O)[O-]
ORNHCL14,-6.627099999999999,168.066555336,2,2,[Cl-].[NH3+]CCCC([NH3+])C(=O)[O-]
ORNHCL15,-6.627099999999999,168.066555336,2,2,[Cl-].[NH3+]CCCC([NH3+])C(=O)[O-]
ORNHCL16,-6.627099999999999,168.066555336,2,2,[Cl-].[NH3+]CCCC([NH3+])C(=O)[O-]
ORNHCL17,-6.627099999999999,168.066555336,2,2,[Cl-].[NH3+]CCCC([NH3+])C(=O)[O-]
ORNHCL18,-6.627099999999999,168.066555336,2,2,[Cl-].[NH3+]CCCC([NH3+])C(=O)[O-]
OROZAX,-6.35666,368.08405230399995,3,5,Cc1[nH+]cc(C[N+]2=CSC(=C2C)CCO)c(N)n1.[Cl-].[Cl-].CO
ORUJAO,-3.891799999999998,216.985073976,2,2,[Br-].NNC(=O)c1cc[nH+]cc1
ORUJES,-1.1349,200.05455473599997,2,5,O=N(=O)[O-].NNC(=O)c1cc[nH+]cc1
ORUJIW,-2.950599999999998,235.026291388,2,5,O=S(=O)([O-])[O-].[NH3+]NC(=O)c1cc[nH+]cc1
ORUXEF,-5.176699999999998,430.156059664,4,8,O=C1CN(N=CC2=CC=C(O2)N(=O)=O)C(=O)[N-]1.[NH3+]C(CCCNC(N)=[NH2+])C(=O)[O-].O
ORUXOP,1.0405,375.081497756,3,8,O=C1CN(N=CC2=CC=C(O2)N(=O)=O)C(=O)N1.Nc1ccc(cc1)C(O)=O
ORUXOP01,1.0405,375.081497756,3,8,O=C1CN(N=CC2=CC=C(O2)N(=O)=O)C(=O)N1.Nc1ccc(cc1)C(O)=O
ORUXUV,-0.9026999999999996,298.06618204,3,7,O=C1CN(N=CC2=CC=C(O2)N(=O)=O)C(=O)N1.NC(N)=O
ORUXUV01,-0.9026999999999996,298.06618204,3,7,O=C1CN(N=CC2=CC=C(O2)N(=O)=O)C(=O)N1.NC(N)=O
ORUYEG,-0.5324999999999972,459.18056377199997,2,6,CCN1C=C(C(O)=O)C(=O)c2cc(F)c(cc12)N1CC[NH2+]CC1.O=C([O-])c1ccccc1.O
ORUYUW,-4.921099999999994,444.1423811159099,2,8,CCN1C=C(C(O)=O)C(=O)c2cc(F)c(cc12)N1CC[NH2+]CC1.O=C([O-])C(=O)[O-].O.O
ORUZAD,-2.8812999999999973,471.16530763199984,3,7,OC(=O)C1=CN(C2CC2)c2cc(N3CC[NH2+]CC3)c(F)cc2C1=O.OC(=O)CC(=O)[O-].O.O
OTAQEG,1.4979999999999998,305.162708216,3,4,COc1ccc2cccc(CCNC(C)=O)c2c1.OCCO
OTAQIK,2.6179000000000006,303.147058152,2,3,COc1ccc2cccc(CCNC(C)=O)c2c1.CC(O)=O
OTAZIT,-3.5741000000000005,203.08792052799998,3,6,CN1N=NC(=N1)[N-]N(=O)=O.NC(N)=[NH2+]
OTELEH02,-2.9584,157.014008986,3,3,[NH3+]CC(O)=O.OP(=O)[O-]
OTELEH03,-2.9584,157.014008986,3,3,[NH3+]CC(O)=O.OP(=O)[O-]
OTELEH04,-2.9584,157.014008986,3,3,[NH3+]CC(O)=O.OP(=O)[O-]
OTELEH05,-2.9584,157.014008986,3,3,[NH3+]CC(O)=O.OP(=O)[O-]
OTELEH06,-2.9584,157.014008986,3,3,[NH3+]CC(O)=O.OP(=O)[O-]
OTELEH07,-2.9584,157.014008986,3,3,[NH3+]CC(O)=O.OP(=O)[O-]
OTELEH08,-2.9584,157.014008986,3,3,[NH3+]CC(O)=O.OP(=O)[O-]
OTELEH09,-2.9584,157.014008986,3,3,[NH3+]CC(O)=O.OP(=O)[O-]
OTELEH10,-2.9584,157.014008986,3,3,[NH3+]CC(O)=O.OP(=O)[O-]
OTELEH11,-2.9584,157.014008986,3,3,[NH3+]CC(O)=O.OP(=O)[O-]
OTELEH12,-2.9584,157.014008986,3,3,[NH3+]CC(O)=O.OP(=O)[O-]
OTELEH13,-2.9584,157.014008986,3,3,[NH3+]CC(O)=O.OP(=O)[O-]
OTELEH14,-2.9584,157.014008986,3,3,[NH3+]CC(O)=O.OP(=O)[O-]
OTELEH15,-2.9584,157.014008986,3,3,[NH3+]CC(O)=O.OP(=O)[O-]
OTELEH16,-2.9584,157.014008986,3,3,[NH3+]CC(O)=O.OP(=O)[O-]
OTELEH17,-2.9584,157.014008986,3,3,[NH3+]CC(O)=O.OP(=O)[O-]
OTELEH18,-2.9584,157.014008986,3,3,[NH3+]CC(O)=O.OP(=O)[O-]
OVERAL,2.5524000000000004,209.095297352,2,3,Nc1ccc2cc3ccc(N)cc3nc2c1
OVUMIC,0.14379999999999937,483.118857576,2,8,Nc1[nH+]nc(c(N)n1)c1cccc(Cl)c1Cl.O=C([O-])c1cccnc1.CN(C)C(C)=O.O
OVUMUO,3.399820000000001,348.065699808,2,6,Nc1nnc(c(N)n1)c1cccc(Cl)c1Cl.Cc1cccnc1
OVUNAV,1.963900000000001,347.0915802079999,3,6,Nc1nnc(c(N)n1)c1cccc(Cl)c1Cl.CCCCO.O
OXAYUJ,-1.8904999999999974,465.15474294799986,3,7,OC(=O)C1=CN(C2CC2)c2cc(N3CC[NH2+]CC3)c(F)cc2C1=O.OC(=O)C=CC(=O)[O-].O
OXIDEG02,1.5684,443.07219602400005,2,6,[O-][n+]1ccc(cc1)c1cc[n+]([O-])cc1.Nc1ccc(cc1)S(=O)(=O)N=C1NC=CS1
OXIMIT,-0.2221000000000002,311.086583136,1,7,O=C1CN(N=CC2=CC=C(O2)N(=O)=O)C(=O)N1.CN(C)C=O
OXODOW02,1.8492999999999997,312.1022538760001,2,4,FC1=CNC(=O)NC1=O.c1ccc(C=Cc2ccccn2)nc1
OXOHUG,-3.9141999999999983,211.03604490390998,1,5,O=C([O-])C(=O)[O-].NC(=O)c1c[nH+]ccc1
OXOHUG01,-3.9142,211.03604490391,1,5,NC(=O)c1c[nH+]ccc1.O=C([O-])C(=O)[O-]
OXUGIZ,-2.0242799999999974,303.08889164400006,3,4,Cc1ccc(cc1)S(=O)(=O)[O-].CN(CC(O)=O)C(N)=[NH2+]
OYADAV,3.9037000000000015,438.13617618399996,2,7,CC(C)COc1ccc(cc1C#N)C1=NC(=C(S1)C(O)=O)C.NC(=O)c1ccncc1
OYIGEK02,-6.6038,242.08679207590998,3,7,O.O=C(C1=N[N-]N=N1)C1=N[N-]N=N1.NC(N)=[NH2+]
OYIHEM,3.3260000000000005,316.035871616,2,2,OC(=O)c1cc(F)c(F)c(F)c1F.OC(=O)c1ccccc1
OYISIB,1.3848,122.036779432,1,1,OC(=O)c1ccccc1
OZEWUN,0.023620000000000252,245.11642672,2,4,Cc1c[nH+]c(N)cc1.Nc1ccc(cc1)C(=O)[O-]
OZEXEY,-0.23468000000000033,245.11642672,1,4,O=C([O-])Cc1ccccc1.Cc1cc[nH+]c(N)n1
OZOPAV,-3.915599999999996,430.09251237599995,3,8,CC(=O)C(=NNc1cc(Cl)cc(c1[O-])S(=O)(=O)[O-])C(C)=O.O.O.[NH3+]CC[NH3+]
OZOSIH,1.2176999999999998,310.095356928,2,5,Oc1ccccc1C(=O)[O-].ON=Cc1cc[nH+]c2ccccc12
PABCEA,-6.186499999999992,449.18164466399986,3,4,Oc1ccc2CC3[NH+](CCC45C(Oc1c24)C(=O)CCC35O)CC1CC1.[Cl-].O.O.O.O
PABHIJ,2.6512200000000004,266.116761068,1,4,Cc1ccnc2N(C3CC3)c3ncccc3C(=O)Nc12
PABHIJ01,2.6512200000000004,266.116761068,1,4,Cc1ccnc2N(C3CC3)c3ncccc3C(=O)Nc12
PABMEP,-0.5389000000000002,205.085126592,2,3,Nc1ccc(cc1)C(=O)[O-].N1C=[NH+]C=C1
PABMOZ,-0.8333000000000004,221.080041212,3,4,Nc1ccc(c(O)c1)C(=O)[O-].N1C=[NH+]C=C1
PABMOZ01,-0.8333000000000004,221.080041212,3,4,Nc1ccc(c(O)c1)C(=O)[O-].N1C=[NH+]C=C1
PABMOZ02,-0.8333000000000004,221.080041212,3,4,Nc1ccc(c(O)c1)C(=O)[O-].N1C=[NH+]C=C1
PABMOZ03,-0.8333000000000004,221.080041212,3,4,Nc1ccc(c(O)c1)C(=O)[O-].N1C=[NH+]C=C1
PABMOZ04,-0.8333000000000004,221.080041212,3,4,Nc1ccc(c(O)c1)C(=O)[O-].N1C=[NH+]C=C1
PABMOZ05,-0.8333000000000004,221.080041212,3,4,Nc1ccc(c(O)c1)C(=O)[O-].N1C=[NH+]C=C1
PABMOZ06,-0.8333000000000004,221.080041212,3,4,Nc1ccc(c(O)c1)C(=O)[O-].N1C=[NH+]C=C1
PABMOZ07,-0.8333000000000004,221.080041212,3,4,Nc1ccc(c(O)c1)C(=O)[O-].N1C=[NH+]C=C1
PABMOZ08,-0.8333000000000004,221.080041212,3,4,Nc1ccc(c(O)c1)C(=O)[O-].N1C=[NH+]C=C1
PABMOZ09,-0.8333000000000004,221.080041212,3,4,Nc1ccc(c(O)c1)C(=O)[O-].N1C=[NH+]C=C1
PABMOZ10,-0.8333000000000004,221.080041212,3,4,Nc1ccc(c(O)c1)C(=O)[O-].N1C=[NH+]C=C1
PABMOZ11,-0.8333000000000004,221.080041212,3,4,Nc1ccc(c(O)c1)C(=O)[O-].N1C=[NH+]C=C1
PABMOZ12,-0.8333000000000004,221.080041212,3,4,Nc1ccc(c(O)c1)C(=O)[O-].N1C=[NH+]C=C1
PABMOZ13,-0.8333000000000004,221.080041212,3,4,Nc1ccc(c(O)c1)C(=O)[O-].N1C=[NH+]C=C1
PACDEC,-3.4132000000000007,189.011660552,3,2,FC(F)(Cl)C(=O)[O-].NC(N)=[NH2+]
PACDIG,-3.4411000000000005,186.991531824,3,2,ClC(Cl)C(=O)[O-].NC(N)=[NH2+]
PACDIG01,-3.4411000000000005,186.991531824,3,2,ClC(Cl)C(=O)[O-].NC(N)=[NH2+]
PACDIG02,-3.4411000000000005,186.991531824,3,2,NC(N)=[NH2+].ClC(Cl)C(=O)[O-]
PADZUS,2.539880000000001,314.108898816,1,3,CC#N.NC(=O)CS(=O)C(c1ccccc1)c1ccccc1
PAFBAC,3.996400000000002,390.996732792,1,2,ClC(Cl)Cl.NC(=O)CS(=O)C(c1ccccc1)c1ccccc1
PAFBEG,1.4102999999999997,293.10856446800005,1,2,NC(=O)CS(=O)C(c1ccccc1)c1ccccc1.O.[H].[H]
PAFFIP,1.4767200000000003,402.14586827599993,2,5,CCc1[nH+]c(N)nc(N)c1c1ccc(Cl)cc1.Cc1ccc(cc1)C(=O)[O-].O
PAGCAE,2.5296000000000003,316.14230712,2,5,NC(=O)c1ccncc1.CCCCOC(=O)c1ccc(O)cc1
PAHHEO,1.5815,275.07937251600003,4,4,OC(=O)c1ccccc1O.NC(=O)c1ccc(O)cc1
PAHHOW,-1.562199999999999,348.08814060799995,4,6,FC1=CNC(=O)NC1=O.FC1=CNC(=O)NC1=O.C1COCCO1
PAHHUC,-1.8909999999999985,333.088474956,4,5,FC1=CNC(=O)NC1=O.FC1=CNC(=O)NC1=O.CN(C)C=O
PAHJAK,-0.8030000000000006,208.031791368,2,3,CS(C)=O.FC1=CNC(=O)NC1=O
PAHKOA,-1.3352599999999986,365.1222999479999,4,7,Cc1[nH+]c2nc(N)ccc2c(C)c1.OC(=O)CC(O)(CC(=O)[O-])C(O)=O
PAJBUY,-12.525800000000004,325.08807421981993,4,8,CN(C)C(=[NH2+])NC(N)=[NH2+].O=C([O-])C(=O)[O-].O=C([O-])C(=O)[O-].O
PAJCAF,-6.836200000000002,245.07938958,4,4,CN(C)C(=[NH2+])NC(N)=[NH2+].O=S(=O)([O-])[O-].O
PAJCAF01,-6.836200000000002,245.07938958,4,4,CN(C)C(=[NH2+])NC(N)=[NH2+].O=S(=O)([O-])[O-].O
PAJLEV,0.9170999999999996,395.06326084799997,1,9,OC(=O)c1ccc(Cl)c(c1)N(=O)=O.CN1C=NC2=C1C(=O)N(C)C(=O)N2C
PAJNOD,-7.250499999999995,218.061396862,3,6,[Li+].OCC(O)C1OC(=O)C(=C1[O-])O.O.O
PAKQEZ,-2.138399999999996,318.22835885,2,3,CCCCCCCCCCP(=O)([O-])[O-].[NH3+]CC[NH3+].O.O
PAKREC,0.04780000000000034,468.1775623279999,4,7,O.O.CCO.CCc1[nH+]c(N)nc(N)c1c1ccc(Cl)cc1.Oc1ccccc1C(=O)[O-]
PAKSAZ,2.00702,400.13021821199993,3,6,CCc1[nH+]c(N)nc(N)c1c1ccc(Cl)cc1.Cc1ccc(O)c(c1)C(=O)[O-]
PAMBZA,-2.7377999999999982,173.024356176,2,1,[Cl-].[NH3+]c1ccc(cc1)C(O)=O
PAMBZA01,-2.737799999999999,173.024356176,2,1,[NH3+]c1ccc(cc1)C(O)=O.[Cl-]
PAMBZA02,-2.7377999999999982,173.024356176,2,1,[Cl-].[NH3+]c1ccc(cc1)C(O)=O
PAMBZA03,-2.7377999999999982,173.024356176,2,1,[Cl-].[NH3+]c1ccc(cc1)C(O)=O
PAMPIF,1.5722,385.18892296399997,2,4,COc1ccc2cc(ccc2c1)C(C)C(=O)[O-].[NH3+]C(C)c1ccccc1O.O
PAMXAE,-0.16620000000000035,307.080435136,3,5,OC(=O)c1cccc(n1)C(O)=O.NC(=O)c1cccnc1.O
PAMXEI,-2.081799999999998,307.080435136,2,5,OC(=O)c1ncccc1C(=O)[O-].NC(=O)c1c[nH+]ccc1.O
PAMXIM,-0.838100000000001,296.075684104,4,5,OC(=O)C1=CC(=NN1)C(O)=O.NC(=O)c1cccnc1.O
PANLAS,-1.842300000000001,276.07824461999996,4,6,NC1=NC=C(F)C(=O)N1.NC1=NC(=O)NC=C1F.O
PAPAVC,0.2831000000000017,375.12373586399997,0,4,[Cl-].COc1ccc(Cc2[nH+]ccc3cc(OC)c(OC)cc23)cc1OC
PAPFOB,3.110000000000001,311.09060589600006,2,5,Nc1ccc(cc1)C(O)=O.O=N(=O)c1cccc2cnccc12
PAPTUX,3.036500000000001,230.094294308,1,2,COc1ccc2cc(ccc2c1)C(C)C(O)=O
PAPTUX01,3.036500000000001,230.094294308,1,2,COc1ccc2cc(ccc2c1)C(C)C(O)=O
PAQMEC,-0.9552999999999989,245.080041212,1,4,O=C([O-])c1[nH+]cccc1.NC(=O)c1cccnc1
PAQNOM,-1.7307000000000001,237.038570324,3,7,NC(=O)c1cnccn1.OC1=C(O)C(=O)C1=O
PARPUV,-4.040599999999998,298.08326802,2,3,NC(=O)c1cccnc1.NC(=O)c1c[nH+]ccc1.O.[Cl-]
PARXAI,1.9012,415.10473173599996,2,7,CCc1[nH+]c(N)nc(N)c1c1ccc(Cl)cc1.O=C([O-])c1ccccc1N(=O)=O
PARXEM,1.9012,415.10473173599996,2,7,CCc1[nH+]c(N)nc(N)c1c1ccc(Cl)cc1.O=C([O-])c1cccc(c1)N(=O)=O
PARXIQ,1.9012000000000002,415.10473173599996,2,7,CCc1[nH+]c(N)nc(N)c1c1ccc(Cl)cc1.O=C([O-])c1ccc(cc1)N(=O)=O
PASLOO,-1.442199999999999,440.0460408519999,3,7,[NH3+]c1ccc(cc1)S(=O)(=O)N=C1NC=CS1.OC(=O)c1cccc(n1)C(=O)[O-].O
PAVHOM,-2.228099999999999,459.05185450400006,2,8,O=S(=O)([O-])c1cccc2c1cccc2S(=O)(=O)[O-].Nc1[nH+]cnc2[NH+]=CNc12.O.O
PAWBEW,-4.808999999999999,187.981046288,2,1,[I-].[NH3+]CCN
PAXFIF,-0.272,413.13353332800006,1,9,OC(=O)CCN1C(=O)c2ccccc2C1=O.CN1C=NC2=C1C(=O)N(C)C(=O)N2C
PAXHAZ,-0.9648999999999992,283.01266119200005,1,6,ClC(Cl)C(=O)[O-].COc1[nH+]c(N)nc(OC)c1
PAXXUJ,2.0646,308.05469805390993,2,1,F[Si-2](F)(F)(F)(F)F.[NH3+]C(Cc1ccccc1)C(O)=O
PAYXUM,-0.6327999999999998,241.069870452,3,5,NC(=O)c1cnccn1.CC(C(O)=O)C(O)=O
PAZCUO01,-4.2643999999999975,219.03790162800001,4,6,OC1=C([O-])C(=O)C1=O.[NH3+]C(CO)C(O)=O
PAZFIH,-6.575600000000005,434.22563656391,3,7,CC[N+](CC)(CC)CC.O.O=C([O-])c1cc(nc(c1)C(=O)[O-])C(=O)[O-].NC(N)=[NH2+].O
PAZHOO,0.1561999999999995,330.96504230400006,2,5,OC1=C(Cl)C(=O)C(=C(Cl)C1=O)[O-].OC(=O)c1c[nH+]ccc1
PAZHOO01,0.1561999999999995,330.96504230400006,2,5,OC1=C(Cl)C(=O)C(=C(Cl)C1=O)[O-].OC(=O)c1c[nH+]ccc1
PBUMSL,1.6072,387.20794415599994,2,5,CC(C)(C)[NH2+]CC(O)COc1ccccc1C1CCCC1.CS(=O)(=O)[O-]
PBZPAZ10,0.17670000000000324,395.24415265209007,2,4,CCCC[C-]1C(=O)N(N(c2ccccc2)C1=O)c1ccccc1.[NH2+]1CC[NH2+]CC1
PDTCNB,2.02432,286.09669432,2,6,Nc1ccc(N)cc1.N#Cc1cc(C#N)c(cc1C#N)C#N
PEBCIJ,0.12160000000000376,488.24235550399993,4,6,[NH3+]Cc1ccccc1.[NH3+]Cc1ccccc1.Nc1ccc(cc1)C(=O)[O-].Nc1ccc(cc1)C(=O)[O-]
PEBDEG,0.9572000000000025,458.22055744,2,4,O=C([O-])c1ccccc1.[NH3+]Cc1ccccc1.O=C([O-])c1ccccc1.[NH3+]Cc1ccccc1
PEBZEE,3.154300000000001,350.12665705599994,4,5,NC(=O)c1cccnc1.Oc1ccc(cc1)C=Cc1cc(O)cc(O)c1
PECWEB,1.6791999999999998,266.057053272,3,5,Nc1cc(Cl)nc(N)n1.OC(=O)c1ccccc1
PECXAY,3.1839000000000004,324.06236586809,0,3,[S-]C1=Nc2ccccc2S1.[nH+]1ccc(cc1)c1cc[nH+]cc1
PEDHAK,3.435640000000002,401.292994108,1,3,Cc1ccc(C)c(OCCCC(C)(C)C(=O)[O-])c1.[NH3+]C12CC3CC(CC(C3)C1)C2
PEDHEO,2.667040000000001,357.230393852,1,3,Cc1ccc(C)c(OCCCC(C)(C)C(=O)[O-])c1.[NH3+]Cc1ccccc1
PEDHIS,2.0193399999999997,321.230393852,1,3,Cc1ccc(C)c(OCCCC(C)(C)C(=O)[O-])c1.[NH3+]C1CCC1
PEDHOY,2.7995400000000004,349.26169398,1,3,Cc1ccc(C)c(OCCCC(C)(C)C(=O)[O-])c1.[NH3+]C1CCCCC1
PEDHUE,-0.9132599999999957,399.262087904,4,6,Cc1ccc(C)c(OCCCC(C)(C)C(=O)[O-])c1.OCC[NH+](CCO)CCO
PEGCIR,3.0294000000000008,383.997090276,2,3,CC(=O)Nc1ccc(I)cn1.OC(=O)c1ccccc1
PEGDAK,3.419500000000001,398.01274034,2,3,CCC(=O)Nc1ccc(I)cn1.OC(=O)c1ccccc1
PEGDEO,3.5774000000000017,350.02660444,2,3,CCC(=O)Nc1ccc(Br)cn1.OC(=O)c1ccccc1
PEGDIS,3.8096000000000014,412.028390404,2,3,CCCC(=O)Nc1ccc(I)cn1.OC(=O)c1ccccc1
PEHFUF,1.1751000000000003,301.10625596000006,4,5,OC(=O)C=Cc1ccc(O)cc1.NNC(=O)c1ccncc1
PEHFUF01,1.1751000000000003,301.10625596000006,4,5,OC(=O)C=Cc1ccc(O)cc1.NNC(=O)c1ccncc1
PEHZUY,3.4487000000000023,408.28757437999997,4,4,CC(CCC(O)=O)C1CCC2C3C(O)CC4CC(O)CCC4(C)C3CC(O)C12C
PEJVAE,-3.8979999999999926,298.21038668,2,6,C[N+](C)(C)CCO.C[N+](C)(C)CCO.O=C[O-].O=C[O-]
PEKFAN,4.029500000000003,296.177630008,0,2,CC12CCC3C(CC(=C)C4=CC(=O)C=CC34C)C1CCC2=O
PEKFAN01,4.029500000000003,296.177630008,0,2,CC12CCC3C(CC(=C)C4=CC(=O)C=CC34C)C1CCC2=O
PEKFAN02,4.029500000000003,296.177630008,0,2,CC12CCC3C(CC(=C)C4=CC(=O)C=CC34C)C1CCC2=O
PEKROO,-0.3398000000000005,277.058637072,3,5,O=C([O-])c1c[nH+]ccc1.OC(=O)c1cc(O)ccc1O
PEKRUU,0.9765,276.074621484,4,5,OC(=O)c1cc(O)ccc1O.NC(=O)c1cccnc1
PEKRUU01,0.9765000000000001,276.074621484,4,5,NC(=O)c1cccnc1.OC(=O)c1cc(O)ccc1O
PEKSEF,2.532400000000001,428.12196559999995,3,9,COC(=O)c1cccnc1.OC(=O)c1cc(O)ccc1O.COC(=O)c1cccnc1
PEKXAI,-2.9667999999999957,336.14336974,3,5,O=C1NC(=O)C=C(N1)C(=O)[O-].O.C[NH+]1CCCC1c1cccnc1
PEMZAI01,4.144680000000004,461.314123476,4,5,CC(CCC(O)=O)C1CCC2C3C(O)CC4CC(O)CCC4(C)C3CC(O)C12C.C=CC#N
PEMZAI02,4.144680000000004,461.314123476,4,5,CC(CCC(O)=O)C1CCC2C3C(O)CC4CC(O)CCC4(C)C3CC(O)C12C.C=CC#N
PEPHCL,-2.6942999999999966,201.092041812,2,1,[Cl-].C[NH2+]C(C)C(O)c1ccccc1
PEPMOM,-5.533599999999997,169.08189793609,3,3,[NH3+]CC[NH3+].OC(=O)C(=O)[O-].O
PEPMOM01,-5.533599999999999,169.08189793609,3,3,OC(=O)C(=O)[O-].[NH3+]CC[NH3+].O
PEQKIG,2.0002999999999997,319.15722891200005,1,2,O=C([O-])c1ccccc1.[NH2+](Cc1ccccc1)Cc1ccccc1
PERBAR,-0.12560000000000088,350.04986327999995,2,7,NC(=O)c1c[nH+]ccc1.OC(=O)c1cc(cc(c1[O-])N(=O)=O)N(=O)=O
PERKEF,-3.2670999999999957,376.10526998000006,3,8,OC(=O)c1cc(ccc1O)S(=O)(=O)[O-].C1[NH+]2CN3CN1CN(C2)C3.O
PERKIJ,-2.4423999999999957,358.0947052960001,3,8,OC(=O)c1cc(ccc1O)S(=O)(=O)[O-].C1[NH+]2CN3CN1CN(C2)C3
PERPAZ,3.942700000000003,403.14851113199995,1,5,OCCN1CCN(CCCN2c3ccccc3Sc3ccc(Cl)cc23)CC1
PERPAZ01,3.942700000000003,403.14851113199995,1,5,OCCN1CCN(CCCN2c3ccccc3Sc3ccc(Cl)cc23)CC1
PERPOV,-1.2725999999999964,479.13469447199986,2,6,[Cl-].COc1ccc2cc3[n+](CCc4cc5OCOc5cc34)cc2c1OC.CC(O)C(O)=O.O
PESQOU,-3.9354000000000005,216.08316949599998,4,7,NC(N)=[NH2+].Nc1nnc(nn1)[N-]N(=O)=O
PETHID,-2.199999999999995,327.083391044,1,2,[Br-].CCOC(=O)C1(CC[NH+](C)CC1)c1ccccc1
PETSIS,0.010999999999999455,262.039729904,0,1,[Rb+].CC(C)c1cccc(C(C)C)c1[O-]
PEWHEE,-1.0226999999999997,135.053157768,2,3,OC(=O)CCC(=O)[O-].[NH4+]
PEWHEE01,-1.0226999999999997,135.053157768,2,3,OC(=O)CCC(=O)[O-].[NH4+]
PEWHEE02,-1.0226999999999997,135.053157768,2,3,OC(=O)CCC(=O)[O-].[NH4+]
PEWHEE03,-1.0226999999999997,135.053157768,2,3,OC(=O)CCC(=O)[O-].[NH4+]
PEWHEE04,-1.0226999999999997,135.053157768,2,3,OC(=O)CCC(=O)[O-].[NH4+]
PEWHEE05,-1.0226999999999997,135.053157768,2,3,OC(=O)CCC(=O)[O-].[NH4+]
PEWHEE06,-2.045399999999999,270.106315536,4,6,OC(=O)CCC(=O)[O-].OC(=O)CCC(=O)[O-].[NH4+].[NH4+]
PEWHEE07,-1.0226999999999997,135.053157768,2,3,OC(=O)CCC(=O)[O-].[NH4+]
PEWNIR,3.0746000000000038,469.20352747199996,1,5,O=C1Nc2cc(OCCCCN3CCN(CC3)c3cccc4SC=Cc34)ccc2C=C1.O.O
PEWNOX,4.724000000000005,433.182398104,1,5,O=C1Nc2cc(OCCCCN3CCN(CC3)c3cccc4SC=Cc34)ccc2C=C1
PEWPUF,-3.4110799999999957,402.1361761839999,3,7,C[NH+]1CCN(CC1)C1=[NH+]c2ccccc2NC2=C1C=C(C)S2.O=C([O-])C(=O)[O-]
PEWPUF01,-3.4110799999999957,402.1361761839999,3,7,C[NH+]1CCN(CC1)C1=[NH+]c2ccccc2NC2=C1C=C(C)S2.O=C([O-])C(=O)[O-]
PEWQEQ,1.0133200000000009,444.18312637599985,3,7,C[NH+]1CCN(CC1)C1=Nc2ccccc2NC2=C1C=C(C)S2.OC(=O)CCCC(=O)[O-]
PEXKOS,-1.7565999999999957,332.16554110000004,1,1,O=C1N(CC2CCCc3cccc1c23)C1C[NH+]2CCC1CC2.[Cl-]
PEXKOS01,-1.7565999999999957,332.16554110000004,1,1,O=C1N(CC2CCCc3cccc1c23)C1C[NH+]2CCC1CC2.[Cl-]
PEXNOX,0.43789999999999957,338.14991792009005,2,4,Nc1ccc(c(O)c1)C(=O)[O-].C(Cc1cc[nH+]cc1)c1cc[nH+]cc1
PEXNUD,-0.45580000000000065,248.079706864,3,5,Nc1ccc(c(O)c1)C(=O)[O-].Oc1c[nH+]ccc1
PEXPAL,-0.5792000000000004,247.095691276,3,5,Nc1ccc(c(O)c1)C(=O)[O-].Nc1cc[nH+]cc1
PEXPEP,4.959800000000003,465.1800895960001,3,7,Nc1ccc(C(O)=O)c(O)c1.c1cc(ccn1)c1ccncc1.c1cc(ccn1)c1ccncc1
PEXPIT,2.816200000000001,309.11134134,3,5,Nc1ccc(C(O)=O)c(O)c1.c1cc(ccn1)c1ccncc1
PEYNOZ,-2.410699999999996,335.116732336,3,3,CC[NH+](CC)CCNC(=O)c1cc(Cl)c(N)cc1OC.[Cl-]
PEYSOD,1.737800000000001,272.116092372,1,1,NC(=O)N1c2ccccc2C=Cc2ccccc12.O.O
PEZNUF,0.4462000000000013,483.12471017599995,2,3,Clc1cccc(N2CC[NH+](CCCCOc3ccc4CCC(=O)Nc4c3)CC2)c1Cl.[Cl-]
PEZVAU,-0.41100000000000003,366.05601128,2,9,O=N(=O)c1cc(c([O-])c(c1)N(=O)=O)N(=O)=O.NNC(=O)c1cc[nH+]cc1
PGDEDO,4.499500000000004,312.208930136,0,2,CC(=O)C1CCC2C3C=CC4=CC(=O)CCC4(C)C3CCC12C
PHALNC01,-3.071799999999996,201.055656304,2,1,[Cl-].[NH3+]C(Cc1ccccc1)C(O)=O
PHALNC10,-3.071799999999996,201.055656304,2,1,[Cl-].[NH3+]C(Cc1ccccc1)C(O)=O
PHBARB,0.7003999999999997,232.084792244,2,3,CCC1(C(=O)NC(=O)NC1=O)c1ccccc1
PHBARB09,0.7003999999999997,232.084792244,2,3,CCC1(C(=O)NC(=O)NC1=O)c1ccccc1
PHBARB10,1.4007999999999996,464.169584488,4,6,CCC1(C(=O)NC(=O)NC1=O)c1ccccc1.CCC1(C(=O)NC(=O)NC1=O)c1ccccc1
PHBARB11,1.4007999999999996,464.169584488,4,6,CCC1(C(=O)NC(=O)NC1=O)c1ccccc1.CCC1(C(=O)NC(=O)NC1=O)c1ccccc1
PHBARB12,1.4007999999999996,464.169584488,4,6,CCC1(C(=O)NC(=O)NC1=O)c1ccccc1.CCC1(C(=O)NC(=O)NC1=O)c1ccccc1
PHBARB13,1.4007999999999996,464.169584488,4,6,CCC1(C(=O)NC(=O)NC1=O)c1ccccc1.CCC1(C(=O)NC(=O)NC1=O)c1ccccc1
PHBARM,-0.1243000000000003,250.095356928,2,3,CCC1(C(=O)NC(=O)NC1=O)c1ccccc1.O
PHENOL01,2.7844000000000007,188.083729624,2,2,Oc1ccccc1.Oc1ccccc1
PHENOL02,4.176600000000002,282.125594436,3,3,Oc1ccccc1.Oc1ccccc1.Oc1ccccc1
PHENOL03,4.176600000000002,282.125594436,3,3,Oc1ccccc1.Oc1ccccc1.Oc1ccccc1
PHENOL10,4.176600000000002,282.125594436,3,3,Oc1ccccc1.Oc1ccccc1.Oc1ccccc1
PHENOL11,4.176600000000002,282.125594436,3,3,Oc1ccccc1.Oc1ccccc1.Oc1ccccc1
PHENOL12,4.176600000000002,282.125594436,3,3,Oc1ccccc1.Oc1ccccc1.Oc1ccccc1
PHENOL13,4.176600000000002,282.125594436,3,3,Oc1ccccc1.Oc1ccccc1.Oc1ccccc1
PHENQU,1.6427999999999998,202.06299418,1,3,O=C1C=CC(=O)C=C1.Oc1ccccc1
PHEPHR,-1.0131999999999988,167.094628656,2,2,C[NH2+]CC(O)c1cccc([O-])c1
PHNDMC10,-3.562599999999999,145.05270242009,2,0,[Cl-].[NH3+]c1ccc([NH3+])cc1
PHNDMC11,-3.562599999999999,145.05270242009,2,0,[Cl-].[NH3+]c1ccc([NH3+])cc1
PHNDMC12,-3.562599999999999,145.05270242009,2,0,[Cl-].[NH3+]c1ccc([NH3+])cc1
PHYDAN,1.7695999999999998,252.089877624,2,2,O=C1NC(=O)C(N1)(c1ccccc1)c1ccccc1
PHYDAN01,1.7695999999999998,252.089877624,2,2,O=C1NC(=O)C(N1)(c1ccccc1)c1ccccc1
PHYDAN02,1.9946,254.105527688,2,2,O=C1NC(=O)C(N1)(c1ccccc1)c1ccccc1.[H].[H]
PHYDAN03,1.7695999999999998,252.089877624,2,2,O=C1NC(=O)C(N1)(c1ccccc1)c1ccccc1
PHYDAN04,1.7695999999999998,252.089877624,2,2,O=C1NC(=O)C(N1)(c1ccccc1)c1ccccc1
PIBBIL,1.2250999999999999,403.8073613799102,3,0,Cl[Te-2](Cl)(Cl)(Cl)(Cl)Cl.NC(N)=[NH2+].[H].[H].[H].[H]
PICLIA,0.9811999999999999,293.081184084,4,5,NC1=NC(=O)NC=C1F.OC(=O)C=Cc1ccc(O)cc1
PICMOG,-1.1432999999999995,265.11748934,2,6,CN1C(=O)N(C)C2=C(NC=N2)C1=O.O=C1CCCN1
PIDJOD,4.623500000000003,411.17942089999997,3,5,COC(=O)NC1=Nc2ccc(cc2N1)C(=O)c1ccccc1.CCCCCC(O)=O
PIDJUJ,4.233400000000002,397.16377083599997,3,5,COC(=O)NC1=Nc2ccc(cc2N1)C(=O)c1ccccc1.CCCCC(O)=O
PIDKAQ,3.843300000000002,383.14812077199997,3,5,COC(=O)NC1=Nc2ccc(cc2N1)C(=O)c1ccccc1.CCCC(O)=O
PIDKEU,3.0631000000000013,355.116820644,3,5,COC(=O)NC1=Nc2ccc(cc2N1)C(=O)c1ccccc1.CC(O)=O
PIDKOE,1.6898999999999995,409.08855520799995,2,5,COC(=O)NC1=[NH+]c2cc(ccc2N1)C(=O)c1ccccc1.FC(F)(F)C(=O)[O-]
PIFBUC,-5.332399999999999,203.00075478409,4,2,O[As](O)(=O)[O-].[NH3+]CC[NH3+]
PIFGUH,-0.9292999999999985,321.08485182000004,3,5,OC(=O)CC(O)(CC(=O)[O-])C(O)=O.[nH+]1cccc2ccccc12
PIFHAO,2.5796,285.10010796,2,4,COc1ccc2[n+]([O-])cccc2c1.Oc1ccc(O)cc1
PIJCIY,-6.544400000000004,354.16383041200004,4,6,OC(=O)CCC(=O)[O-].OC(=O)CCC(=O)[O-].C[NH+]1CC[NH2+]CC1.O
PIJCUK,1.1531000000000007,471.1940254079999,3,8,C[NH+]1CCN(CC1)C1=Nc2ccccc2NC2=C1C=C(C)S2.OC(=O)CCC(=O)[O-].CC#N
PIJDEV,0.18862000000000168,462.1936910599998,3,7,C[NH+]1CCN(CC1)C1=Nc2ccccc2NC2=C1C=C(C)S2.OC(=O)CCCC(=O)[O-].O
PIJSEJ,1.2312,300.15862588,2,6,Oc1cc2ccccc2cc1O.C1N2CN3CN1CN(C2)C3
PIJSUZ,3.482200000000004,460.2110553760001,4,8,Oc1ccc2ccc(O)cc2c1.Oc1ccc2ccc(O)cc2c1.C1N2CN3CN1CN(C2)C3
PIKTIM01,-6.147799999999996,229.031355472,4,3,[Br-].OCC[NH+](CCO)CCO
PIKTIM02,-6.147799999999996,229.031355472,4,3,[Br-].OCC[NH+](CCO)CCO
PIKTIM03,-6.147799999999996,229.031355472,4,3,[Br-].OCC[NH+](CCO)CCO
PILGOJ,1.0485999999999995,424.18927437599996,2,7,Nc1ccc(cc1)S(=O)(=O)Nc1ncccn1.CN(C)C(C)=O.CN(C)C(C)=O
PILKEB,-0.46850000000000036,386.9597839599999,4,7,NS(=O)(=O)c1cc2c(NC=NS2(=O)=O)cc1Cl.OC=O.OC=O
PILKOM,0.6294999999999996,284.064450724,3,5,NC(=O)c1ccc(cc1)N(=O)=O.OC(=O)CCC(O)=O
PILKUS,2.0785,288.074621484,2,4,NC(=O)c1ccc(cc1)N(=O)=O.OC(=O)c1ccccc1
PILOCP01,-2.415099999999997,244.097855464,1,2,CCC1C(COC1=O)CC1=CNC=[N+]1C.[Cl-]
PILOCP10,-2.415099999999997,244.097855464,1,2,CCC1C(COC1=O)CC1=CNC=[N+]1C.[Cl-]
PILVAK,-6.043999999999999,394.1124635360001,4,8,OC(=O)c1cc(C(=O)[O-])c(cc1C(=O)[O-])C(O)=O.C1[NH+]2CN3C[NH+]1CN(C2)C3
PILWIR,2.264999999999999,475.257002524,1,7,CN(C)C=O.CC(=O)OCC(=O)C1(O)CCC2C3CCC4=CC(=O)CCC4(C)C3C(=O)CC12C
PILWOX,2.555300000000001,480.21817449199995,1,7,CC(=O)OCC(=O)C1(O)CCC2C3CCC4=CC(=O)CCC4(C)C3C(=O)CC12C.CS(C)=O
PIMCIA,-0.8033000000000003,316.128388372,1,7,CC(=O)C1=C([O-])N(N=N1)c1ccncc1.O.Nc1cc[nH+]cc1
PIMKOL,-1.0622000000000003,236.028065216,0,8,O=N(=O)OC1COC2C(COC12)ON(=O)=O
PIMTAZ01,2.1460999999999997,204.072119384,0,3,C1CN2CC(N=C2S1)c1ccccc1
PIMTAZ02,4.292200000000004,408.14423876800004,0,6,C1CN2CC(N=C2S1)c1ccccc1.C1CN2CC(N=C2S1)c1ccccc1
PIMTAZ11,2.1460999999999997,204.072119384,0,3,C1CN2CC(N=C2S1)c1ccccc1
PINDON,2.849400000000001,222.06807956,0,2,O=C1C(c2ccccc2)C(=O)c2ccccc12
PINJII,-0.8236999999999999,266.092751812,4,6,NC1=NC(=O)NC=C1F.NNC(=O)c1ccncc1
PINJII01,-0.8236999999999999,266.092751812,4,6,NC1=NC(=O)NC=C1F.NNC(=O)c1ccncc1
PINJII02,-0.8236999999999999,266.092751812,4,6,NC1=NC(=O)NC=C1F.NNC(=O)c1ccncc1
PINMUW,2.7032000000000007,413.0877442799999,0,8,COc1cc(OC)c2C(=O)C3(Oc2c1Cl)C(C)CC(=O)C=C3OC.CN(=O)=O
PINNEH,2.8103000000000007,352.071365944,0,6,COc1cc(OC)c2C(=O)C3(Oc2c1Cl)C(C)CC(=O)C=C3OC
PINNIJ,-3.928699999999999,179.10263338009,3,3,OC(=O)CCC(=O)[O-].[NH3+]CC[NH3+]
PIPAZC,-6.6938999999999975,141.07891716809,2,0,[Cl-].[NH2+]1CC[NH2+]CC1.O
PIPAZC01,-6.6938999999999975,141.07891716809,2,0,[Cl-].[NH2+]1CC[NH2+]CC1.O
PIPAZC02,-6.6938999999999975,141.07891716809,2,0,[Cl-].[NH2+]1CC[NH2+]CC1.O
PIPBUA,4.263300000000005,494.23362066,1,3,CN(C)C(=O)C(CCN1CCC(O)(CC1)c1ccc(Cl)cc1)(c1ccccc1)c1ccccc1.O
PIPBUA01,4.263300000000005,494.23362066,1,3,CN(C)C(=O)C(CCN1CCC(O)(CC1)c1ccc(Cl)cc1)(c1ccccc1)c1ccccc1.O
PIPCLI,-4.490199999999998,284.94167816409,2,0,Cl[I-]Cl.[NH2+]1CC[NH2+]CC1
PIPERH,-3.2948999999999984,140.116092372,2,2,C1CNCCN1.O.O.O
PIPGEA,-3.0604999999999984,134.03437374400002,0,1,[Na+].O.[O-]c1ccccc1
PIPGIE,-9.419800000000002,340.11100622400005,0,2,[Na+].O.O.O.[O-]c1ccccc1.[Na+].O.O.O.[O-]c1ccccc1
PIPGII,-4.847000000000007,470.2882085361801,4,4,O=C([O-])C=Cc1ccccc1.O=C([O-])C=Cc1ccccc1.[NH2+]1CC[NH2+]CC1.[NH2+]1CC[NH2+]CC1
PIPHEE,4.139080000000003,313.20417910400005,2,3,CC12CCC3C(CCc4cc(O)ccc34)C1CCC2O.CC#N
PIPLIM,-3.4128999999999996,233.0899372,4,6,[NH3+]C(CO)(CO)CO.O=C([O-])C1=CC=CO1
PIPLOS,-3.6108999999999964,244.105921612,4,6,[NH3+]C(CO)(CO)CO.O=C([O-])c1ccncc1
PIPMAF,-1.6990999999999996,311.03272794,4,5,Clc1ccc(c(Cl)c1)C(=O)[O-].[NH3+]C(CO)(CO)CO
PIPMEJ,-2.5872999999999986,307.082264976,4,6,Clc1ccc(OCC(=O)[O-])cc1.[NH3+]C(CO)(CO)CO
PIPMOT,-2.4079999999999977,408.0428467359099,4,9,[NH3+]C(CO)(CO)CO.O=S(=O)([O-])c1cccc2c1cccc2S(=O)(=O)[O-]
PIPTHS,3.9094000000000033,320.05093264,0,4,S=C(SSC(=S)N1CCCCC1)N1CCCCC1
PIPTHS01,3.9094000000000033,320.05093264,0,4,S=C(SSC(=S)N1CCCCC1)N1CCCCC1
PIRENA10,-8.091500000000018,441.13344502,3,3,[Cl-].O.[Cl-].C[NH+]1CC[NH+](CC1)CC(=O)N1c2ccccc2C(=O)Nc2cccnc12
PIRXOF,-1.4870999999999979,419.99650381600003,3,7,NS(=O)(=O)c1cc2c(NCNS2(=O)=O)cc1Cl.O=C([O-])c1c[nH+]ccc1
PIRXUL,-0.17079999999999979,419.01248822799994,4,7,NC(=O)c1cccnc1.NS(=O)(=O)c1cc2c(NCNS2(=O)=O)cc1Cl
PITYAS,1.9487999999999999,218.105527688,4,4,Oc1ccc(O)cc1.Nc1ccc(N)cc1
PITYEW,3.615800000000001,294.136827816,4,4,Oc1ccc(O)cc1.Nc1ccc(cc1)c1ccc(N)cc1
PITYIA,3.615800000000001,294.136827816,4,4,Oc1ccc(cc1)c1ccc(O)cc1.Nc1ccc(N)cc1
PIWCUU,-2.5768999999999966,261.09035444409,3,4,Oc1ccc(cc1)S(=O)(=O)[O-].[NH2+]1CC[NH2+]CC1
PIWKOV,4.018100000000003,496.3400038759999,4,6,CC(CCC(O)=O)C1CCC2C3C(O)CC4CC(O)CCC4(C)C3CC(O)C12C.CCOC(C)=O
PIWKOV01,4.018100000000003,496.3400038759999,4,6,CC(CCC(O)=O)C1CCC2C3C(O)CC4CC(O)CCC4(C)C3CC(O)C12C.CCOC(C)=O
PIXMOZ,-10.078600000000005,307.98142064000007,2,8,O=[Cl](=O)(=O)[O-].O=[Cl](=O)(=O)[O-].[NH3+]c1ccc([NH3+])cc1
PIXMOZ01,-5.3225999999999996,209.03236090009,2,4,O=[Cl](=O)(=O)[O-].[NH3+]c1ccc([NH3+])cc1
PIXVEZ,1.8741200000000002,420.0813637399999,2,6,[NH3+]c1ccc(cc1)S(=O)(=O)c1ccc(N)cc1.Cc1ccc(cc1)S(=O)(=O)[O-]
PIZTPH,-4.459599999999998,252.111006992,2,4,O=C([O-])c1ccc(cc1)C(=O)[O-].[NH2+]1CC[NH2+]CC1
PIZTPH01,-4.459599999999998,252.111006992,2,4,O=C([O-])c1ccc(cc1)C(=O)[O-].[NH2+]1CC[NH2+]CC1
PMEPEN01,0.6970999999999998,350.09364267599994,2,5,CC1(C)SC2C(NC(=O)COc3ccccc3)C(=O)N2C1C(O)=O
POBCEO,-3.7250999999999976,223.069201756,4,5,OC(=O)CC(O)(CC(O)=O)C(=O)[O-].[NH3+]C
PODYEM,0.31607999999999975,224.098334132,2,3,[S-]C#N.C[NH2+]C(C)C(O)c1ccccc1
POFGOJ,4.724000000000005,433.182398104,1,5,O=C1Nc2cc(OCCCCN3CCN(CC3)c3cccc4SC=Cc34)ccc2C=C1
POFGUP,4.332500000000005,465.208612852,2,6,O=C1Nc2cc(OCCCCN3CCN(CC3)c3cccc4SC=Cc34)ccc2C=C1.CO
POFLIF,-4.876199999999997,274.03564913200006,1,5,O=[Cl](=O)(=O)[O-].CC1=[NH+]N(C(=O)C1)c1ccccc1
POFORM,-16.692800000000002,299.981030674,0,5,O=C([O-])P(=O)([O-])[O-].O.O.O.O.O.O.[Na+].[Na+].[Na+]
POFORM01,-16.692800000000005,299.98103067399995,0,5,O=C([O-])P(=O)([O-])[O-].[Na+].[Na+].[Na+].O.O.O.O.O.O
POGKOM,2.5077000000000007,427.211962684,0,2,[Br-].O=S=O.CCCCCCCCCCCCCCCC[N+](C)(C)C
POJCOJ,3.1984000000000004,304.9104394600001,1,2,Oc1c(I)cc(Cl)c2cccnc12
POLLUZ,4.794400000000005,386.1630425639999,2,5,O=C1C(CCCC1=Cc1ccncc1)=Cc1ccncc1.Oc1cccc(O)c1
POLMUB,-1.127099999999998,394.15018643600007,3,9,O=C([O-])c1cccnc1.O.Nc1[nH+]c2nc(N)c(nc2c(N)n1)c1ccccc1
POLNIQ,1.151620000000001,425.1270084680001,3,9,Cc1ccc(cc1)S(=O)(=O)[O-].Nc1[nH+]c2nc(N)c(nc2c(N)n1)c1ccccc1
POQYED,-1.5643999999999965,283.14747539609,2,3,O=C([O-])CCCSc1ccccc1.[NH2+]1CC[NH2+]CC1
PORGUB,1.5417999999999998,367.12805402400005,4,8,Oc1cc(O)cc(c1)C(=O)[O-].Nc1[nH+]c(N)c(cc1)N=Nc1ccccc1
PORGUB01,1.5417999999999994,367.12805402399994,4,8,Nc1[nH+]c(N)c(cc1)N=Nc1ccccc1.Oc1cc(O)cc(c1)C(=O)[O-]
POVDEJ,-0.35899999999999865,451.19948764799994,4,6,C[NH+]1CCC23C4Oc5c(O)ccc(CC1C2C=CC4O)c35.OC(CC(=O)[O-])c1ccccc1
POVDUZ,0.6242999999999994,325.10381134799997,3,2,FC(F)(F)C(=O)[O-].[NH2+]=C(Nc1ccccc1)Nc1ccccc1
POVXAC,-0.3641000000000001,375.11788326400006,3,9,Nc1cc(cc(c1)C(O)=O)C(O)=O.CN1C=NC2=C1C(=O)N(C)C(=O)N2C
POVYEF,-3.653699999999997,268.14230712,2,4,[NH3+]C(Cc1ccccc1)C(=O)[O-].[NH3+]C(CC)C(=O)[O-]
POVYIJ,-3.2635999999999967,282.157957184,2,4,[NH3+]C(Cc1ccccc1)C(=O)[O-].[NH3+]C(CCC)C(=O)[O-]
POVYOP,-3.3105999999999973,314.1300281839999,2,5,[NH3+]C(Cc1ccccc1)C(=O)[O-].[NH3+]C(CCSC)C(=O)[O-]
POVYUV,-3.0175999999999963,296.173607248,2,4,[NH3+]C(Cc1ccccc1)C(=O)[O-].[NH3+]C(CC(C)C)C(=O)[O-]
POVZAC,-3.0175999999999963,296.173607248,2,4,[NH3+]C(Cc1ccccc1)C(=O)[O-].[NH3+]C(C(C)CC)C(=O)[O-]
POVZIK,-0.44310000000000005,329.98102671600003,2,5,OC1=C(Cl)C(=O)C(=C(Cl)C1=O)[O-].NC(=O)c1c[nH+]ccc1
POXFEQ,0.6964999999999995,444.19844000399996,1,4,FC(F)(F)c1cccc(c1)N1CCN(CC1)CCN1C(=O)Nc2ccccc12.O.O.O
POXFER,-1.0386000000000004,484.048089,2,4,Fc1c(F)c(F)c(c(F)c1F)C(=O)[O-].Fc1c(F)c(F)c(c(F)c1F)C(=O)[O-].[NH3+]CC[NH3+]
POXFIU,0.48240000000000005,436.1513475799999,4,7,CCc1[nH+]c(N)nc(N)c1c1ccc(Cl)cc1.CO.O.Oc1ccc(cc1)C(=O)[O-]
POXFOA,3.170600000000001,390.16674595200004,1,4,FC(F)(F)c1cccc(c1)N1CCN(CC1)CCN1C(=O)Nc2ccccc12
POXGAL,-3.0175999999999963,296.173607248,2,4,[NH3+]C(Cc1ccccc1)C(=O)[O-].[NH3+]C(C(C)CC)C(=O)[O-]
POZCOZ,3.741620000000002,404.14845511999994,3,6,Cc1ccnc2N(C3CC3)c3ncccc3C(=O)Nc12.OC(=O)c1ccc(O)cc1
POZNUQ,1.0014999999999992,462.14632417999985,3,9,OC(CN1C=NC=N1)(CN1C=NC=N1)c1ccc(F)cc1F.OC(=O)c1ccc(O)cc1.O
POZPAY,1.8261999999999992,444.1357594959999,3,9,OC(CN1C=NC=N1)(CN1C=NC=N1)c1ccc(F)cc1F.OC(=O)c1ccc(O)cc1
PREGOL,4.515300000000004,316.240230264,1,2,CC(=O)C1CCC2C3CC=C4CC(O)CCC4(C)C3CCC12C
PREGOL01,4.515300000000004,316.240230264,1,2,CC(=O)C1CCC2C3CC=C4CC(O)CCC4(C)C3CCC12C
PREGOL02,4.515300000000004,316.240230264,1,2,CC(=O)C1CCC2C3CC=C4CC(O)CCC4(C)C3CCC12C
PRGDOL02,1.7658,358.1780239319999,2,5,CC12CC(=O)C3C(CCC4=CC(=O)C=CC34C)C1CCC2(O)C(=O)CO
PROCHC01,-2.6456999999999953,272.129155592,2,3,[Cl-].CC[NH+](CC)CCOC(=O)c1ccc(N)cc1
PROCHC10,-2.6456999999999953,272.129155592,2,3,[Cl-].CC[NH+](CC)CCOC(=O)c1ccc(N)cc1
PROCHC11,-2.6456999999999953,272.129155592,2,3,[Cl-].CC[NH+](CC)CCOC(=O)c1ccc(N)cc1
PROCPH,-1.2102999999999973,334.1293730860001,4,5,OP(O)(=O)[O-].CC[NH+](CC)CCOC(=O)c1ccc(N)cc1
PROFLC,-6.378699999999998,317.069782144,2,1,[Cl-].[Cl-].[NH3+]c1ccc2cc3ccc(N)cc3[nH+]c2c1.O.O
PROFLV,1.7277000000000005,227.105862036,2,3,Nc1ccc2cc3ccc(N)cc3nc2c1.O
PROGLE20,3.251100000000002,352.2249741239999,3,4,CCCCCC(O)C=CC1C(O)CC(=O)C1CC=CCCCC(O)=O
PROGST01,4.723500000000005,314.2245802,0,2,CC(=O)C1CCC2C3CCC4=CC(=O)CCC4(C)C3CCC12C
PROGST10,4.723500000000005,314.2245802,0,2,CC(=O)C1CCC2C3CCC4=CC(=O)CCC4(C)C3CCC12C
PROGST11,4.723500000000005,314.2245802,0,2,CC(=O)C1CCC2C3CCC4=CC(=O)CCC4(C)C3CCC12C
PROGST12,4.723500000000005,314.2245802,0,2,CC(=O)C1CCC2C3CCC4=CC(=O)CCC4(C)C3CCC12C
PROGST13,4.723500000000005,314.2245802,0,2,CC(=O)C1CCC2C3CCC4=CC(=O)CCC4(C)C3CCC12C
PROGST14,4.723500000000005,314.2245802,0,2,CC(=O)C1CCC2C3CCC4=CC(=O)CCC4(C)C3CCC12C
PROGST15,4.723500000000005,314.2245802,0,2,CC(=O)C1CCC2C3CCC4=CC(=O)CCC4(C)C3CCC12C
PROGST16,4.723500000000005,314.2245802,0,2,CC(=O)C1CCC2C3CCC4=CC(=O)CCC4(C)C3CCC12C
PROMZC01,-0.17209999999999837,320.11139735200004,1,2,C[NH+](C)CCCN1c2ccccc2Sc2ccccc12.[Cl-]
PRONAC,0.481,74.036779432,1,1,CCC(O)=O
PRONAC01,0.481,74.036779432,1,1,CCC(O)=O
PRONAC02,1.9239999999999995,296.147117728,4,4,CCC(O)=O.CCC(O)=O.CCC(O)=O.CCC(O)=O
PRONAC03,0.481,74.036779432,1,1,CCC(O)=O
PRTCPY20,1.6683000000000001,180.072119384,1,2,CCCc1cc(ccn1)C(N)=S
PRTCPY21,1.6683000000000001,180.072119384,1,2,CCCc1cc(ccn1)C(N)=S
PRTCPY22,1.6683000000000001,180.072119384,1,2,CCCc1cc(ccn1)C(N)=S
PRUVAC,-0.3399999999999999,88.016043988,1,2,CC(=O)C(O)=O
PRUVAC01,-0.3399999999999999,88.016043988,1,2,CC(=O)C(O)=O
PSEPED,1.3278999999999999,165.1153641,2,2,CNC(C)C(O)c1ccccc1
PSEPED01,1.3278999999999999,165.1153641,2,2,CNC(C)C(O)c1ccccc1
PUBMUX,3.7131000000000016,477.1933567119999,4,6,CCCCNc1cc(cc(c1Oc1ccccc1)S(N)(=O)=O)C(O)=O.O=C1CCCCCN1
PUBNIM,3.3230000000000013,463.1777066479999,4,6,CCCCNc1cc(cc(c1Oc1ccccc1)S(N)(=O)=O)C(O)=O.O=C1CCCCN1
PUBNOS,1.7846999999999995,458.16239093199994,3,7,CCCCNc1cc(cc(c1Oc1ccccc1)S(N)(=O)=O)C(=O)[O-].Nc1cc[nH+]cc1
PUBXAM,2.0108,368.0532173439999,1,7,CC(=O)Oc1cccc2C(=O)c3cc(cc(OC(C)=O)c3C(=O)c12)C(O)=O
PUCKOR,-0.6361999999999983,413.10838120000005,1,8,CN1C(=O)N(C)C(=O)C(C1=O)=C1C=CC(=C2[N-]ON=C12)N(=O)=O.Nc1cc[nH+]cc1
PUCKUW,1.8246000000000002,359.082743644,3,4,O=S(=O)([O-])c1ccc2ccccc2c1.CC(O)=[NH+]c1ccc(O)cc1
PUCLAD,0.9999,377.093308328,3,4,O=S(=O)([O-])c1ccc2ccccc2c1.CC(O)=[NH+]c1ccc(O)cc1.O
PUCLEH,0.1551199999999998,341.093308328,3,4,Cc1ccc(cc1)S(=O)(=O)[O-].CC(O)=[NH+]c1ccc(O)cc1.O
PUCSAK,3.4228400000000008,479.06663197599994,3,8,Cc1cc(C)nc(NS(=O)(=O)c2ccc(N)cc2)n1.OC(=O)c1ccc(cc1Cl)N(=O)=O
PUCSIS,2.56684,416.11544073999994,4,7,Cc1cc(C)nc(NS(=O)(=O)c2ccc(N)cc2)n1.OC(=O)c1cccc(O)c1
PUCSOY,3.6237400000000015,478.03103818799997,3,6,Cc1cc(C)nc(NS(=O)(=O)c2ccc(N)cc2)n1.OC(=O)c1ccc(Br)cc1
PUCTEP,3.2608400000000017,426.13617618399996,3,6,Cc1cc(C)nc(NS(=O)(=O)c2ccc(N)cc2)n1.OC(=O)C=Cc1ccccc1
PUCTOZ,3.1696600000000013,414.13617618399996,3,6,Cc1cc(C)nc(NS(=O)(=O)c2ccc(N)cc2)n1.Cc1ccc(cc1)C(O)=O
PUDJIH,-6.3759999999999994,190.04694393591,3,4,O=C1C(=O)C(=C1[O-])[O-].NC(N)=[NH2+].O
PUDJIH01,-6.3759999999999994,190.04694393591,3,4,O=C1C(=O)C(=C1[O-])[O-].O.NC(N)=[NH2+]
PUDJIH02,-6.3759999999999994,190.04694393591,3,4,O=C1C(=O)C(=C1[O-])[O-].O.NC(N)=[NH2+]
PUDJON,2.6346999999999996,401.22932699999996,0,0,[Br-].CCCCCCCCCCCCCCCC[n+]1ccccc1.O
PUDPUD,-1.9079999999999997,243.049135008,4,6,OC(C(O)=O)C(O)=O.NC(=O)c1cnccn1
PUDTUE,0.8748600000000006,371.10704024399996,3,3,Clc1ccc(cc1)S(=O)(=O)[O-].NC(N)=[NH2+].Cc1cc(C)cc(C)c1
PUDTUE01,0.8748600000000006,371.10704024399996,3,3,Clc1ccc(cc1)S(=O)(=O)[O-].NC(N)=[NH2+].Cc1cc(C)cc(C)c1
PUDVAM,-1.7369999999999992,251.01313986,3,3,Clc1ccc(cc1)S(=O)(=O)[O-].NC(N)=[NH2+]
PUDVAM01,-1.7369999999999992,251.01313986,3,3,Clc1ccc(cc1)S(=O)(=O)[O-].NC(N)=[NH2+]
PUGBOJ,-1.8817999999999975,348.044978232,2,6,O=S(=O)([O-])c1cccc2c1cccc2S(=O)(=O)[O-].[NH3+]CC[NH3+]
PUGBOJ01,-1.8817999999999975,348.044978232,2,6,O=S(=O)([O-])c1cccc2c1cccc2S(=O)(=O)[O-].[NH3+]CC[NH3+]
PUGDUT,2.3686000000000003,304.088163372,3,4,CCc1cc(ccn1)C(N)=S.OC(=O)c1ccccc1O
PUGDUT01,0.45300000000000024,304.08816337199994,2,4,CCc1[nH+]ccc(c1)C(N)=S.Oc1ccccc1C(=O)[O-]
PUHBUQ,-1.399000000000001,218.050298556,1,3,NC(=O)c1c[nH+]ccc1.FC(F)C(=O)[O-]
PUHGUV,4.804800000000004,395.130362532,1,6,CC(C)COc1ccc(cc1C#N)C1=NC(=C(S1)C(O)=O)C.c1ccncc1
PUHTAP,3.952620000000003,412.191755848,2,3,Cc1c(Cl)cccc1Nc1ccccc1C(=O)[O-].[NH3+]C12CC3CC(CC(C3)C1)C2
PUHTIX,4.226500000000003,446.152783496,2,3,Clc1cccc(Cl)c1Nc1ccccc1CC(=O)[O-].[NH3+]C12CC3CC(CC(C3)C1)C2
PUJDAA,-3.3487999999999998,196.096025624,4,3,Nc1ccc(cc1)C(=O)[O-].NC(N)=[NH2+]
PUJNIS,2.702000000000001,250.050905272,2,3,Nc1ccc(Cl)cn1.OC(=O)c1ccccc1
PUJZEA,-1.521899999999999,235.055283008,2,7,[NH3+]c1c[nH+]ccc1N.O=N(=O)[O-].O=N(=O)[O-]
PUKDEF,-0.16357999999999961,231.100776656,1,4,Cc1c[nH+]c(N)cc1.O=C([O-])c1cccnc1
PUKDIJ,2.8111000000000006,294.00038969200006,2,3,Nc1ccc(Br)cn1.OC(=O)c1ccccc1
PUKFIL,-6.02922,208.03975037990998,2,6,O=C([O-])C(=O)[O-].[S-]C#N.[NH3+]CC[NH3+]
PUKJIP,-0.5534999999999999,289.990218932,2,4,OC(=O)CCC(=O)[O-].Nc1[nH+]cc(Br)cc1
PUKPER,2.3380800000000006,226.07422756,1,3,OC(=O)c1ccccc1.N#Cc1ccncc1
PULNIX,-1.1673999999999964,317.140927216,3,3,O=S(=O)([O-])c1ccc(cc1)C1CCCCC1.NC(N)=[NH2+].O
PUMFOV,1.1751000000000003,301.10625596000006,4,5,OC(=O)C=Cc1ccccc1O.NNC(=O)c1ccncc1
PUMGOW,1.1751000000000003,301.10625596000006,4,5,OC(=O)C=Cc1cccc(O)c1.NNC(=O)c1ccncc1
PUMWEZ,2.6546000000000003,344.16103118399997,2,5,CC1(C)N([O])C(=[N+]([O-])C1(C)C)c1ccncc1.Oc1ccc(O)cc1
PUNMIX,-0.6352999999999974,486.19146280399997,3,7,OC(=O)C1=CN(C2CC2)c2cc(N3CC[NH2+]CC3)c(F)cc2C1=O.Nc1ccc(cc1)C(=O)[O-].O
PUNMUJ,-0.5119,487.1754783919999,3,7,OC(=O)C1=CN(C2CC2)c2cc(N3CC[NH2+]CC3)c(F)cc2C1=O.Oc1ccc(cc1)C(=O)[O-].O
PUPGOX,-1.8753000000000004,356.1331989799999,3,9,CN1C=NC2=C1C(=O)N(C)C(=O)N2C.Oc1cc(O)cc(O)c1.O.O
PUPGUD,0.05370000000000008,360.106984232,2,8,OC(=O)c1cccc(c1)C(O)=O.CN1C=NC2=C1C(=O)N(C)C(=O)N2C
PUPGUD01,0.053700000000000914,360.10698423199995,2,8,CN1C=NC2=C1C(=O)N(C)C(=O)N2C.OC(=O)c1cccc(c1)C(O)=O
PUPHAK,-1.0653999999999995,394.1124635359999,3,9,CN1C=NC2=C1C(=O)N(C)C(=O)N2C.OC(=O)c1cc(O)cc(c1)C(O)=O.O
PUPVII,3.9898000000000025,294.111675688,2,6,Oc1cccc(O)c1.c1cc(ccn1)N=Nc1ccncc1
PUPVII01,3.9898000000000025,294.111675688,2,6,Oc1cccc(O)c1.c1cc(ccn1)N=Nc1ccncc1
PUPVOO,2.9742000000000006,290.105527688,2,4,Oc1cccc(O)c1.c1cc(ccn1)C#Cc1ccncc1
PUPVOO01,2.9742000000000006,290.105527688,2,4,Oc1cccc(O)c1.c1cc(ccn1)C#Cc1ccncc1
PUPVOO02,2.9742000000000006,290.105527688,2,4,Oc1cccc(O)c1.c1cc(ccn1)C#Cc1ccncc1
PUPVOO03,2.9742000000000006,290.105527688,2,4,Oc1cccc(O)c1.c1cc(ccn1)C#Cc1ccncc1
PUPVOO04,2.9742000000000006,290.105527688,2,4,Oc1cccc(O)c1.c1cc(ccn1)C#Cc1ccncc1
PUPVOO05,2.9742000000000006,290.105527688,2,4,Oc1cccc(O)c1.c1cc(ccn1)C#Cc1ccncc1
PUPWUV,2.9742000000000006,290.105527688,2,4,Oc1cccc(O)c1.c1cc(ccn1)C#Cc1ccncc1
PUPWUV01,2.9742000000000006,290.105527688,2,4,Oc1cccc(O)c1.c1cc(ccn1)C#Cc1ccncc1
PUPWUV02,2.9742000000000006,290.105527688,2,4,Oc1cccc(O)c1.c1cc(ccn1)C#Cc1ccncc1
PUPWUV03,2.9742000000000006,290.105527688,2,4,Oc1cccc(O)c1.c1cc(ccn1)C#Cc1ccncc1
PUPWUV04,2.9742000000000006,290.105527688,2,4,Oc1cccc(O)c1.c1cc(ccn1)C#Cc1ccncc1
PUPWUV05,2.9742000000000006,290.105527688,2,4,Oc1cccc(O)c1.c1cc(ccn1)C#Cc1ccncc1
PUPYAD,3.7448000000000023,292.121177752,2,4,Oc1cccc(O)c1.c1cc(ccn1)C=Cc1ccncc1
PUPYAD01,3.7448000000000023,292.121177752,2,4,Oc1cccc(O)c1.c1cc(ccn1)C=Cc1ccncc1
PUPYAD02,2.9742000000000006,290.105527688,2,4,Oc1cccc(O)c1.c1cc(ccn1)C#Cc1ccncc1
PUPYAD03,2.9742000000000006,290.105527688,2,4,Oc1cccc(O)c1.c1cc(ccn1)C#Cc1ccncc1
PUPYAD04,2.9742000000000006,290.105527688,2,4,Oc1cccc(O)c1.c1cc(ccn1)C#Cc1ccncc1
PUPYAD05,2.9742000000000006,290.105527688,2,4,Oc1cccc(O)c1.c1cc(ccn1)C#Cc1ccncc1
PUPYAD06,3.7448000000000023,292.121177752,2,4,Oc1cccc(O)c1.c1cc(ccn1)C=Cc1ccncc1
PUPZIM,3.7448000000000023,292.121177752,2,4,Oc1cccc(O)c1.c1cc(ccn1)C=Cc1ccncc1
PUPZIM01,3.7448000000000023,292.121177752,2,4,Oc1cccc(O)c1.c1cc(ccn1)C=Cc1ccncc1
PUPZIM02,3.7448000000000023,292.121177752,2,4,Oc1cccc(O)c1.c1cc(ccn1)C=Cc1ccncc1
PUPZIM03,3.7448000000000023,292.121177752,2,4,Oc1cccc(O)c1.c1cc(ccn1)C=Cc1ccncc1
PUPZIM04,3.7448000000000023,292.121177752,2,4,Oc1cccc(O)c1.c1cc(ccn1)C=Cc1ccncc1
PUQBIP,2.9742000000000006,290.105527688,2,4,Oc1cccc(O)c1.c1cc(ccn1)C#Cc1ccncc1
PUQBIP01,2.9742000000000006,290.105527688,2,4,Oc1cccc(O)c1.c1cc(ccn1)C#Cc1ccncc1
PUQBIP02,2.9742000000000006,290.105527688,2,4,Oc1cccc(O)c1.c1cc(ccn1)C#Cc1ccncc1
PUQBIP03,2.9742000000000006,290.105527688,2,4,Oc1cccc(O)c1.c1cc(ccn1)C#Cc1ccncc1
PUQBIP04,2.9742000000000006,290.105527688,2,4,Oc1cccc(O)c1.c1cc(ccn1)C#Cc1ccncc1
PUQBIP05,2.9742000000000006,290.105527688,2,4,Oc1cccc(O)c1.c1cc(ccn1)C#Cc1ccncc1
PUQCOW,3.9898000000000025,294.111675688,2,6,Oc1cccc(O)c1.c1cc(ccn1)N=Nc1ccncc1
PUQCOW01,3.9898000000000025,294.111675688,2,6,Oc1cccc(O)c1.c1cc(ccn1)N=Nc1ccncc1
PUQCOW02,3.9898000000000025,294.111675688,2,6,Oc1cccc(O)c1.c1cc(ccn1)N=Nc1ccncc1
PUQCOW03,3.9898000000000025,294.111675688,2,6,Oc1cccc(O)c1.c1cc(ccn1)N=Nc1ccncc1
PUQCOW04,3.9898000000000025,294.111675688,2,6,Oc1cccc(O)c1.c1cc(ccn1)N=Nc1ccncc1
PUQCOW05,3.9898000000000025,294.111675688,2,6,Oc1cccc(O)c1.c1cc(ccn1)N=Nc1ccncc1
PUQGAL01,-7.8993999999999955,368.94181909199995,4,5,[NH3+]CCCC(O)(P(O)(=O)[O-])P(O)(=O)[O-].[Rb+].O.O
PUQGEO,1.9656,320.064450724,4,6,Nc1ccc(cc1)C(O)=O.OC(=O)c1ccc(O)c(c1)N(=O)=O
PUQGIT,-7.8993999999999955,416.9354812519998,4,5,[Cs+].[NH3+]CCCC(O)(P(O)(=O)[O-])P(O)(=O)[O-].O.O
PUQHAM,-14.001500000000004,383.0334369319999,3,6,[NH3+]CCCC(O)(P(O)(=O)[O-])P(=O)([O-])[O-].[Na+].[Na+].O.O.O.O.O
PUQKIY,3.7448000000000023,292.121177752,2,4,Oc1cccc(O)c1.c1cc(ccn1)C=Cc1ccncc1
PUQKIY01,3.7448000000000023,292.121177752,2,4,Oc1cccc(O)c1.c1cc(ccn1)C=Cc1ccncc1
PUQKIY02,3.7448000000000023,292.121177752,2,4,Oc1cccc(O)c1.c1cc(ccn1)C=Cc1ccncc1
PUQKIY03,3.7448000000000023,292.121177752,2,4,Oc1cccc(O)c1.c1cc(ccn1)C=Cc1ccncc1
PUQKIY04,3.7448000000000023,292.121177752,2,4,Oc1cccc(O)c1.c1cc(ccn1)C=Cc1ccncc1
PUQKIY05,3.7448000000000023,292.121177752,2,4,Oc1cccc(O)c1.c1cc(ccn1)C=Cc1ccncc1
PUQLOF,3.7448000000000023,292.121177752,2,4,Oc1cccc(O)c1.c1cc(ccn1)C=Cc1ccncc1
PUQLOF01,3.7448000000000023,292.121177752,2,4,Oc1cccc(O)c1.c1cc(ccn1)C=Cc1ccncc1
PUQLOF02,3.7448000000000023,292.121177752,2,4,Oc1cccc(O)c1.c1cc(ccn1)C=Cc1ccncc1
PUQLOF03,3.7448000000000023,292.121177752,2,4,Oc1cccc(O)c1.c1cc(ccn1)C=Cc1ccncc1
PUQLOF04,3.7448000000000023,292.121177752,2,4,Oc1cccc(O)c1.c1cc(ccn1)C=Cc1ccncc1
PUQLOF05,3.7448000000000023,292.121177752,2,4,Oc1cccc(O)c1.c1cc(ccn1)C=Cc1ccncc1
PUQNAT,3.9898000000000025,294.111675688,2,6,Oc1cccc(O)c1.c1cc(ccn1)N=Nc1ccncc1
PUQNAT01,3.9898000000000025,294.111675688,2,6,Oc1cccc(O)c1.c1cc(ccn1)N=Nc1ccncc1
PUQNAT02,3.9898000000000025,294.111675688,2,6,Oc1cccc(O)c1.c1cc(ccn1)N=Nc1ccncc1
PUQNAT03,3.9898000000000025,294.111675688,2,6,Oc1cccc(O)c1.c1cc(ccn1)N=Nc1ccncc1
PUSXAE,-2.9023599999999954,300.087684704,1,5,O=[Cl](=O)(=O)[O-].CC(C1=C[NH2+]C=N1)c1cccc(C)c1C
PUTMAU,4.772800000000004,301.11027872000005,1,2,c1ccc2nc3ccccc3cc2c1.OC(=O)c1ccccc1
PUVMAU,-3.8568999999999996,207.02983548,3,2,[Cl-].[NH3+]c1ccc(O)c(c1)C(O)=O.O
PUWFIX,1.1923,197.10519334,2,3,Oc1ccc(O)cc1.CN(C)C(C)=O
PUWRII,3.4487000000000023,408.28757437999997,4,4,CC(CCC(O)=O)C1CCC2C3C(O)CC4CC(O)CCC4(C)C3CC(O)C12C
PUXLIG,0.14450000000000118,464.109204432,3,3,OCc1ccccc1.[Cl-].Clc1cccc2C=C(Sc12)C(=O)NC1C[NH+]2CCC1CC2
PUYTAE,2.7322200000000008,374.111400916,4,7,Cc1c[n+]([O-])ccc1N(=O)=O.Oc1ccc(O)cc1.Oc1ccc(O)cc1
PUYVUA,-3.870199999999997,195.085520516,2,5,[NH3+]CCCC([NH3+])C(=O)[O-].O=N(=O)[O-]
PUZGAT,-2.741999999999997,355.15434902399994,1,5,CCN1C=C(C(=O)[O-])C(=O)c2cc(F)c(cc12)N1CC[NH2+]CC1.O.O
PUZXAN,-1.5700999999999987,186.0640568,2,3,OC(=O)CCC(=O)[O-].N1C=[NH+]C=C1
PVVAWG01,0.9013999999999998,368.11544073999994,2,8,COc1cnc(NS(=O)(=O)c2ccc(N)cc2)nc1.C1COCCO1
PVVAWG02,0.9013999999999998,368.11544073999994,2,8,COc1cnc(NS(=O)(=O)c2ccc(N)cc2)nc1.C1COCCO1
PYRGLU01,-0.6504000000000001,129.042593084,2,2,OC(=O)C1CCC(=O)N1
PYRGLU12,-0.6504000000000001,129.042593084,2,2,OC(=O)C1CCC(=O)N1
PYRXCL01,-3.4966799999999987,205.050570924,3,3,[Cl-].Cc1[nH+]cc(CO)c(CO)c1O
PYRXCL10,-3.4966799999999987,205.050570924,3,3,[Cl-].Cc1[nH+]cc(CO)c(CO)c1O
PYRXCL12,-3.4966799999999987,205.050570924,3,3,Cc1[nH+]cc(CO)c(CO)c1O.[Cl-]
PYRZIN,-0.4245000000000001,123.04326178,1,3,NC(=O)c1cnccn1
PYRZIN01,-0.4245000000000001,123.04326178,1,3,NC(=O)c1cnccn1
PYRZIN02,-0.4245000000000001,123.04326178,1,3,NC(=O)c1cnccn1
PYRZIN05,-0.4245000000000001,123.04326178,1,3,NC(=O)c1cnccn1
PYRZIN14,-0.4245000000000001,123.04326178,1,3,NC(=O)c1cnccn1
PYRZIN15,-0.4245000000000001,123.04326178,1,3,NC(=O)c1cnccn1
PYRZIN16,-0.4245000000000001,123.04326178,1,3,NC(=O)c1cnccn1
PYRZIN17,-0.4245000000000001,123.04326178,1,3,NC(=O)c1cnccn1
PYRZIN18,-0.4245000000000001,123.04326178,1,3,NC(=O)c1cnccn1
PYRZIN19,-0.4245000000000001,123.04326178,1,3,NC(=O)c1cnccn1
PYRZIN20,-0.4245000000000001,123.04326178,1,3,NC(=O)c1cnccn1
PYRZIN21,-0.4245000000000001,123.04326178,1,3,NC(=O)c1cnccn1
PYRZIN22,-0.4245000000000001,123.04326178,1,3,NC(=O)c1cnccn1
PYRZIN23,-0.4245000000000001,123.04326178,1,3,NC(=O)c1cnccn1
PYRZIN24,-0.4245000000000001,123.04326178,1,3,NC(=O)c1cnccn1
PYRZIN25,-0.4245000000000001,123.04326178,1,3,NC(=O)c1cnccn1
PYRZIN26,-0.4245000000000001,123.04326178,1,3,NC(=O)c1cnccn1
PYRZIN27,-0.4245000000000001,123.04326178,1,3,NC(=O)c1cnccn1
PYRZIN28,-0.4245000000000001,123.04326178,1,3,NC(=O)c1cnccn1
PYRZIN29,-0.4245000000000001,123.04326178,1,3,NC(=O)c1cnccn1
PYRZIN30,-0.4245000000000001,123.04326178,1,3,NC(=O)c1cnccn1
PYRZIN31,-0.4245000000000001,123.04326178,1,3,NC(=O)c1cnccn1
PYRZIN32,-0.4245000000000001,123.04326178,1,3,NC(=O)c1cnccn1
PYRZIN33,-0.4245000000000001,123.04326178,1,3,NC(=O)c1cnccn1
PYRZIN34,-0.4245000000000001,123.04326178,1,3,NC(=O)c1cnccn1
PYRZIN35,-0.4245000000000001,123.04326178,1,3,NC(=O)c1cnccn1
PYRZIN36,-0.4245000000000001,123.04326178,1,3,NC(=O)c1cnccn1
PYRZIN37,-0.4245000000000001,123.04326178,1,3,NC(=O)c1cnccn1
PYRZIN38,-0.4245000000000001,123.04326178,1,3,NC(=O)c1cnccn1
PYRZIN39,-0.4245000000000001,123.04326178,1,3,NC(=O)c1cnccn1
PYRZIN40,-0.4245000000000001,123.04326178,1,3,NC(=O)c1cnccn1
PYRZIN41,-0.4245000000000001,123.04326178,1,3,NC(=O)c1cnccn1
PYRZIN42,-0.4245000000000001,123.04326178,1,3,NC(=O)c1cnccn1
PYRZIN43,-0.4245000000000001,123.04326178,1,3,NC(=O)c1cnccn1
QABHIO,3.637800000000003,344.11609237199997,1,3,NC(=O)N1c2ccccc2C=Cc2ccccc12.O=C1C=CC(=O)C=C1
QABHOU,3.3872000000000018,236.094963004,1,1,NC(=O)N1c2ccccc2C=Cc2ccccc12
QABTOD01,0.4642000000000015,327.175377512,1,0,[Cl-].C[NH+](CC=CC#CC(C)(C)C)Cc1cccc2ccccc12
QABZOL,1.3458999999999999,286.086603812,2,4,FC1=CNC(=O)NC1=O.c1ccc(nc1)c1ccccn1
QABZUR,0.5481999999999996,416.10445936800005,4,6,FC1=CNC(=O)NC1=O.FC1=CNC(=O)NC1=O.c1cc(ccn1)c1ccncc1
QACBAA,-1.6090000000000009,206.027374684,4,3,NC(N)=S.FC1=CNC(=O)NC1=O
QACSOE,-5.141399999999997,245.077848292,3,4,[Cl-].[NH3+]CCCCC([NH3+])C(O)=O.O=N(=O)[O-]
QAFQEW,2.661400000000001,380.13722174,4,4,NC(=O)c1ccccc1.NC(=O)c1ccccc1.OC(=O)c1ccccc1O
QAHYEE,2.7783000000000007,405.23039385199996,2,3,[NH3+]C1C(O)Cc2cc3ccccc3cc12.CC(C)Cc1ccc(cc1)C(C)C(=O)[O-]
QAJNEW,-4.2739999999999965,303.16629625609,4,4,CCCC1=NC(=C(N1)C(=O)[O-])C(O)=O.[NH2+]1CC[NH2+]CC1.O
QAKHIX,2.2676000000000007,372.128548876,1,4,Oc1ccc(cc1C(=O)[O-])c1ccc(F)cc1F.CN(C)c1cc[nH+]cc1
QAKHUJ,-0.14609999999999923,336.128548876,3,4,Oc1ccc(cc1C(=O)[O-])c1ccc(F)cc1F.[NH2+]1CCNCC1
QAKHUJ01,-0.14609999999999923,336.128548876,3,4,Oc1ccc(cc1C(=O)[O-])c1ccc(F)cc1F.[NH2+]1CCNCC1
QAKJAR,-1.1722999999999981,337.13582532809005,3,3,Oc1ccc(cc1C(=O)[O-])c1ccc(F)cc1F.[NH2+]1CC[NH2+]CC1
QAKJAR01,-1.1722999999999981,337.13582532809005,3,3,Oc1ccc(cc1C(=O)[O-])c1ccc(F)cc1F.[NH2+]1CC[NH2+]CC1
QAKNUN,-1.9008999999999956,351.16952491200004,4,6,Nc1ccc(cc1)C(=O)[O-].C1C[NH+]=C(N1)c1ccc(cc1)C1=NCCN1
QAKTUT,-4.059799999999996,256.117154992,2,6,C1[NH+]2CN3CN1CN(C2)C3.OC(=O)C=CC(=O)[O-]
QAMCAM,-1.0197999999999992,140.106196384,0,4,C1N2CN3CN1CN(C2)C3
QAMCAM01,-1.0197999999999992,140.106196384,0,4,C1N2CN3CN1CN(C2)C3
QAMCAM02,-1.0197999999999992,140.106196384,0,4,C1N2CN3CN1CN(C2)C3
QAMCAM03,-1.0197999999999992,140.106196384,0,4,C1N2CN3CN1CN(C2)C3
QAMCAM04,-1.0197999999999992,140.106196384,0,4,C1N2CN3CN1CN(C2)C3
QAMCAM05,-1.0197999999999992,140.106196384,0,4,C1N2CN3CN1CN(C2)C3
QAMCAM06,-1.0197999999999992,140.106196384,0,4,C1N2CN3CN1CN(C2)C3
QAMCAM07,-1.0197999999999992,140.106196384,0,4,C1N2CN3CN1CN(C2)C3
QAMCAM08,-1.0197999999999992,140.106196384,0,4,C1N2CN3CN1CN(C2)C3
QAMCAM09,-1.0197999999999992,140.106196384,0,4,C1N2CN3CN1CN(C2)C3
QAMCAM10,-1.0197999999999992,140.106196384,0,4,C1N2CN3CN1CN(C2)C3
QAMCAM11,-1.0197999999999992,140.106196384,0,4,C1N2CN3CN1CN(C2)C3
QAMCAM12,-1.0197999999999992,140.106196384,0,4,C1N2CN3CN1CN(C2)C3
QAMCAM13,-1.0197999999999992,140.106196384,0,4,C1N2CN3CN1CN(C2)C3
QAMCAM14,-1.0197999999999992,140.106196384,0,4,C1N2CN3CN1CN(C2)C3
QAMCAM15,-1.0197999999999992,140.106196384,0,4,C1N2CN3CN1CN(C2)C3
QAMCAM16,-1.0197999999999992,140.106196384,0,4,C1N2CN3CN1CN(C2)C3
QAMCAM17,-1.0197999999999992,140.106196384,0,4,C1N2CN3CN1CN(C2)C3
QAMCAM18,-1.0197999999999992,140.106196384,0,4,C1N2CN3CN1CN(C2)C3
QAMCAM19,-1.0197999999999992,140.106196384,0,4,C1N2CN3CN1CN(C2)C3
QAMCAM20,-1.0197999999999992,140.106196384,0,4,C1N2CN3CN1CN(C2)C3
QAMCAM21,-1.0197999999999992,140.106196384,0,4,C1N2CN3CN1CN(C2)C3
QAMCAM22,-1.0197999999999992,140.106196384,0,4,C1N2CN3CN1CN(C2)C3
QAMCAM23,-1.0197999999999992,140.106196384,0,4,C1N2CN3CN1CN(C2)C3
QAMCAM24,-1.0197999999999992,140.106196384,0,4,C1N2CN3CN1CN(C2)C3
QAMCAM25,-1.0197999999999992,140.106196384,0,4,C1N2CN3CN1CN(C2)C3
QAMCAM26,-1.0197999999999992,140.106196384,0,4,C1N2CN3CN1CN(C2)C3
QAMCAM27,-1.0197999999999992,140.106196384,0,4,C1N2CN3CN1CN(C2)C3
QAMCAM28,-1.0197999999999992,140.106196384,0,4,C1N2CN3CN1CN(C2)C3
QAMCAM29,-1.0197999999999992,140.106196384,0,4,C1N2CN3CN1CN(C2)C3
QAMCAM30,-1.0197999999999992,140.106196384,0,4,C1N2CN3CN1CN(C2)C3
QAMCAM31,-1.0197999999999992,140.106196384,0,4,C1N2CN3CN1CN(C2)C3
QAMCAM32,-1.0197999999999992,140.106196384,0,4,C1N2CN3CN1CN(C2)C3
QAMCAM33,-1.0197999999999992,140.106196384,0,4,C1N2CN3CN1CN(C2)C3
QAMCAM34,-1.0197999999999992,140.106196384,0,4,C1N2CN3CN1CN(C2)C3
QAMCAM35,-1.0197999999999992,140.106196384,0,4,C1N2CN3CN1CN(C2)C3
QAMCAM36,-1.0197999999999992,140.106196384,0,4,C1N2CN3CN1CN(C2)C3
QAMCAM37,-1.0197999999999992,140.106196384,0,4,C1N2CN3CN1CN(C2)C3
QAMCAM38,-1.0197999999999992,140.106196384,0,4,C1N2CN3CN1CN(C2)C3
QAMCAM39,-1.0197999999999992,140.106196384,0,4,C1N2CN3CN1CN(C2)C3
QAMCAM40,-1.0197999999999992,140.106196384,0,4,C1N2CN3CN1CN(C2)C3
QAMCAM41,-1.0197999999999992,140.106196384,0,4,C1N2CN3CN1CN(C2)C3
QAMCAM42,-1.0197999999999992,140.106196384,0,4,C1N2CN3CN1CN(C2)C3
QAMCAM43,-1.0197999999999992,140.106196384,0,4,C1N2CN3CN1CN(C2)C3
QAMCAM44,-1.0197999999999992,140.106196384,0,4,C1N2CN3CN1CN(C2)C3
QAMCAM45,-1.0197999999999992,140.106196384,0,4,C1N2CN3CN1CN(C2)C3
QAMCAM46,-1.0197999999999992,140.106196384,0,4,C1N2CN3CN1CN(C2)C3
QAMCAM47,-1.0197999999999992,140.106196384,0,4,C1N2CN3CN1CN(C2)C3
QAMCAM48,-1.0197999999999992,140.106196384,0,4,C1N2CN3CN1CN(C2)C3
QAMCAM49,-1.0197999999999992,140.106196384,0,4,C1N2CN3CN1CN(C2)C3
QAMCAM50,-1.0197999999999992,140.106196384,0,4,C1N2CN3CN1CN(C2)C3
QAMCAM51,-1.0197999999999992,140.106196384,0,4,C1N2CN3CN1CN(C2)C3
QAMCAM52,-1.0197999999999992,140.106196384,0,4,C1N2CN3CN1CN(C2)C3
QAMCAM53,-1.0197999999999992,140.106196384,0,4,C1N2CN3CN1CN(C2)C3
QAMCAM54,-1.0197999999999992,140.106196384,0,4,C1N2CN3CN1CN(C2)C3
QAMCAM55,-1.0197999999999992,140.106196384,0,4,C1N2CN3CN1CN(C2)C3
QAMCAM56,-1.0197999999999992,140.106196384,0,4,C1N2CN3CN1CN(C2)C3
QAMCAM57,-1.0197999999999992,140.106196384,0,4,C1N2CN3CN1CN(C2)C3
QAMCAM58,-1.0197999999999992,140.106196384,0,4,C1N2CN3CN1CN(C2)C3
QAMCAM59,-1.0197999999999992,140.106196384,0,4,C1N2CN3CN1CN(C2)C3
QAMCAM60,-1.0197999999999992,140.106196384,0,4,C1N2CN3CN1CN(C2)C3
QAMCAM61,-1.0197999999999992,140.106196384,0,4,C1N2CN3CN1CN(C2)C3
QAMCAM62,-1.0197999999999992,140.106196384,0,4,C1N2CN3CN1CN(C2)C3
QAMCAM63,-1.0197999999999992,140.106196384,0,4,C1N2CN3CN1CN(C2)C3
QAMCAM64,-1.0197999999999992,140.106196384,0,4,C1N2CN3CN1CN(C2)C3
QAMPAV,-4.116199999999999,226.095356928,2,4,O=C([O-])c1ccccc1C(=O)[O-].[NH3+]CC[NH3+]
QAMQUR,1.5743999999999994,190.07422756,2,4,Oc1ccc(O)cc1.c1cnccn1
QAMRAY,0.2769999999999998,196.121177752,4,4,Oc1ccc(O)cc1.C1CNCCN1
QAMREC,0.7039999999999997,197.10519334,3,4,Oc1ccc(O)cc1.C1COCCN1
QAMRIG,2.1793999999999993,189.078978592,2,3,Oc1ccc(O)cc1.c1ccncc1
QAMROM,1.8576999999999997,195.125928784,3,3,Oc1ccc(O)cc1.C1CCNCC1
QAMRUS,3.2414000000000023,266.105527688,2,4,Oc1ccc(O)cc1.c1cc(ccn1)c1ccncc1
QAMRUS01,3.2414000000000023,266.105527688,2,4,Oc1ccc(O)cc1.c1cc(ccn1)c1ccncc1
QAMSAZ,1.0462,211.120843404,2,4,Oc1ccc(O)cc1.CN1CCOCC1
QAMSUS,-2.7970999999999986,159.008706112,1,1,[Cl-].OC(=O)c1c[nH+]ccc1
QAMSUS01,-2.7970999999999986,159.008706112,1,1,[Cl-].OC(=O)c1c[nH+]ccc1
QAMSUS02,-2.7970999999999986,159.008706112,1,1,[Cl-].OC(=O)c1c[nH+]ccc1
QANHUJ,3.8130000000000033,318.06588664,1,3,CC(C)(Oc1ccc(cc1)C(=O)c1ccc(Cl)cc1)C(O)=O
QANHUJ01,3.8130000000000033,318.06588664,1,3,CC(C)(Oc1ccc(cc1)C(=O)c1ccc(Cl)cc1)C(O)=O
QANPEB,-3.507799999999996,404.205969996,4,5,COc1ccc2cc(ccc2c1)C(C)C(=O)[O-].[NH3+]C(CCCNC(N)=[NH2+])C(=O)[O-]
QANQUS,3.0916000000000015,309.147726848,1,2,NC(=O)N1c2ccccc2C=Cc2ccccc12.CN(C)C=O
QAQBUG,-5.301299999999998,221.11319806409,4,4,OC(CC(O)=O)C(=O)[O-].[NH2+]1CC[NH2+]CC1
QARTEM,3.8130000000000046,450.17256169199993,3,5,CNC(=O)c1ccccc1Sc1ccc2c(NN=C2C=Cc2ccccn2)c1.O.CCO
QARTOW,4.633800000000004,464.13406800799993,2,5,CNC(=O)c1ccccc1Sc1ccc2c(NN=C2C=Cc2ccccn2)c1.CS(C)=O
QARVAK,4.343500000000004,459.17289604,2,5,CNC(=O)c1ccccc1Sc1ccc2c(NN=C2C=Cc2ccccn2)c1.CN(C)C=O
QATNEF,4.0636000000000045,427.159514656,2,3,OC(CCC1C(N(C1=O)c1ccc(F)cc1)c1ccc(O)cc1)c1ccc(F)cc1.O
QATNEF01,4.0636000000000045,427.159514656,2,3,OC(CCC1C(N(C1=O)c1ccc(F)cc1)c1ccc(O)cc1)c1ccc(F)cc1.O
QAVWER,3.623300000000002,457.12114901999996,2,3,C[NH2+]C1CCC(c2ccc(Cl)c(Cl)c2)c2ccccc12.OC(C(=O)[O-])c1ccccc1
QAWTEQ,-4.7559,207.049135008,4,5,NC(=O)NC(=O)C(=O)[O-].[NH3+]CC(O)=O
QAXQOZ,-1.996899999999996,296.13722174000003,3,5,OC(CC(O)=O)C(=O)[O-].C[NH+]1CCCC1c1cccnc1
QAXQOZ01,-1.996899999999996,296.13722174000003,3,5,OC(CC(O)=O)C(=O)[O-].C[NH+]1CCCC1c1cccnc1
QAXQOZ02,-1.996899999999996,296.13722174000003,3,5,OC(CC(O)=O)C(=O)[O-].C[NH+]1CCCC1c1cccnc1
QAXRAM,-1.996899999999996,296.13722174000003,3,5,OC(CC(O)=O)C(=O)[O-].C[NH+]1CCCC1c1cccnc1
QAXSUD,2.2098000000000004,324.11437811999997,2,4,CC(=O)c1ccc(cc1)S(=O)(=O)NC(=O)NC1CCCCC1
QAXSUD01,2.2098000000000004,324.11437811999997,2,4,CC(=O)c1ccc(cc1)S(=O)(=O)NC(=O)NC1CCCCC1
QEBLAO,-0.2907000000000004,348.1238937820001,1,3,O=P([O-])(c1ccccc1)c1ccccc1.O.O.Nc1cc[nH+]cc1
QECHOV,-2.5614099999999995,187.99234484,2,2,[Cl-].S=C1NC=NC2=C1NC=[NH+]2
QECHOV01,-2.5614099999999995,187.99234484,2,2,[Cl-].S=C1NC=NC2=C1[NH+]=CN2
QECHOV02,-2.5614099999999995,187.99234484,2,2,[Cl-].S=C1NC=NC2=C1[NH+]=CN2
QECHOV03,-2.5614099999999995,187.99234484,2,2,[Cl-].S=C1NC=NC2=C1[NH+]=CN2
QECYII,2.584600000000001,273.10010796,2,5,CC(=O)c1cccc(n1)C(C)=O.Oc1cccc(O)c1
QEFCIR,1.3306999999999998,356.113899452,3,4,OC(C(O)=O)c1ccccc1Cl.CCC(N1CCCC1=O)C(N)=O
QEFDAK,1.7701000000000002,429.13584183599994,1,7,CC(C)COc1ccc(cc1C#N)C1=NC(=C(S1)C(=O)[O-])C.Oc1cc[nH+]cc1.O
QEGFAJ,2.7489,423.273345108,1,1,C[N+](C)(C)CCO.c1ccc(cc1)[B-](c1ccccc1)(c1ccccc1)c1ccccc1
QEGFIR,2.1126000000000023,469.27882441199995,2,1,[NH3+]CCCCCC(O)=O.O.c1ccc(cc1)[B-](c1ccccc1)(c1ccccc1)c1ccccc1
QEGTUT,1.6109,474.20492443999996,1,8,CCCC1=NN(C)C2=C1N=C(NC2=O)c1cc(ccc1OCC)S(=O)(=O)N1CCN(C)CC1
QEGTUT01,1.6109,474.20492443999996,1,8,CCCC1=NN(C)C2=C1N=C(NC2=O)c1cc(ccc1OCC)S(=O)(=O)N1CCN(C)CC1
QEGTUT02,1.6109,474.20492443999996,1,8,CCCC1=NN(C)C2=C1N=C(NC2=O)c1cc(ccc1OCC)S(=O)(=O)N1CCN(C)CC1
QEGTUT03,1.6109,474.20492443999996,1,8,CCCC1=NN(C)C2=C1N=C(NC2=O)c1cc(ccc1OCC)S(=O)(=O)N1CCN(C)CC1
QEHVIJ,-3.562599999999999,189.00218684009,2,0,[Br-].[NH3+]c1ccc([NH3+])cc1
QEHVIJ01,-3.5625999999999998,189.00218684009002,2,0,[NH3+]c1ccc([NH3+])cc1.[Br-]
QEHVIJ02,-3.562599999999999,189.00218684009,2,0,[Br-].[NH3+]c1ccc([NH3+])cc1
QEHVOP,-1.2680000000000002,223.06888864009,2,2,FC(F)(F)C(=O)[O-].[NH3+]c1ccc([NH3+])cc1
QEHVUV,1.0072000000000003,362.13504533018,4,0,[NH3+]c1ccc([NH3+])cc1.[NH3+]c1ccc([NH3+])cc1.F[Si-2](F)(F)(F)(F)F
QEHWAC,-1.9045999999999987,206.0361278,2,4,O=S(=O)([O-])[O-].[NH3+]c1ccc([NH3+])cc1
QEJHUI,-0.04720000000000013,381.0065302559999,3,8,NC1=NC(=C(N=[NH+]1)c1cccc(Cl)c1Cl)N.OCCS(=O)(=O)[O-]
QEKDUI,2.8860000000000023,391.116820644,3,6,OC(=O)c1ccc(cc1)N1N=C(N=C1c1ccccc1O)c1ccccc1O.O
QEKFOE,3.891200000000002,495.154268772,4,8,OC(=O)c1ccc(cc1)N1N=C(N=C1c1ccccc1O)c1ccccc1O.NC(=O)c1ccncc1
QEKZEM,-0.8105999999999989,322.1509805400899,2,5,c1cnc2c(c1)ccc1cccnc21.[NH3+]CC[NH3+].O=N(=O)[O-].O
QEKZIQ,-4.392199999999997,357.09206446408996,2,2,c1cnc2c(c1)ccc1cccnc21.[NH3+]CC[NH3+].[Br-].O.O
QEKZUC,0.3597000000000001,403.0489852760899,2,4,c1cnc2c(c1)ccc1cccnc21.[NH3+]CC[NH3+].ClC(Cl)(Cl)C(=O)[O-]
QELCUJ,2.290399999999999,376.1147103800001,2,5,FC(F)(F)c1cccc(Nc2ncccc2C(=O)[O-])c1.Nc1cc[nH+]cc1
QELYAI,4.548490000000001,317.99552594000005,2,4,S=C1Nc2ccccc2S1.O=C1Nc2ccccc2S1
QEMGEV,-0.8649,204.038235976,1,4,OC(=O)c1c[nH+]ccc1.O=N(=O)[O-].O
QEMGIZ,-1.3639,231.071842524,2,3,FC(F)(F)C(=O)[O-].[NH3+]C(C(C)C)C(O)=O
QEMKAV,2.7276000000000007,240.089877624,2,4,Oc1ccc(O)cc1.c1ccc2nccnc2c1
QENNEC,2.973600000000002,274.120509056,3,4,CC(C)C1=CC(=O)C(=CC=C1)O.Oc1ccc(O)cc1
QENWOZ,1.157,213.007181888,1,3,ClCCNC(=O)N(CCCl)N=O
QENWOZ01,1.157,213.007181888,1,3,ClCCNC(=O)N(CCCl)N=O
QEPWOZ,3.0016200000000013,390.2089472,2,6,O.CN1CCN(CC1)C1=Nc2ccccc2NC2=C1C=C(C)S2.CC(C)O
QEPWUF,3.530120000000002,372.16199700799996,2,6,CN1CCN(CC1)C1=Nc2ccccc2NC2=C1C=C(C)S2.CC(O)=O
QEPWUF01,3.530120000000002,372.16199700799996,2,6,CN1CCN(CC1)C1=Nc2ccccc2NC2=C1C=C(C)S2.CC(O)=O
QEPXAM,3.2098200000000014,388.193297136,1,6,O.CN1CCN(CC1)C1=Nc2ccccc2NC2=C1C=C(C)S2.CC(C)=O
QEPXEQ,0.6686200000000001,465.027611828,2,7,CN1C(=C(O)c2ccccc2S1(=O)=O)C(=O)NC1=[NH+]C=C(C)S1.FC(F)(F)C(=O)[O-]
QEQVIS,-0.47199999999999953,217.085126592,1,4,O=C([O-])c1cccnc1.Nc1[nH+]cccc1
QEQVIS01,-0.47199999999999953,217.085126592,1,4,O=C([O-])c1cccnc1.Nc1[nH+]cccc1
QEQVIS02,-0.47199999999999953,217.085126592,1,4,O=C([O-])c1cccnc1.Nc1[nH+]cccc1
QERHOL,1.1728,260.15247788,2,2,CC=C1C2CC3=C(C=CC(=O)N3)C1(N)CC(=C2)C.O
QERWOA,1.2316400000000007,452.10757848799994,2,6,Cc1ccc(cc1)S(=O)(=O)[O-].Cc1ccc(cc1)S(=O)(=O)[O-].[NH3+]c1ccc([NH3+])cc1
QERWOA01,0.33252000000000054,281.09543982409,2,3,Cc1ccc(cc1)S(=O)(=O)[O-].[NH3+]c1ccc([NH3+])cc1
QEVMEJ,0.8726399999999999,241.09502258,2,3,Cc1cccc(C)[n+]1[O-].OC(=O)CCC(O)=O
QEVMIR,1.3014,327.147058152,2,5,Oc1ccc2CC3N(CCC45C(Oc1c24)C(=O)CCC35O)CC=C
QIBCEM,4.114620000000002,408.12561150000005,2,6,CC1=CC(=NO1)NS(=O)(=O)c1ccc(N)cc1.c1ccc(cc1)c1ccncc1
QIBCUC,4.013020000000002,435.1365105320001,2,7,CC1=CC(=NO1)NS(=O)(=O)c1ccc(N)cc1.c1cc(ccn1)C=Cc1ccncc1
QIBRUO,-3.0066999999999977,299.09861062009,2,6,O=C([O-])c1cc(cc(c1)N(=O)=O)N(=O)=O.[NH2+]1CC[NH2+]CC1
QICJIY,-5.1263999999999985,227.05422038799998,2,5,O=C([O-])C(=O)[O-].[NH3+]NC(=O)c1cc[nH+]cc1
QICJIY01,-5.1263999999999985,227.054220388,2,5,[NH3+]NC(=O)c1cc[nH+]cc1.O=C([O-])C(=O)[O-]
QICJOE,-2.518699999999999,253.069870452,3,5,NNC(=O)c1cc[nH+]cc1.OC(=O)C=CC(=O)[O-]
QICJUK,-3.289799999999997,329.0351418200001,2,7,CS(=O)(=O)[O-].CS(=O)(=O)[O-].[NH3+]NC(=O)c1cc[nH+]cc1
QIFPEC,3.995000000000002,484.283826392,4,4,CC=C1C2CC3=C(C=CC(=O)N3)C1(N)CC(=C2)C.CC=C1C2CC3=C(C=CC(=O)N3)C1(N)CC(=C2)C
QIGCEO,-5.052299999999997,177.08698331609,3,3,[NH2+]1CC[NH2+]CC1.OC(=O)C(=O)[O-]
QIGCEO02,-5.052299999999999,177.08698331609,3,3,OC(=O)C(=O)[O-].[NH2+]1CC[NH2+]CC1
QIGCEO04,-5.052299999999999,177.08698331609,3,3,OC(=O)C(=O)[O-].[NH2+]1CC[NH2+]CC1
QIGCEO05,-5.052299999999999,177.08698331609,3,3,OC(=O)C(=O)[O-].[NH2+]1CC[NH2+]CC1
QIGCEO06,-5.052299999999999,177.08698331609,3,3,OC(=O)C(=O)[O-].[NH2+]1CC[NH2+]CC1
QIGCEO07,-5.052299999999999,177.08698331609,3,3,OC(=O)C(=O)[O-].[NH2+]1CC[NH2+]CC1
QIGQEG,4.0366000000000035,410.22055743999994,2,4,O=C(N1CCCCC1)c1ccc(cc1)C(=O)N1CCCCC1.Oc1ccc(O)cc1
QIGQIK,3.256400000000002,382.18925731199994,2,4,O=C(N1CCCC1)c1ccc(cc1)C(=O)N1CCCC1.Oc1ccc(O)cc1
QIHCIT,1.8760000000000003,469.9464425120001,0,4,Ic1ccc(I)cc1.C1N2CN3CN1CN(C2)C3
QIHCIT01,1.8760000000000003,469.9464425120001,0,4,Ic1ccc(I)cc1.C1N2CN3CN1CN(C2)C3
QIJJEB,-4.417999999999999,270.085186168,3,5,OC(=O)c1cc(cc(c1)C(=O)[O-])C(=O)[O-].[NH3+]CC[NH3+]
QIJPAC,-3.0795999999999975,403.06048397599994,2,5,[NH3+]C(C(=O)NC1C2SCC(=C(N2C1=O)C(=O)[O-])Cl)c1ccccc1.O.O
QIJPAC01,-3.0795999999999975,403.06048397599994,2,5,[NH3+]C(C(=O)NC1C2SCC(=C(N2C1=O)C(=O)[O-])Cl)c1ccccc1.O.O
QIJZOY,3.7016000000000018,398.068490548,3,7,OC(=O)c1cc(ccc1O)N=Nc1ccc(cc1)S(=O)(=O)Nc1ccccn1
QIJZOY03,3.7016000000000018,398.068490548,3,7,OC(=O)c1cc(ccc1O)N=Nc1ccc(cc1)S(=O)(=O)Nc1ccccn1
QIJZUE,1.7942999999999991,386.11639798799996,2,3,O.CC[NH2+]CC.Clc1cccc(Cl)c1Nc1ccccc1CC(=O)[O-]
QIKDIX,-0.9461999999999982,406.14884904399986,3,9,COc1cc(Cc2c[nH+]c(N)nc2N)cc(OC)c1OC.OC(=O)C=CC(=O)[O-]
QILZAP,3.0351000000000012,276.13615912,2,3,COc1ccc2cc(ccc2c1)C(C)C(O)=O.CCO
QILZET,-2.0392999999999954,460.220951364,3,6,COc1ccc2cc(ccc2c1)C(C)C(O)=O.O=C([O-])C1[NH2+]CCC1.O=C([O-])C1[NH2+]CCC1
QILZIX,-2.0392999999999954,460.220951364,3,6,COc1ccc2cc(ccc2c1)C(C)C(O)=O.O=C([O-])C1[NH2+]CCC1.O=C([O-])C1[NH2+]CCC1
QIMBAT,-2.908099999999999,323.053568756,4,9,OS(=O)(=O)[O-].NC1=NC2=C([NH+]=CN2COCCO)C(=O)N1
QIMBEW,0.49860000000000093,345.15762283600003,2,4,COc1ccc2cc(ccc2c1)C(C)C(O)=O.O=C([O-])C1[NH2+]CCC1
QIMBEX,-2.1517999999999993,288.08183210399994,3,9,NC1=NC2=C([NH+]=CN2COCCO)C(=O)N1.O=N(=O)[O-]
QIMBIB,-4.908699999999997,261.062866924,3,6,[Cl-].NC1=NC2=C([NH+]=CN2COCCO)C(=O)N1
QIMKIG,-0.6812000000000002,171.125928784,1,2,[NH3+]CC1(CCCCC1)CC(=O)[O-]
QIMKIG01,-0.6812000000000002,171.125928784,1,2,[NH3+]CC1(CCCCC1)CC(=O)[O-]
QIMKIG02,-0.6812000000000002,171.125928784,1,2,[NH3+]CC1(CCCCC1)CC(=O)[O-]
QIMKIG03,-0.6812000000000002,171.125928784,1,2,[NH3+]CC1(CCCCC1)CC(=O)[O-]
QIMKIG04,-0.6812000000000002,171.125928784,1,2,[NH3+]CC1(CCCCC1)CC(=O)[O-]
QIMKIG05,-0.6812000000000002,171.125928784,1,2,[NH3+]CC1(CCCCC1)CC(=O)[O-]
QIMKIG06,-0.6812000000000002,171.125928784,1,2,[NH3+]CC1(CCCCC1)CC(=O)[O-]
QIMKIG07,-0.6812000000000002,171.125928784,1,2,[NH3+]CC1(CCCCC1)CC(=O)[O-]
QIMKIG08,-0.6812000000000002,171.125928784,1,2,[NH3+]CC1(CCCCC1)CC(=O)[O-]
QIMKOM,-1.5058999999999998,189.136493468,1,2,[NH3+]CC1(CCCCC1)CC(=O)[O-].O
QIMKOM01,-1.5058999999999998,189.136493468,1,2,[NH3+]CC1(CCCCC1)CC(=O)[O-].O
QIMKOM02,-1.5058999999999998,189.136493468,1,2,[NH3+]CC1(CCCCC1)CC(=O)[O-].O
QIMKOM03,-1.5058999999999998,189.136493468,1,2,[NH3+]CC1(CCCCC1)CC(=O)[O-].O
QIMKOM04,-1.5058999999999998,189.136493468,1,2,[NH3+]CC1(CCCCC1)CC(=O)[O-].O
QIMKOM05,-1.505899999999999,189.136493468,1,2,O.[NH3+]CC1(CCCCC1)CC(=O)[O-]
QIPNAE,1.7438999999999998,320.13722174,3,5,O=C1CCCC(=C1)NCc1ccncc1.OC(=O)CCC(O)=O
QIQHOP,3.407420000000001,464.1130439239999,3,7,Nc1nnc(c(N)n1)c1cccc(Cl)c1Cl.Cc1ccc(cc1)C(O)=O.CN(C)C=O
QIQLIL,1.2214999999999996,394.0760780279999,1,9,[NH3+]c1ccc(cc1)C(=O)OCC.O=N(=O)c1cc(c([O-])c(c1)N(=O)=O)N(=O)=O
QIQLIL01,1.2214999999999996,394.0760780279999,1,9,[NH3+]c1ccc(cc1)C(=O)OCC.O=N(=O)c1cc(c([O-])c(c1)N(=O)=O)N(=O)=O
QIQLUX,0.39679999999999943,412.0866427119999,1,9,[NH3+]c1ccc(cc1)C(=O)OCC.O=N(=O)c1cc(c([O-])c(c1)N(=O)=O)N(=O)=O.O
QIQTUI,-1.076519999999997,409.15322321599996,4,7,CNC(NCCSCC1=C(C)[NH+]=CN1)=NC#N.OC(=O)C=CC(=O)[O-].CC#N
QIQVAQ,-1.6063999999999967,368.1266741199999,4,6,CNC(NCCSCC1=C(C)[NH+]=CN1)=NC#N.OC(=O)C=CC(=O)[O-]
QIQVAQ01,-1.6063999999999967,368.1266741199999,4,6,CNC(NCCSCC1=C(C)[NH+]=CN1)=NC#N.OC(=O)C=CC(=O)[O-]
QISFOR,-3.5745999999999984,201.08453870409,2,2,FC(F)(F)C(=O)[O-].[NH2+]1CC[NH2+]CC1
QISFOR02,-3.5745999999999984,201.08453870409,2,2,FC(F)(F)C(=O)[O-].[NH2+]1CC[NH2+]CC1
QISFOR03,-3.5745999999999984,201.08453870409,2,2,FC(F)(F)C(=O)[O-].[NH2+]1CC[NH2+]CC1
QIXREV,-3.2091999999999965,402.17317252809005,4,9,O=N(=O)c1cc(c([O-])c(c1)N(=O)=O)N(=O)=O.[NH2+]1CC[NH2+]CC1.C1CNCCN1
QIYFEM,-0.09629999999999966,310.06234254799995,1,3,O=S(=O)([O-])c1ccc2[NH+]=C(Nc2c1)c1ccccc1.O.O
QIYFEM01,-0.09629999999999966,310.06234254799995,1,3,O=S(=O)([O-])c1ccc2[NH+]=C(Nc2c1)c1ccccc1.O.O
QIZTEB,-0.7186199999999998,233.053551692,4,5,OC(=O)CC(O)(CC(O)=O)C(O)=O.CC#N
QOBGAR,3.8613000000000026,366.13797068800005,2,3,NC(=O)c1cccnc1.CC(C(O)=O)c1ccc(c(F)c1)c1ccccc1
QOBMAZ,1.7379,276.033540956,2,3,CCCNC(=O)NS(=O)(=O)c1ccc(Cl)cc1
QOBMED,1.78302,270.103813436,2,3,CCCCNC(=O)NS(=O)(=O)c1ccc(C)cc1
QOBMIH,1.78302,270.103813436,2,3,CCCCNC(=O)NS(=O)(=O)c1ccc(C)cc1
QOBMON,1.78302,270.103813436,2,3,CCCCNC(=O)NS(=O)(=O)c1ccc(C)cc1
QOBMUT,1.78302,270.103813436,2,3,CCCCNC(=O)NS(=O)(=O)c1ccc(C)cc1
QOBNAA,1.7379,276.033540956,2,3,CCCNC(=O)NS(=O)(=O)c1ccc(Cl)cc1
QODGUM05,-3.4979999999999993,185.047026832,3,4,CCOS(=O)(=O)[O-].NC(N)=[NH2+]
QOFSUC,-1.632099999999999,162.09391744799998,4,3,NC(N)=S.C1CNCCN1
QOGQEI,-0.9241999999999997,231.071842524,1,3,C[N+](C)(C)CC(O)=O.FC(F)(F)C(=O)[O-]
QOHLUY,0.6381000000000001,337.152537456,4,6,C[N+](C)(C)CC(=O)[O-].Oc1ccccc1O.Oc1ccccc1O
QOHLUY01,0.6381000000000001,337.152537456,4,6,C[N+](C)(C)CC(=O)[O-].Oc1ccccc1O.Oc1ccccc1O
QOLWUM,1.7338999999999998,126.06807956,2,2,Oc1ccc(O)cc1.C
QOLXAT,0.5142999999999998,154.026608672,2,4,Oc1ccc(O)cc1.O=C=O
QOLXEX,0.5142999999999998,154.026608672,2,4,Oc1ccc(O)cc1.O=C=O
QOLXEX01,0.5142999999999998,154.026608672,2,4,Oc1ccc(O)cc1.O=C=O
QOLXEX02,0.5142999999999998,154.026608672,2,4,Oc1ccc(O)cc1.O=C=O
QOLXIB,0.5142999999999998,154.026608672,2,4,Oc1ccc(O)cc1.O=C=O
QOLXOH,0.5142999999999998,154.026608672,2,4,Oc1ccc(O)cc1.O=C=O
QOLYAU,0.5142999999999998,154.026608672,2,4,Oc1ccc(O)cc1.O=C=O
QOLYEY,0.5142999999999998,154.026608672,2,4,Oc1ccc(O)cc1.O=C=O
QOLYIC,0.5142999999999998,154.026608672,2,4,Oc1ccc(O)cc1.O=C=O
QONRIW,-2.799499999999999,135.075624528,3,2,C[N-]N(=O)=O.NC(N)=[NH2+]
QOQCIK,1.1827999999999996,450.03228205190993,1,7,Oc1cccc2ccc[nH+]c12.O=S(=O)([O-])c1cccc2c1cccc2S(=O)(=O)[O-].O
QOQCOQ,1.0159999999999996,356.0644507239999,2,6,Oc1cccc2ccc[nH+]c12.OC(=O)c1cc(ccc1C(=O)[O-])N(=O)=O
QOQNIX,-0.08870000000000078,294.07643305199997,4,6,NC(=O)c1nc(F)cnc1O.NC(=O)c1ccccc1O
QOQNUJ,-0.3993000000000009,279.0767674,3,6,NC(=O)c1nc(F)cnc1O.NC(=O)c1cccnc1
QOQWAU,2.3831999999999995,416.23112212399997,2,5,CCOC(=O)C(CCc1ccccc1)NC(C)C(=O)N1C2CCCC2CC1C(O)=O
QOQWEY,-6.905700000000003,353.1321345120899,4,6,[NH3+]C(C(C)C)C(O)=O.[NH3+]C(C(C)C)C(O)=O.O.O=[Cl](=O)(=O)[O-]
QOQXAV,2.2109000000000005,268.05471524,2,2,OC(=O)c1cc(ccc1O)c1ccc(F)cc1F.O
QOSNUL,0.3090000000000014,427.18556889999996,3,9,COc1cc(Cc2c[nH+]c(N)nc2N)cc(OC)c1OC.Nc1ccccc1C(=O)[O-]
QOSWUT,3.555900000000003,401.17394159599996,2,6,CN1CC(=Cc2ccncc2)C(=O)C(C1)=Cc1ccncc1.Oc1cccc(O)c1
QOVRID,-0.2634000000000005,261.06372245200004,2,4,Oc1cccc2ccc[nH+]c12.OC(=O)C=CC(=O)[O-]
QOWMEY,1.4275000000000004,407.1878774080001,0,5,CCCN(CCC)S(=O)(=O)c1ccc(cc1)C(=O)[O-].CN(C)c1cc[nH+]cc1
QOWSAW,-2.6894999999999953,368.0591654959099,3,7,NC(N)=[NH2+].C1CCOC1.O=S(=O)([O-])c1ccc(cc1)S(=O)(=O)[O-]
QOWSEA,-0.11309999999999754,452.09555100391003,3,6,O=S(=O)([O-])c1ccc(cc1)S(=O)(=O)[O-].NC(N)=[NH2+].c1ccccc1.c1ccccc1
QOWSIE,-1.182859999999997,402.07990093991003,3,6,O=S(=O)([O-])c1ccc(cc1)S(=O)(=O)[O-].NC(N)=[NH2+].Cc1ccc(C)cc1
QOWSOK,-1.182859999999997,402.07990093991003,3,6,O=S(=O)([O-])c1ccc(cc1)S(=O)(=O)[O-].NC(N)=[NH2+].Cc1ccccc1C
QOWSUQ,-0.6464999999999987,424.06425087591003,3,6,O=S(=O)([O-])c1ccc(cc1)S(=O)(=O)[O-].NC(N)=[NH2+].c1ccc2ccccc2c1
QOWTAX,-0.6464999999999974,424.06425087591003,3,6,O=S(=O)([O-])c1ccc2cc(ccc2c1)S(=O)(=O)[O-].NC(N)=[NH2+].c1ccccc1
QOWTEB,-0.029659999999997577,452.09555100391003,3,6,O=S(=O)([O-])c1ccc2cc(ccc2c1)S(=O)(=O)[O-].NC(N)=[NH2+].Cc1ccc(C)cc1
QOWTOL,0.8151200000000027,488.09555100391003,3,6,O=S(=O)([O-])c1ccc2cc(ccc2c1)S(=O)(=O)[O-].NC(N)=[NH2+].Cc1cccc2ccccc12
QOXBIS,0.9437000000000011,379.1565772800001,1,5,CCCN(CCC)S(=O)(=O)c1ccc(cc1)C(=O)[O-].Nc1cc[nH+]cc1
QOYHER,-5.061299999999996,277.13941281209003,4,4,Oc1cc(O)cc(c1)C(=O)[O-].[NH2+]1CC[NH2+]CC1.O.O
QOYHIV,-3.8931999999999993,233.11319806409,4,4,[NH3+]CC[NH3+].Oc1cc(O)cc(c1)C(=O)[O-].O
QOYJUJ,-4.249799999999996,278.147786424,3,5,[NH3+]CCCCC([NH3+])C(=O)[O-].OC(=O)CCCC(=O)[O-]
QOYKAQ,-4.249799999999996,278.147786424,3,5,[NH3+]CCCCC([NH3+])C(=O)[O-].OC(=O)CCCC(=O)[O-]
QOZPON,1.74,265.02373227391,1,1,F[Si-2](F)(F)(F)(F)F.NC(=O)c1c[nH+]ccc1
QOZXAG01,-5.105199999999995,294.15582568791,4,7,OCC[NH+](CCO)CCO.O=C([O-])CCCCC(=O)[O-]
QOZXAG02,-5.105199999999995,294.15582568791,4,7,OCC[NH+](CCO)CCO.O=C([O-])CCCCC(=O)[O-]
QOZXAG03,-5.105199999999995,294.15582568791,4,7,OCC[NH+](CCO)CCO.O=C([O-])CCCCC(=O)[O-]
QOZXIO,-6.1093999999999955,264.10887549591,4,7,OCC[NH+](CCO)CCO.O=C([O-])C=CC(=O)[O-]
QQQAEJ02,-3.1137999999999986,233.005140724,3,2,[NH3+]CCc1ccc(O)c(O)c1.[Br-]
QQQAUG01,0.12990000000000024,294.94882535200003,2,5,NS(=O)(=O)c1cc2c(NC=NS2(=O)=O)cc1Cl
QQQAUG02,0.12990000000000024,294.94882535200003,2,5,NS(=O)(=O)c1cc2c(NC=NS2(=O)=O)cc1Cl
QQQAUG03,0.12990000000000024,294.94882535200003,2,5,NS(=O)(=O)c1cc2c(NC=NS2(=O)=O)cc1Cl
QQQAUG04,0.12990000000000024,294.94882535200003,2,5,NS(=O)(=O)c1cc2c(NC=NS2(=O)=O)cc1Cl
QQQAUG05,0.12990000000000024,294.94882535200003,2,5,NS(=O)(=O)c1cc2c(NC=NS2(=O)=O)cc1Cl
QQQAUG06,0.12990000000000024,294.94882535200003,2,5,NS(=O)(=O)c1cc2c(NC=NS2(=O)=O)cc1Cl
QQQAUG07,0.12990000000000024,294.94882535200003,2,5,NS(=O)(=O)c1cc2c(NC=NS2(=O)=O)cc1Cl
QQQAUG08,0.12990000000000024,294.94882535200003,2,5,NS(=O)(=O)c1cc2c(NC=NS2(=O)=O)cc1Cl
QQQAUG09,0.12990000000000024,294.94882535200003,2,5,NS(=O)(=O)c1cc2c(NC=NS2(=O)=O)cc1Cl
QQQAUG10,0.12990000000000024,294.94882535200003,2,5,NS(=O)(=O)c1cc2c(NC=NS2(=O)=O)cc1Cl
QQQAUG11,0.12990000000000024,294.94882535200003,2,5,NS(=O)(=O)c1cc2c(NC=NS2(=O)=O)cc1Cl
QQQAUG12,0.12990000000000024,294.94882535200003,2,5,NS(=O)(=O)c1cc2c(NC=NS2(=O)=O)cc1Cl
QQQAUG13,0.12990000000000024,294.94882535200003,2,5,NS(=O)(=O)c1cc2c(NC=NS2(=O)=O)cc1Cl
QQQAUG14,0.12990000000000024,294.94882535200003,2,5,NS(=O)(=O)c1cc2c(NC=NS2(=O)=O)cc1Cl
QQQAUG15,0.12990000000000024,294.94882535200003,2,5,NS(=O)(=O)c1cc2c(NC=NS2(=O)=O)cc1Cl
QQQAUG16,0.12990000000000024,294.94882535200003,2,5,NS(=O)(=O)c1cc2c(NC=NS2(=O)=O)cc1Cl
QQQAUG17,0.12990000000000024,294.94882535200003,2,5,NS(=O)(=O)c1cc2c(NC=NS2(=O)=O)cc1Cl
QQQAUG22,0.12990000000000024,294.94882535200003,2,5,NS(=O)(=O)c1cc2c(NC=NS2(=O)=O)cc1Cl
QQQAUG23,0.12990000000000024,294.94882535200003,2,5,NS(=O)(=O)c1cc2c(NC=NS2(=O)=O)cc1Cl
QQQAUJ04,-2.820999999999996,330.15795718399994,2,4,[NH3+]C(Cc1ccccc1)C(=O)[O-].[NH3+]C(Cc1ccccc1)C(=O)[O-]
QQQAUJ07,-1.4105,165.078978592,1,2,[NH3+]C(Cc1ccccc1)C(=O)[O-]
QQQAUJ08,-2.820999999999996,330.15795718399994,2,4,[NH3+]C(Cc1ccccc1)C(=O)[O-].[NH3+]C(Cc1ccccc1)C(=O)[O-]
QQQAUJ09,-2.820999999999996,330.15795718399994,2,4,[NH3+]C(Cc1ccccc1)C(=O)[O-].[NH3+]C(Cc1ccccc1)C(=O)[O-]
QQQAXG01,1.4455,165.078978592,1,3,CCOC(=O)c1ccc(N)cc1
QQQAXG02,1.4455,165.078978592,1,3,CCOC(=O)c1ccc(N)cc1
QQQAXG04,1.4455,165.078978592,1,3,CCOC(=O)c1ccc(N)cc1
QQQAXG05,1.4455,165.078978592,1,3,CCOC(=O)c1ccc(N)cc1
QQQAXG09,1.4455,165.078978592,1,3,CCOC(=O)c1ccc(N)cc1
QQQAXG10,1.4455,165.078978592,1,3,CCOC(=O)c1ccc(N)cc1
QQQAXG11,1.4455,165.078978592,1,3,CCOC(=O)c1ccc(N)cc1
QQQAXG12,1.4455,165.078978592,1,3,CCOC(=O)c1ccc(N)cc1
QQQAXG13,1.4455,165.078978592,1,3,CCOC(=O)c1ccc(N)cc1
QQQAXG14,1.4455,165.078978592,1,3,CCOC(=O)c1ccc(N)cc1
QQQAXG15,1.4455,165.078978592,1,3,CCOC(=O)c1ccc(N)cc1
QQQAXG16,1.4455,165.078978592,1,3,CCOC(=O)c1ccc(N)cc1
QQQAXG17,1.4455,165.078978592,1,3,CCOC(=O)c1ccc(N)cc1
QQQAXG18,1.4455,165.078978592,1,3,CCOC(=O)c1ccc(N)cc1
QQQAXJ01,2.6114000000000006,214.06299418,1,3,Oc1ccccc1C(=O)Oc1ccccc1
QQQAXJ02,2.6114000000000006,214.06299418,1,3,Oc1ccccc1C(=O)Oc1ccccc1
QQQBSS01,2.1955,285.10347908800003,1,3,CCCN(CCC)S(=O)(=O)c1ccc(cc1)C(O)=O
QQQBSS02,2.1955,285.10347908800003,1,3,CCCN(CCC)S(=O)(=O)c1ccc(cc1)C(O)=O
QQQBSS03,2.1955,285.10347908800003,1,3,CCCN(CCC)S(=O)(=O)c1ccc(cc1)C(O)=O
QQQBSS04,2.1955,285.10347908800003,1,3,CCCN(CCC)S(=O)(=O)c1ccc(cc1)C(O)=O
QQQBTP04,-0.9292000000000005,204.089877624,2,2,[NH3+]C(CC1=CNc2ccccc12)C(=O)[O-]
QQQEYV01,1.70922,415.221954408,2,7,CN(C)C1=C(C)N(C)N(c2ccccc2)C1=O.CCC1(CC)C(=O)NC(=O)NC1=O
QQQEYV10,1.70922,415.221954408,2,7,CN(C)C1=C(C)N(C)N(c2ccccc2)C1=O.CCC1(CC)C(=O)NC(=O)NC1=O
QQQFGD02,-4.7121999999999975,248.031436344,4,6,O=S(=O)([O-])[O-].[NH3+]CC(O)=O.[NH3+]CC(O)=O
QQQGHM01,2.4509999999999996,336.204907376,4,4,Oc1cccc(O)c1.O=C1CCCCCN1.O=C1CCCCCN1
QQQGTS01,2.8546000000000005,397.977394316,2,6,COc1cnc(NS(=O)(=O)c2ccc(N)cc2)nc1.ClC(Cl)Cl
QQQHFD01,3.177900000000001,411.23619834399994,0,0,CCCCCCCCCCCCCCCC[N+](C)(C)C.[I-]
QQQHFD02,3.1779,411.236198344,0,0,[I-].CCCCCCCCCCCCCCCC[N+](C)(C)C
QUCLIM,-0.40510000000000046,220.084792244,1,4,CN1C=[NH+]C=C1.Oc1ccccc1C(=O)[O-]
QUCNOS,-0.2634000000000005,261.06372245200004,2,4,Oc1cccc2ccc[nH+]c12.OC(=O)C=CC(=O)[O-]
QUDWET,2.1768199999999998,428.02097338000004,1,5,ClC(Cl)(Cl)C(=O)[O-].Cc1ccnc2N(C3CC3)c3[nH+]cccc3C(=O)Nc12
QUFCAZ,0.6750000000000009,362.1179392760001,3,4,CCCNC(=O)[N-]S(=O)(=O)c1ccc(Cl)cc1.[NH2+]1CCNCC1
QUFCED,2.1871,385.0975381800001,3,5,CCCNC(=O)[N-]S(=O)(=O)c1ccc(Cl)cc1.Nc1c[nH+]ccc1N
QUFCOK,-0.7541999999999984,276.114174224,1,3,CC(C)CN1C=Nc2c(N)[nH+]c3ccccc3c12.[Cl-]
QUFCUQ,-1.5788999999999982,294.12473890800004,1,3,CC(C)CN1C=Nc2c(N)[nH+]c3ccccc3c12.O.[Cl-]
QUFDAA,0.7225000000000004,388.13358934000007,2,4,CCCNC(=O)[N-]S(=O)(=O)c1ccc(Cl)cc1.C1CN2CC[NH+]1CC2
QUFDEB,-3.189899999999998,409.1728727199099,1,7,CC(C)CN1C=Nc2c(N)[nH+]c3ccccc3c12.O=C([O-])C=CC(=O)[O-].O.O.O
QUFDIF,-2.1411999999999987,393.1779580999099,1,7,CC(C)CN1C=Nc2c(N)[nH+]c3ccccc3c12.O=C([O-])CCC(=O)[O-].O.O
QUFDOL,-1.3609999999999989,421.2092582279099,1,7,CC(C)CN1C=Nc2c(N)[nH+]c3ccccc3c12.O=C([O-])CCCCC(=O)[O-].O.O
QUFDUR,1.9974999999999996,378.1691905639999,2,6,CC(C)CN1C=Nc2c(N)[nH+]c3ccccc3c12.Oc1ccc(cc1)C(=O)[O-]
QUFROA,1.7276400000000003,324.17168910000004,1,5,C1CN2CN3CCN(CN1C3)C2.Cc1cc(O)cc(C)c1Cl
QUGNEO,2.5084,459.18056377199997,2,6,CC(=O)NCC1CN(C(=O)O1)c1ccc(N2CCOCC2)c(F)c1.OC(=O)c1ccccc1
QUGNUE,1.9195999999999986,491.1703930119999,4,8,CC(=O)NCC1CN(C(=O)O1)c1ccc(N2CCOCC2)c(F)c1.OC(=O)c1c(O)cccc1O
QUHHUZ,2.2349999999999994,406.071179112,3,7,Nc1nnc(c(N)n1)c1cccc(Cl)c1Cl.O=C1NC(=O)C2CC=CCC12
QUHQIV,3.951950000000002,476.17295561600014,4,8,COc1cc(C=CC(O)=O)cc(OC)c1O.CCCC1=CC(=O)NC(=S)N1.CC#N.CC#N
QUHQIV01,3.951950000000002,476.17295561600014,4,8,COc1cc(C=CC(O)=O)cc(OC)c1O.CCCC1=CC(=O)NC(=S)N1.CC#N.CC#N
QUHRAO,1.6876999999999998,346.11648629600006,3,6,COc1cc(C=CC(O)=O)cc(OC)c1O.NC(=O)c1cccnc1
QUIDON,1.3483999999999998,218.0579088,2,4,Oc1ccc(O)cc1.O=C1C=CC(=O)C=C1
QUIDON01,1.3483999999999998,218.0579088,2,4,Oc1ccc(O)cc1.O=C1C=CC(=O)C=C1
QUIDON02,1.3483999999999998,218.0579088,2,4,Oc1ccc(O)cc1.O=C1C=CC(=O)C=C1
QUIDON03,1.3483999999999996,218.0579088,2,4,O=C1C=CC(=O)C=C1.Oc1ccc(O)cc1
QUIDON04,1.3483999999999998,218.0579088,2,4,Oc1ccc(O)cc1.O=C1C=CC(=O)C=C1
QUINAC,1.6930999999999998,168.078644244,2,3,Oc1ccc(O)cc1.CC(C)=O
QUINDE,3.1718000000000024,370.22564281999996,2,5,COc1ccc2nccc(C(O)C3CC4CCN3CC4C=C)c2c1.CCO
QUKHIP,-1.065799999999998,447.1441782639999,3,7,OC(=O)C1=CN(C2CC2)c2cc(N3CC[NH2+]CC3)c(F)cc2C1=O.OC(=O)C=CC(=O)[O-]
QUKHIP01,-1.065799999999998,447.1441782639999,3,7,OC(=O)C1=CN(C2CC2)c2cc(N3CC[NH2+]CC3)c(F)cc2C1=O.OC(=O)C=CC(=O)[O-]
QUKHIP02,-1.065799999999998,447.1441782639999,3,7,OC(=O)C1=CN(C2CC2)c2cc(N3CC[NH2+]CC3)c(F)cc2C1=O.OC(=O)C=CC(=O)[O-]
QUKHIP03,-1.065799999999998,447.1441782639999,3,7,OC(=O)C1=CN(C2CC2)c2cc(N3CC[NH2+]CC3)c(F)cc2C1=O.OC(=O)C=CC(=O)[O-]
QUKHUB,-1.8904999999999974,465.15474294799986,3,7,OC(=O)C1=CN(C2CC2)c2cc(N3CC[NH2+]CC3)c(F)cc2C1=O.OC(=O)C=CC(=O)[O-].O
QUKHUB01,-1.8904999999999974,465.15474294799986,3,7,OC(=O)C1=CN(C2CC2)c2cc(N3CC[NH2+]CC3)c(F)cc2C1=O.OC(=O)C=CC(=O)[O-].O
QUOLSO,1.0977999999999999,110.036779432,2,2,Oc1ccc(O)cc1
QUOLSO01,1.0977999999999999,110.036779432,2,2,Oc1ccc(O)cc1
QUPRUP,2.1703,424.1304221079999,1,8,COC(=O)C1=C(C)NC(=C(C1c1ccccc1N(=O)=O)C(=O)OC)C.CS(C)=O
QUPRUP01,2.1703,424.1304221079999,1,8,CS(C)=O.COC(=O)C1=C(C)NC(=C(C1c1ccccc1N(=O)=O)C(=O)OC)C
QUPTUT,3.125300000000001,309.040400164,2,4,OC(=O)c1ccc(cc1Cl)N(=O)=O.OCc1ccccc1
QURSUR,-2.2853999999999983,233.0899372,3,4,[NH3+]C(C(C)C)C(O)=O.OC(=O)C=CC(=O)[O-]
QURWOQ,-3.3046999999999924,391.1954648879999,4,6,CCN(CC)C(=O)N1CC[NH+](C)CC1.OC(=O)CC(O)(CC(=O)[O-])C(O)=O
QURWOQ02,-3.304699999999994,391.19546488800006,4,6,OC(=O)CC(O)(CC(=O)[O-])C(O)=O.CCN(CC)C(=O)N1CC[NH+](C)CC1
QUVSAE,-0.8613099999999996,367.12536865600003,2,8,CN(C)N=NC1=C([NH+]=CN1)C(N)=O.N#CC(C#N)=C(C#N)[C-](C#N)C#N.O
QUVSEI,1.0606900000000008,466.1632496560001,3,8,CC[NH+](CC)CCNC(=O)c1cc(Cl)c(N)cc1OC.N#CC(C#N)=C(C#N)[C-](C#N)C#N
QUWYIR,4.8883000000000045,409.148949972,2,3,OC(CCC1C(N(C1=O)c1ccc(F)cc1)c1ccc(O)cc1)c1ccc(F)cc1
QUXREK,0.9321999999999999,347.034269228,3,6,NS(=O)(=O)c1cc(C(=O)[O-])c(NCC2=CC=CO2)cc1Cl.[NH4+]
QUXXAM,-1.7568999999999977,352.16343648800006,3,5,Oc1cc(O)cc(c1)C(=O)[O-].O.O.C[NH+]1CCCC1c1cccnc1
QUYDAT,2.965820000000001,447.23827316800003,2,9,CC(=O)C1=C(C)c2cnc(Nc3ccc(cn3)N3CCNCC3)nc2N(C2CCCC2)C1=O
QUYDAT01,2.965820000000001,447.23827316800003,2,9,CC(=O)C1=C(C)c2cnc(Nc3ccc(cn3)N3CCNCC3)nc2N(C2CCCC2)C1=O
QUYJEA,3.2288000000000006,321.147726848,2,4,C(Cc1ccncc1)c1ccncc1.Nc1ccc(cc1)C(O)=O
QUYQAE,-3.056499999999999,240.068096624,4,3,NC(=[NH2+])NC(N)=S.O=C([O-])c1ccccc1
QUZZIW,0.7409999999999997,424.07627835999995,2,6,[NH3+]c1ccc(cc1)S(=O)(=O)c1ccc(N)cc1.O=S(=O)([O-])c1ccccc1.O
QUZZOC,-0.6882999999999996,362.0606282959999,2,6,[NH3+]c1ccc(cc1)S(=O)(=O)c1ccc(N)cc1.CS(=O)(=O)[O-].O
RABBEE,-1.4076999999999984,281.04542412009005,2,3,Clc1ccc(OCC(=O)[O-])c(Cl)c1.[NH3+]CC[NH3+]
RABQUL,3.089300000000002,482.162390932,4,6,CC(=O)NS(=O)(=O)c1ccc(N)cc1.NC(=O)N1c2ccccc2C=Cc2ccccc12.CO
RABRAS,3.4808000000000012,450.136176184,3,5,CC(=O)NS(=O)(=O)c1ccc(N)cc1.NC(=O)N1c2ccccc2C=Cc2ccccc12
RABXIE,-0.2541999999999993,301.11748934,2,6,CN1C(=O)N(C)C2=C(NC=N2)C1=O.NC(=O)c1ccccc1
RABXIE01,-0.2541999999999993,301.11748934,2,6,CN1C(=O)N(C)C2=C(NC=N2)C1=O.NC(=O)c1ccccc1
RABXOK,-1.5480999999999991,239.101839276,2,6,CN1C(=O)N(C)C2=C(NC=N2)C1=O.CC(N)=O
RABXUQ,-1.3352999999999988,253.11748934,1,6,CN1C(=O)N(C)C2=C(NC=N2)C1=O.CN(C)C=O
RACBIK,-1.5162999999999984,277.05050950009,2,2,[NH2+]1CC[NH2+]CC1.Clc1ccc(c(Cl)c1)C(=O)[O-]
RACDUX,-1.9381999999999995,225.086189212,2,6,CN1C(=O)N(C)C2=C(NC=N2)C1=O.NC=O
RACDUX01,-1.9381999999999995,225.086189212,2,6,CN1C(=O)N(C)C2=C(NC=N2)C1=O.NC=O
RACDUX02,-1.9381999999999995,225.086189212,2,6,CN1C(=O)N(C)C2=C(NC=N2)C1=O.NC=O
RACFEJ,-1.6774999999999987,239.101839276,2,6,CN1C(=O)N(C)C2=C(NC=N2)C1=O.CNC=O
RACFIN,-1.4641999999999988,303.1079872760001,2,8,CN1C(=O)N(C)C2=C(NC=N2)C1=O.NC(=O)c1cnccn1
RACFIN01,-1.4641999999999988,303.1079872760001,2,8,CN1C(=O)N(C)C2=C(NC=N2)C1=O.NC(=O)c1cnccn1
RACFOU,-2.3646999999999965,395.052027468,2,7,O=[Cl](=O)(=O)[O-].COC(=O)NC1=[NH+]c2ccc(cc2N1)C(=O)c1ccccc1
RACFUA,1.4843000000000002,407.07872088400006,2,7,COS(=O)(=O)[O-].COC(=O)NC1=[NH+]c2cc(ccc2N1)C(=O)c1ccccc1
RACGAD,-1.0280999999999996,403.06048397599994,3,5,NC(C(=O)NC1C2SCC(=C(N2C1=O)C(O)=O)Cl)c1ccccc1.O.O
RACHOW,4.537020000000005,422.17764707199996,3,7,CN1CCN(CC1)C1=Nc2ccccc2NC2=C1C=C(C)S2.Oc1cccc(O)c1
RACHUC,4.537020000000005,422.17764707199996,3,7,CN1CCN(CC1)C1=Nc2ccccc2NC2=C1C=C(C)S2.Oc1ccccc1O
RACZIH,-3.4193999999999924,498.31524567199983,4,6,O.O.[NH2+]1CC[NH2+]CC1.OC(=O)CCCCCCCC(=O)[O-].OC(=O)CCCCCCCC(=O)[O-]
RADYUV,2.441600000000001,377.214922416,1,1,COc1ccc2CC3[NH+](C)CCC4(CCCCC34)c2c1.F[B-](F)(F)F.O
RAGSAV,4.250500000000002,226.146998576,2,2,CC(C)Nc1ccc(Nc2ccccc2)cc1
RAJFEO,0.34860000000000124,463.1373352399999,3,3,[Cl-].C[NH2+]CCC(Oc1ccc(cc1)C(F)(F)F)c1ccccc1.OC(=O)CCC(O)=O
RAKSIG,1.0154899999999998,152.015667128,2,3,S=C1NC=NC2=C1N=CN2
RALCEQ,0.6143000000000001,255.100776656,2,3,O=C([O-])c1ccccc1.NC1=[NH+]c2ccccc2N1
RALFAL,-1.8552999999999993,208.048406736,2,5,OC1=C([O-])C(=O)C1=O.Nc1cc[nH+]cc1
RALMIA,0.1433000000000032,465.2645864399999,2,3,[Cl-].CC(C)[NH+](CCC(c1ccccc1)c1cc(CO)ccc1OC(=O)C(C)C)C(C)C.O
RALMOG,4.265700000000003,315.16568542000005,1,3,CCCN(CCC1=CC=CS1)C1CCc2c(O)cccc2C1
RALMOG01,4.265700000000003,315.16568542000005,1,3,CCCN(CCC1=CC=CS1)C1CCc2c(O)cccc2C1
RALMOG02,4.265700000000003,315.16568542000005,1,3,CCCN(CCC1=CC=CS1)C1CCc2c(O)cccc2C1
RALRUS,-3.2752999999999943,434.16891579199984,4,6,[NH3+]C(Cc1ccccc1)C(=O)[O-].[NH3+]C(Cc1ccccc1)C(O)=O.OC(=O)CC(=O)[O-]
RAMKOJ,2.0323,343.01266119200005,2,5,OC(=O)COc1ccc(Cl)cc1Cl.NC(=O)c1cnccn1
RANYAG,-9.567500000000011,338.10574407217996,4,4,O=[Se](=O)([O-])[O-].[NH2+]1CC[NH2+]CC1.[NH2+]1CC[NH2+]CC1.O
RAPKEZ,0.14879999999999877,404.1008362319999,2,6,Oc1cccc2ccc[nH+]c12.Oc1cccc2ccc[nH+]c12.O=C1C(=O)C(=C1[O-])[O-]
RAQCUK,-0.9494,223.120843404,2,3,C[NH+]1CCCC1.Oc1ccccc1C(=O)[O-]
RATBEW,-0.26340000000000025,261.06372245200004,2,4,OC(=O)C=CC(=O)[O-].Oc1cccc2ccc[nH+]c12
RATBEW01,-0.26340000000000025,261.06372245200004,2,4,OC(=O)C=CC(=O)[O-].Oc1cccc2ccc[nH+]c12
RATBEW02,-0.26340000000000025,261.06372245200004,2,4,OC(=O)C=CC(=O)[O-].Oc1cccc2ccc[nH+]c12
RATBEW03,-0.2634000000000005,261.06372245200004,2,4,Oc1cccc2ccc[nH+]c12.OC(=O)C=CC(=O)[O-]
RATBEW04,-0.2634000000000005,261.06372245200004,2,4,Oc1cccc2ccc[nH+]c12.OC(=O)C=CC(=O)[O-]
RATBEW05,-0.2634000000000005,261.06372245200004,2,4,Oc1cccc2ccc[nH+]c12.OC(=O)C=CC(=O)[O-]
RATBEW06,-0.2634000000000005,261.06372245200004,2,4,Oc1cccc2ccc[nH+]c12.OC(=O)C=CC(=O)[O-]
RATBEW07,-0.2634000000000005,261.06372245200004,2,4,Oc1cccc2ccc[nH+]c12.OC(=O)C=CC(=O)[O-]
RATBEW08,-0.2634000000000005,261.06372245200004,2,4,Oc1cccc2ccc[nH+]c12.OC(=O)C=CC(=O)[O-]
RATBEW09,-0.2634000000000005,261.06372245200004,2,4,Oc1cccc2ccc[nH+]c12.OC(=O)C=CC(=O)[O-]
RATBEW10,-0.2634000000000005,261.06372245200004,2,4,Oc1cccc2ccc[nH+]c12.OC(=O)C=CC(=O)[O-]
RATBEW11,-0.2634000000000005,261.06372245200004,2,4,Oc1cccc2ccc[nH+]c12.OC(=O)C=CC(=O)[O-]
RATBEW12,-0.2634000000000005,261.06372245200004,2,4,Oc1cccc2ccc[nH+]c12.OC(=O)C=CC(=O)[O-]
RATBEW13,-0.2634000000000005,261.06372245200004,2,4,Oc1cccc2ccc[nH+]c12.OC(=O)C=CC(=O)[O-]
RATBEW14,-0.2634000000000005,261.06372245200004,2,4,Oc1cccc2ccc[nH+]c12.OC(=O)C=CC(=O)[O-]
RATBEW15,-0.2634000000000005,261.06372245200004,2,4,Oc1cccc2ccc[nH+]c12.OC(=O)C=CC(=O)[O-]
RATBEW16,-0.2634000000000005,261.06372245200004,2,4,Oc1cccc2ccc[nH+]c12.OC(=O)C=CC(=O)[O-]
RATBEW17,-0.2634000000000005,261.06372245200004,2,4,Oc1cccc2ccc[nH+]c12.OC(=O)C=CC(=O)[O-]
RATBEW18,-0.2634000000000005,261.06372245200004,2,4,Oc1cccc2ccc[nH+]c12.OC(=O)C=CC(=O)[O-]
RATBEW19,-0.2634000000000005,261.06372245200004,2,4,Oc1cccc2ccc[nH+]c12.OC(=O)C=CC(=O)[O-]
RATBEW20,-0.26340000000000025,261.06372245200004,2,4,OC(=O)C=CC(=O)[O-].Oc1cccc2ccc[nH+]c12
RATBEW21,-0.26340000000000025,261.06372245200004,2,4,OC(=O)C=CC(=O)[O-].Oc1cccc2ccc[nH+]c12
RATBEW22,-0.26340000000000025,261.06372245200004,2,4,OC(=O)C=CC(=O)[O-].Oc1cccc2ccc[nH+]c12
RATBEW23,-0.26340000000000025,261.06372245200004,2,4,OC(=O)C=CC(=O)[O-].Oc1cccc2ccc[nH+]c12
RATBEW24,-0.26340000000000025,261.06372245200004,2,4,OC(=O)C=CC(=O)[O-].Oc1cccc2ccc[nH+]c12
RATBEW25,-0.26340000000000025,261.06372245200004,2,4,OC(=O)C=CC(=O)[O-].Oc1cccc2ccc[nH+]c12
RATBEW26,-0.26340000000000025,261.06372245200004,2,4,OC(=O)C=CC(=O)[O-].Oc1cccc2ccc[nH+]c12
RATBEW27,-0.26340000000000025,261.06372245200004,2,4,OC(=O)C=CC(=O)[O-].Oc1cccc2ccc[nH+]c12
RATBEW28,-0.26340000000000025,261.06372245200004,2,4,OC(=O)C=CC(=O)[O-].Oc1cccc2ccc[nH+]c12
RATBEW29,-0.26340000000000025,261.06372245200004,2,4,OC(=O)C=CC(=O)[O-].Oc1cccc2ccc[nH+]c12
RATBEW30,-0.26340000000000025,261.06372245200004,2,4,OC(=O)C=CC(=O)[O-].Oc1cccc2ccc[nH+]c12
RATBEW31,-0.26340000000000025,261.06372245200004,2,4,OC(=O)C=CC(=O)[O-].Oc1cccc2ccc[nH+]c12
RATBEW32,-0.26340000000000025,261.06372245200004,2,4,OC(=O)C=CC(=O)[O-].Oc1cccc2ccc[nH+]c12
RATBEW33,-0.26340000000000025,261.06372245200004,2,4,OC(=O)C=CC(=O)[O-].Oc1cccc2ccc[nH+]c12
RAVPUB,3.3135400000000015,487.15572175200003,3,9,Cc1nc(NC2=NC=C(S2)C(=O)Nc2c(C)cccc2Cl)cc(n1)N1CCN(CCO)CC1
RAVQIO,0.4376000000000007,353.13353332799994,2,9,COc1cc(Cc2c[nH+]c(N)nc2N)cc(OC)c1OC.O=N(=O)[O-]
RAWBAS,-3.6561000000000003,208.066850736,4,4,O=N(=O)[N-]N(=O)=O.NC(N)=[N+]=C(N)N
RAWBAS01,-3.9229000000000003,208.066850736,4,4,O=N(=O)[N-]N(=O)=O.NC(N)=NC(N)=[NH2+]
RAWBAS02,-3.9229000000000003,208.066850736,4,4,O=N(=O)[N-]N(=O)=O.NC(N)=NC(N)=[NH2+]
RAWBAS03,-3.9229000000000003,208.066850736,4,4,O=N(=O)[N-]N(=O)=O.NC(N)=NC(N)=[NH2+]
RAWBAS04,-3.9229000000000003,208.066850736,4,4,O=N(=O)[N-]N(=O)=O.NC(N)=NC(N)=[NH2+]
RAWBAS05,-3.9229000000000003,208.066850736,4,4,O=N(=O)[N-]N(=O)=O.NC(N)=NC(N)=[NH2+]
RAWBAS06,-3.9229000000000003,208.066850736,4,4,O=N(=O)[N-]N(=O)=O.NC(N)=NC(N)=[NH2+]
RAWCOH,2.2292000000000005,358.1463469440001,2,7,Oc1ccc(Sc2ccc(O)cc2)cc1.C1N2CN3CN1CN(C2)C3
RAWCUN,0.9108,390.1361761840001,2,8,Oc1ccc(cc1)S(=O)(=O)c1ccc(O)cc1.C1N2CN3CN1CN(C2)C3
RAWDAU,2.4039,368.22122613600004,2,6,CC(C)(c1ccc(O)cc1)c1ccc(O)cc1.C1N2CN3CN1CN(C2)C3
RAXYAT,4.735600000000003,440.15476362400005,4,6,Oc1cc(F)c(O)cc1F.Oc1ccc(O)cc1.C(Cc1ccncc1)c1ccncc1
RAYZEZ,0.7062999999999999,142.06299418,3,3,Oc1ccc(O)cc1.CO
RAYZEZ01,0.7062999999999999,142.06299418,3,3,Oc1ccc(O)cc1.CO
RAYZEZ02,0.7062999999999999,142.06299418,3,3,Oc1ccc(O)cc1.CO
RAYZEZ03,0.7062999999999999,142.06299418,3,3,Oc1ccc(O)cc1.CO
RAYZEZ04,1.2688,147.10211934,3,3,Oc1ccc(O)cc1.CO.[H].[H].[H].[H].[H]
RAZPUE,-1.9187999999999967,273.06709358000006,4,5,[NH3+]C(CS)C(=O)[O-].OC(C(O)=O)c1ccccc1
RBDOCH,-0.6774999999999974,494.20718915199996,2,4,[Rb+].CC(CCC(=O)[O-])C1CCC2C3CCC4CC(O)CCC4(C)C3CC(O)C12C.O
RBHCIT,-5.579199999999998,275.93096730400003,3,5,OC(=O)CC(O)(CC(O)=O)C(=O)[O-].[Rb+]
RBHCIT03,-5.579199999999998,275.93096730400003,3,5,[Rb+].OC(=O)CC(O)(CC(O)=O)C(=O)[O-]
RBHCIT06,-5.579199999999998,275.93096730400003,3,5,OC(=O)CC(O)(CC(O)=O)C(=O)[O-].[Rb+]
REBXON,1.8190999999999997,311.090605896,3,5,NC(=O)c1cnccn1.OC(=O)c1ccc2ccccc2c1O
REBXUT,1.4415999999999998,284.090940244,3,4,NC(=O)c1cnccn1.OC(=O)C1=Cc2ccccc2N1
RECJOC,1.4329199999999997,355.10692465600005,2,6,CC(=O)Nc1ccc(O)cc1.N#CC(C#N)=C1C=CC(C=C1)=C(C#N)C#N
RECKUJ,-1.284999999999997,375.16818752,4,6,[NH3+]C(CO)(CO)CO.CC(C(=O)[O-])c1cccc(c1)C(=O)c1ccccc1
REHNAT,2.27112,288.064725496,2,6,N#Cc1cc(C#N)c(cc1C#N)C#N.Oc1ccc(O)cc1
REHNAT01,2.27112,288.064725496,2,6,Oc1ccc(O)cc1.N#Cc1cc(C#N)c(cc1C#N)C#N
REHSAA,2.274600000000001,303.110672644,3,4,CCOc1ccccc1C(N)=O.OC(=O)c1ccccc1O
REHSOO,3.335400000000001,467.205635648,4,6,CCOc1ccccc1C(N)=O.CCOc1ccccc1C(N)=O.Nc1ccc(cc1)C(O)=O
RELJEB,1.2993999999999994,402.1903199319999,0,8,CCN1C(=O)N(CC)C2=C(N(C)C(=N2)C=Cc2ccc(OC)c(OC)c2)C1=O.O
RELJUR,2.1240999999999994,384.17975524799994,0,8,CCN1C(=O)N(CC)C2=C(N(C)C(=N2)C=Cc2ccc(OC)c(OC)c2)C1=O
RENBAN,-3.3099999999999996,191.042987008,3,4,[NH3+]CC(O)=O.OC(=O)C=CC(=O)[O-]
REPFUN,-2.3142999999999923,446.13590141199995,4,6,O=S(=O)([O-])[O-].O.[NH3+]C(Cc1ccccc1)C(O)=O.[NH3+]C(Cc1ccccc1)C(O)=O
RERNIO,2.1521999999999997,358.09133416799995,2,6,COC(=O)NC1=[NH+]c2cc(ccc2N1)C(=O)c1ccccc1.O=N(=O)[O-]
RERNOU,-4.342099999999998,374.045624164,4,8,O=S(=O)([O-])[O-].NC1=[NH+]C(=O)NC=C1F.NC1=[NH+]C(=O)NC=C1F.O
RERNUA,-1.9282999999999995,225.021954956,2,5,CS(=O)(=O)[O-].NC1=[NH+]C(=O)NC=C1F
RESGAY,1.63424,225.10010796,2,3,Cc1ccnc(C)c1.OC(=O)CCC(O)=O
RESGIG,1.63424,225.10010796,2,3,Cc1ccc(C)nc1.OC(=O)CCC(O)=O
RESGOM,3.3326800000000008,332.17360724799994,2,4,Cc1cccc(C)n1.Cc1cccc(C)n1.OC(=O)CCC(O)=O
RESHAZ,1.63424,225.10010796,2,3,Cc1ccncc1C.OC(=O)CCC(O)=O
RESHIH,1.63424,225.10010796,2,3,Cc1cncc(C)c1.OC(=O)CCC(O)=O
RESNEI,-1.7445999999999973,359.03842732400005,4,2,O[Se](=O)[O-].O.[NH2+]=C(Nc1ccccc1)Nc1ccccc1
RESORA,1.0977999999999999,110.036779432,2,2,Oc1cccc(O)c1
RESORA03,1.0977999999999999,110.036779432,2,2,Oc1cccc(O)c1
RESORA13,1.0977999999999999,110.036779432,2,2,Oc1cccc(O)c1
RESORA15,2.1955999999999998,220.073558864,4,4,Oc1cccc(O)c1.Oc1cccc(O)c1
RESORA16,1.0977999999999999,110.036779432,2,2,Oc1cccc(O)c1
RESORA17,1.0977999999999999,110.036779432,2,2,Oc1cccc(O)c1
RESORA18,1.0977999999999999,110.036779432,2,2,Oc1cccc(O)c1
RESORA19,1.0977999999999999,110.036779432,2,2,Oc1cccc(O)c1
RESORA20,1.0977999999999999,110.036779432,2,2,Oc1cccc(O)c1
RESORA21,1.0977999999999999,110.036779432,2,2,Oc1cccc(O)c1
RESORA22,1.0977999999999999,110.036779432,2,2,Oc1cccc(O)c1
RESORA23,1.0977999999999999,110.036779432,2,2,Oc1cccc(O)c1
RESORA24,1.0977999999999999,110.036779432,2,2,Oc1cccc(O)c1
RESORA25,1.0977999999999999,110.036779432,2,2,Oc1cccc(O)c1
RESORA26,1.0977999999999999,110.036779432,2,2,Oc1cccc(O)c1
RESORA27,2.1955999999999998,220.073558864,4,4,Oc1cccc(O)c1.Oc1cccc(O)c1
RESORA28,2.1955999999999998,220.073558864,4,4,Oc1cccc(O)c1.Oc1cccc(O)c1
RESORA29,2.1955999999999998,220.073558864,4,4,Oc1cccc(O)c1.Oc1cccc(O)c1
RESORA30,2.1955999999999998,220.073558864,4,4,Oc1cccc(O)c1.Oc1cccc(O)c1
RESORA31,2.1955999999999998,220.073558864,4,4,Oc1cccc(O)c1.Oc1cccc(O)c1
RESORA32,2.1955999999999998,220.073558864,4,4,Oc1cccc(O)c1.Oc1cccc(O)c1
RESORA33,2.1955999999999998,220.073558864,4,4,Oc1cccc(O)c1.Oc1cccc(O)c1
RESORA34,2.1955999999999998,220.073558864,4,4,Oc1cccc(O)c1.Oc1cccc(O)c1
RESZEY,-3.6279999999999974,232.097168496,3,5,NC1=NC(=O)NC=C1F.C[NH+](C)CC(=O)[O-]
RETNEM,1.8261999999999987,410.08001248,3,4,OC(=O)Cc1ccccc1Nc1c(Cl)cccc1Cl.O=C([O-])C1[NH2+]CCC1
RETNEM01,1.8261999999999987,410.08001248,3,4,OC(=O)Cc1ccccc1Nc1c(Cl)cccc1Cl.O=C([O-])C1[NH2+]CCC1
RETZEW,1.63424,225.10010796,2,3,OC(=O)CCC(O)=O.Cc1cccnc1C
REWBOL,0.2460000000000001,109.06399722399999,2,3,Nc1ccncc1N
REYDUU,0.6269999999999996,337.06584769200003,2,8,O=N(=O)c1cc(c([O-])c(c1)N(=O)=O)N(=O)=O.[NH3+]c1ccc(N)cc1
REYKEM,0.915999999999999,391.11279788400003,1,8,O=N(=O)c1cc(c([O-])c(c1)N(=O)=O)N(=O)=O.C[NH+]1CCCC1c1cccnc1
REZKUG,-7.5865,499.26281432808986,2,6,C1COCCOCCOCCOCCOCCO1.[NH3+]c1ccc([NH3+])cc1.O.O.O.O.O.[Cl-]
REZKUG01,-7.586500000000005,499.26281432808986,2,6,C1COCCOCCOCCOCCOCCO1.[NH3+]c1ccc([NH3+])cc1.[Cl-].O.O.O.O.O
RHGLYL,-6.204099999999999,235.93605268400003,3,5,OCC(O)=O.OCC(=O)[O-].[Rb+]
RIBLET,-0.37809999999999827,304.14230712,3,4,O=C([O-])c1ccccc1.OC(=O)c1ccccc1.[NH3+]CCN
RIBLET01,-2.429599999999998,304.14230712000005,2,4,O=C([O-])c1ccccc1.O=C([O-])c1ccccc1.[NH3+]CC[NH3+]
RIBWAB,-1.3024000000000004,235.02457367000002,4,3,[NH3+]c1ccc(cc1)C(O)=O.OP(O)(=O)[O-]
RICDOX,-0.7371999999999996,235.015058008,3,4,OS(=O)(=O)[O-].[NH3+]c1ccc(cc1)C(O)=O
RIDRUV,-2.7970999999999986,202.958190532,1,1,[Br-].OC(=O)c1c[nH+]ccc1
RIDSEG,-2.7970999999999986,250.944326432,1,1,[I-].OC(=O)c1c[nH+]ccc1
RIFDUJ,-1.351299999999998,441.16483345599994,3,9,CCN1C=C(C(O)=O)C(=O)c2cnc(nc12)N1CC[NH2+]CC1.Oc1ccccc1C(=O)[O-]
RIFDUJ01,-1.351299999999998,441.16483345599994,3,9,CCN1C=C(C(O)=O)C(=O)c2cnc(nc12)N1CC[NH2+]CC1.Oc1ccccc1C(=O)[O-]
RIGDIW02,-3.535599999999998,341.09714782,4,9,NC1=NC2=C([NH+]=CN2COCCO)C(=O)N1.OC(=O)C=CC(=O)[O-]
RIGMEA,-0.1777999999999994,425.16991883599997,3,6,NC1=[NH+]C=NC2=C1N=CN2.O=C([O-])Cc1ccccc1.OC(=O)Cc1ccccc1.O
RIGMIE,-3.0934,269.076018452,3,6,Nc1[nH+]cnc2NC=Nc12.OC(=O)C=CC(=O)[O-].O
RIGPAZ,3.6095000000000024,365.210327104,2,3,CN(C)CCC1=CNc2ccc(CC3COC(=O)N3)cc12.c1ccccc1
RIGTEI,3.7509000000000046,444.13213636000006,3,8,Oc1ccc2c(Oc3cc(O)ccc3C32OC(=O)c2ccccc32)c1.c1cnccn1.CO
RIGTUY,4.142400000000004,412.1059216120001,2,7,Oc1ccc2c(Oc3cc(O)ccc3C32OC(=O)c2ccccc32)c1.c1cnccn1
RIGYEM,-1.0449999999999988,258.078661308,1,6,CS(C)=O.CN1C(=O)N(C)C2=C(NC=N2)C1=O
RIGYEN,-5.679499999999997,359.05825995991006,1,9,[OH2][Mg]12([OH2])(OC(=O)CC(=O)[O-]1)OC(=O)CC(=O)[O-]2.Nc1cc[nH+]cc1
RIJFOJ,-2.7346999999999957,350.151157552,3,5,CC(CS)C(=O)N1CCCC1C(O)=O.O=C([O-])C1[NH2+]CCC1.O
RIKBIW,-11.34420000000001,332.22600220417996,4,4,O=C([O-])CC(=O)[O-].O.O.[NH2+]1CC[NH2+]CC1.[NH2+]1CC[NH2+]CC1.O
RIKBOC,-5.996899999999998,190.095356928,2,4,O=C([O-])CC(=O)[O-].[NH2+]1CC[NH2+]CC1
RILJEB,2.144,275.090605896,3,5,Nc1ccc(cc1)C(O)=O.Nc1ccc(cc1)N(=O)=O
RILJOL,2.1889000000000003,318.08518616799995,3,5,Nc1ccc(cc1)C(O)=O.OC(=O)Cc1ccc(cc1)N(=O)=O
RIPVIY,-0.9064000000000003,294.08632904,4,4,FC1=CNC(=O)NC1=O.O.OC(=O)CCCCC(O)=O
RIPVOE,-1.6866000000000003,266.055028912,4,4,FC1=CNC(=O)NC1=O.OC(=O)CCC(O)=O.O
RIPYAT,-0.29050000000000015,265.06987045200003,4,5,Nc1ccc(cc1)C(O)=O.O=C1CC(=O)NC(=O)N1
RIPYAT01,-0.29050000000000004,265.06987045200003,4,5,O=C1CC(=O)NC(=O)N1.Nc1ccc(cc1)C(O)=O
RIPYEX,0.3386199999999998,263.090605896,4,4,Nc1ccc(cc1)C(O)=O.CC1=CC(=O)NC(=O)N1
RIPYIB,0.7094200000000002,274.131742436,2,4,CCc1[nH+]c(C)ccc1O.Nc1ccc(cc1)C(=O)[O-]
RIQHOP,-7.937800000000013,341.20520718418004,4,5,O=C([O-])c1cncc(c1)C(=O)[O-].[NH2+]1CC[NH2+]CC1.[NH2+]1CC[NH2+]CC1
RIQXIB,-0.6656999999999993,369.15328696009004,3,4,FC(F)(F)c1cccc(Nc2ncccc2C(=O)[O-])c1.[NH2+]1CC[NH2+]CC1
RIRPEN,1.7527999999999997,252.002719496,0,4,[O-][n+]1ccccc1SSc1cccc[n+]1[O-]
RIRPEN01,1.7527999999999997,252.002719496,0,4,[O-][n+]1ccccc1SSc1cccc[n+]1[O-]
RIRPEN02,1.7527999999999997,252.002719496,0,4,[O-][n+]1ccccc1SSc1cccc[n+]1[O-]
RIRPEN03,1.7527999999999997,252.002719496,0,4,[O-][n+]1ccccc1SSc1cccc[n+]1[O-]
RIRPIR,1.2767199999999996,466.05179492800005,0,8,[O-][n+]1ccccc1SSc1cccc[n+]1[O-].O.O.N#Cc1cc(C#N)c(cc1C#N)C#N
RIRWEY,-1.0307999999999977,410.1972965759099,1,4,C[NH+](C)CCC=C1c2ccccc2CCc2ccccc12.O=C([O-])C=CC(=O)[O-].O
RISPAO,-4.876499999999998,254.08051803209,3,5,O=C([O-])CC1SC(=O)NC1=O.[NH3+]CC[NH3+].O
RIVVEA,-0.9016999999999991,261.074955832,2,5,O=C([O-])c1cnccn1.[NH3+]c1ccc(cc1)C(O)=O
RIVVEA01,-0.9016999999999991,261.074955832,2,5,O=C([O-])c1cnccn1.[NH3+]c1ccc(cc1)C(O)=O
RIWKOX,-2.5627999999999957,367.07830566399997,2,3,[Br-].COc1ccc2C[NH+](C)CCC34C=CC(O)CC3Oc1c24
RIWKOX01,-2.5627999999999957,367.07830566399997,2,3,[Br-].COc1ccc2C[NH+](C)CCC34C=CC(O)CC3Oc1c24
RIXVAZ,-1.6651999999999985,203.115758024,2,3,OC(=O)CCC(=O)[O-].[NH2+]1CCCCC1
RIZBUY,0.023619999999999863,245.11642672,2,4,Nc1ccc(cc1)C(=O)[O-].Cc1cc[nH+]c(N)c1
RIZBUY01,0.023619999999999863,245.11642672,2,4,Nc1ccc(cc1)C(=O)[O-].Cc1cc[nH+]c(N)c1
RIZXAZ,3.576200000000002,494.21653467999994,4,6,O=C(Nc1ccccn1)C12CC3CC(C1)CC(C3)(C2)C(=O)Nc1ccccn1.OC(=O)CCC(O)=O
ROBCOD,-0.07759999999999656,462.171994716,2,2,CN(C)C(=O)NC1CCC(CC[NH+]2CCN(CC2)c2cccc(Cl)c2Cl)CC1.[Cl-]
ROBFAS,1.1222,392.1251328319999,3,6,CCc1[nH+]c(N)nc(N)c1c1ccc(Cl)cc1.C=CC(=O)[O-].OC(=O)C=C
ROBXAK,0.716839999999999,249.032334016,1,2,ClC(Cl)C(=O)[O-].[NH3+]c1c(C)cccc1C
ROBXAL,-2.8657999999999975,376.15752246409005,4,9,O=N(=O)c1cc(c([O-])c(c1)N(=O)=O)N(=O)=O.[NH3+]CCNCCNCC[NH3+]
ROCPOR,2.795020000000001,426.09326581600004,2,7,CC1=NNC(S1)=NS(=O)(=O)c1ccc(N)cc1.c1ccc(nc1)c1ccccn1
RODSEK,0.403200000000001,319.141972772,2,4,COc1ccc2cc(ccc2c1)C(C)C(O)=O.[NH3+]C(C)C(=O)[O-]
RODSIO,0.403200000000001,319.141972772,2,4,COc1ccc2cc(ccc2c1)C(C)C(O)=O.[NH3+]C(C)C(=O)[O-]
RODSOU,1.2825999999999993,452.19473661599994,3,4,[NH3+]C(CC1=CNc2ccccc12)C(=O)[O-].COc1ccc2cc(ccc2c1)C(C)C(O)=O.O
RODSUA,1.3315999999999995,411.16818751999995,3,5,COc1ccc2cc(ccc2c1)C(C)C(O)=O.[NH3+]C(Cc1ccc(O)cc1)C(=O)[O-]
ROFCEV,1.3341999999999998,428.096813472,2,8,OC(=O)c1ccc(cc1)N(=O)=O.O=C([O-])c1ccc(cc1)N(=O)=O.Nc1cc[nH+]cc1
ROFFUR,3.0935000000000015,365.19507096399997,3,5,CC(C)=NNC(=O)c1ccncc1.OC(=O)CCCCCCCC(O)=O
ROFSAJ,-5.4426000000000005,172.09334025599998,4,4,NC(N)=NC(N)=[NH2+].n1nn[n-]n1
ROGPUZ,-3.9700799999999985,242.08947744391,2,8,Cc1[nH+]c(N)nc(N)n1.O=C([O-])CCC(=O)[O-]
ROHFED,1.7403,423.8793268599999,4,6,OC1=C(Br)C(=O)C(=C(Br)C1=O)O.O.Oc1ccc(O)cc1
ROHJAZ,1.2259999999999998,476.231122124,3,6,OC(C(=O)[O-])c1ccccc1.COc1ccc2nccc(C(O)C3CC4CC[NH+]3CC4C=C)c2c1
ROHJAZ01,1.2259999999999998,476.2311221239999,3,6,COc1ccc2nccc(C(O)C3CC4CC[NH+]3CC4C=C)c2c1.OC(C(=O)[O-])c1ccccc1
ROHKUU,-4.152699999999999,177.08698331609,3,3,OC(=O)C=CC(=O)[O-].[NH3+]CC[NH3+]
ROHKUU01,-4.152699999999999,177.08698331609,3,3,OC(=O)C=CC(=O)[O-].[NH3+]CC[NH3+]
ROHWIX,1.0343000000000004,318.205576072,4,4,COc1ccc2NC=C(CCNC(C)=O)c2c1.C1CNCCN1
ROHWIX01,1.0343000000000004,318.205576072,4,4,COc1ccc2NC=C(CCNC(C)=O)c2c1.C1CNCCN1
ROHWIX02,1.0343000000000004,318.205576072,4,4,COc1ccc2NC=C(CCNC(C)=O)c2c1.C1CNCCN1
ROKBOI,-1.803199999999996,360.14924296799995,4,8,O=N(=O)[O-].O=N(=O)[O-].[NH3+]C(C(C)C)C(O)=O.[NH3+]C(C(C)C)C(O)=O
ROKBOI01,-0.4531999999999999,372.2431433520003,4,8,O=N(=O)[O-].O=N(=O)[O-].[NH3+]C(C(C)C)C(O)=O.[NH3+]C(C(C)C)C(O)=O.[H].[H].[H].[H].[H].[H].[H].[H].[H].[H].[H].[H]
ROKNUB,2.3933999999999997,307.214743788,2,4,CC(C)NCC(O)COc1ccc(CCOCC2CC2)cc1
ROKNUB02,2.3933999999999997,307.214743788,2,4,CC(C)NCC(O)COc1ccc(CCOCC2CC2)cc1
ROKTIY,2.6051,313.04971539599995,2,6,Nc1nnc(c(N)n1)c1cccc(Cl)c1Cl.CC(C)=O
ROKTOE,2.784000000000001,375.1228803359999,4,7,Nc1nnc(c(N)n1)c1cccc(Cl)c1Cl.CC(C)O.CC(C)O
ROKVAS,2.3540000000000005,361.107230272,3,6,Nc1nnc(c(N)n1)c1cccc(Cl)c1Cl.O.CCCCCO
ROKVIA,2.5396800000000006,296.03439968,2,6,Nc1nnc(c(N)n1)c1cccc(Cl)c1Cl.CC#N
ROKVOG,2.0044999999999997,333.021786396,2,6,Nc1nnc(c(N)n1)c1cccc(Cl)c1Cl.CS(C)=O
ROKZEW,-6.242300000000007,430.114293376,3,7,O=[Cl](=O)(=O)[O-].[NH3+]C(Cc1ccccc1)C(=O)[O-].[NH3+]C(Cc1ccccc1)C(O)=O
ROLFUW,-0.4963799999999953,399.20525878800015,4,3,CCCCNC(=O)[N-]S(=O)(=O)c1ccc(C)cc1.CN(C)C(N)=NC(N)=[NH2+]
ROLJEK,-2.404499999999997,273.10004653609,2,3,Clc1ccc(OCC(=O)[O-])cc1.[NH2+]1CC[NH2+]CC1
ROLTUJ,-1.9390000000000012,268.060782988,3,6,NC1=[NH+]C(=O)NC=C1F.Oc1cccnc1C(=O)[O-]
ROMNIU,1.9624199999999998,355.11682064400003,2,6,CN1N(C(=O)C=C1C)c1ccccc1.OC(=O)c1cccc(n1)C(O)=O
ROMNOA,1.1377199999999996,373.127385328,2,6,CN1N(C(=O)C=C1C)c1ccccc1.OC(=O)c1cccc(n1)C(O)=O.O
RONBEE,3.1499400000000013,432.09259711999994,4,7,Cc1cc(C)nc(NS(=O)(=O)c2ccc(N)cc2)n1.OC(=O)c1ccccc1S
ROPDEJ,3.5642000000000027,403.1541804639999,4,7,Nc1nnc(c(N)n1)c1cccc(Cl)c1Cl.CC(C)(C)O.CC(C)(C)O
ROQJUE,-2.4247999999999967,239.06734503191,1,6,O=C([O-])CCC(=O)[O-].ON=Cc1cc[nH+]cc1
ROQLEQ,0.054500000000001436,302.14778642399995,3,4,CCC(N1CCCC1=O)C(N)=O.CC(CC(O)=O)C(O)=O
ROQLOA,4.299900000000003,460.29372237999985,4,4,CC1(O)CCC2C3CCC4CC5=NNC=C5CC4(C)C3CCC12C.CC(CC(O)=O)C(O)=O
ROQMAN,2.945900000000001,376.23620750399994,2,3,CCC(N1CCCC1=O)C(N)=O.CC(C)Cc1ccc(cc1)C(C)C(O)=O
RORQEU,2.6190000000000015,368.105833304,2,3,Clc1cccc(Cl)c1Nc1ccccc1CC(=O)[O-].CC[NH2+]CC
RORQEU01,2.6190000000000015,368.105833304,2,3,Clc1cccc(Cl)c1Nc1ccccc1CC(=O)[O-].CC[NH2+]CC
ROSJIV,1.064900000000001,434.1375273559999,2,4,Clc1cccc(Cl)c1Nc1ccccc1CC(=O)[O-].C[N+](C)(C)CCO.O.O
ROSTUQ,2.0809,393.0994563279999,4,6,CCNC(=O)c1cccc(c1)C(=O)NC1=NC=CS1.OC(=O)CCC(O)=O
ROTWAB,-5.130699999999999,150.10978442408998,2,4,N1=N[N-]N=N1.[NH3+]CC[NH3+].O
ROVSAY,1.6923,349.05461431199996,3,7,NC(=O)c1ccccc1O.OC(=O)c1cc(cc(c1)N(=O)=O)N(=O)=O
ROYWIN,-0.23225999999999591,352.19982199599997,3,4,OC(=O)CCC(=O)[O-].CC[NH+](CC)CC(=O)Nc1c(C)cccc1C
RSHMTA,0.07799999999999974,250.142975816,2,6,C1N2CN3CN1CN(C2)C3.Oc1cccc(O)c1
RSHMTA02,0.07799999999999974,250.142975816,2,6,C1N2CN3CN1CN(C2)C3.Oc1cccc(O)c1
RUBRAJ,-4.582199999999999,374.9511890278201,3,9,O=S(=O)([O-])c1cc(cc(c1)S(=O)(=O)[O-])S(=O)(=O)[O-].NC(N)=[NH2+]
RUDDIG,-3.1484999999999967,248.11396087591,2,5,[NH3+]CC(CC(C)C)CC(O)=O.O=C([O-])C(=O)[O-]
RUDDIG01,-3.1484999999999967,248.11396087591,2,5,[NH3+]CC(CC(C)C)CC(O)=O.O=C([O-])C(=O)[O-]
RUHWEZ,-0.8248999999999957,374.24381830409004,3,3,CCC1=C2NC3=C(CCOC3(CC)CC(=O)[O-])C2=CC=C1.[NH2+]1CC[NH2+]CC1
RUJPOF,-9.092100000000013,329.18298205600007,3,4,[Cl-].C[N+](C)(C)CC(=O)[O-].C[N+](C)(C)CC(=O)[O-].NC(N)=[NH2+]
RUJPUL,-9.587500000000013,344.1938810880001,4,5,[Cl-].C[N+](C)(C)CC(=O)[O-].C[N+](C)(C)CC(=O)[O-].NNC(N)=[NH2+]
RUJQAS,-2.8166199999999977,201.12257472,2,4,C[N+](C)(C)CC(=O)[O-].NC(N)=NC#N
RUKBOP,0.47669999999999996,345.157622836,2,5,Oc1ccc2CC3N(CCC45C(Oc1c24)C(=O)CCC35O)CC=C.O
RUKHAG,-0.5941000000000005,229.052112212,2,7,NC1=NC(=O)N(C=C1)C1CSC(CO)O1
RUKHAG02,-0.5941000000000005,229.052112212,2,7,NC1=NC(=O)N(C=C1)C1CSC(CO)O1
RUKHAG03,-0.5941000000000005,229.052112212,2,7,NC1=NC(=O)N(C=C1)C1CSC(CO)O1
RUKQOF,4.111320000000004,450.15710165600007,0,7,CC1CCN(CCN1C(=O)c1cc(C)ccc1N1N=CC=N1)C1=Nc2cc(Cl)ccc2O1
RUMDUC,1.4122000000000001,402.13597228800006,2,5,[Cl-].Cc1cc(C=CC#N)cc(C)c1Nc1cc[nH+]c(Nc2ccc(cc2)C#N)n1
RUMDUC01,1.4122000000000001,402.13597228800006,2,5,[Cl-].Cc1cc(C=CC#N)cc(C)c1Nc1cc[nH+]c(Nc2ccc(cc2)C#N)n1
RUMDUC02,1.4122000000000001,402.13597228800006,2,5,[Cl-].Cc1cc(C=CC#N)cc(C)c1Nc1cc[nH+]c(Nc2ccc(cc2)C#N)n1
RUMDUC03,1.4122000000000001,402.13597228800006,2,5,[Cl-].Cc1cc(C=CC#N)cc(C)c1Nc1cc[nH+]c(Nc2ccc(cc2)C#N)n1
RUMQEY,4.259600000000004,467.17424721200007,1,4,Clc1cccc(N2CCN(CCCCOc3ccc4CCC(=O)Nc4c3)CC2)c1Cl.O.[H].[H]
RUMQOI01,4.467800000000004,479.174247212,2,5,Clc1cccc(N2CCN(CCCCOc3ccc4CCC(=O)Nc4c3)CC2)c1Cl.CO
RUMQUO,4.467800000000004,479.174247212,2,5,Clc1cccc(N2CCN(CCCCOc3ccc4CCC(=O)Nc4c3)CC2)c1Cl.CO
RUMXUW,-5.0908999999999995,209.020333416,2,6,O=[Cl](=O)(=O)[O-].Nc1c[nH+]ccc1N
RUNQIA,3.124500000000002,414.20423867999995,0,6,COC(=O)C1CC2=CC(=O)CCC2(C)C23OC2CC2(C)C(CCC42CCC(=O)O4)C13
RUPYEJ,3.638200000000002,356.037564144,0,4,FS(F)(F)F.C1N2CN3CN1CN(C2)C3.FS(F)(F)F
RUPYIN,-2.9513999999999974,288.084336768,1,3,FS(F)(F)F.C1[NH+]2CN3CN1CN(C2)C3.[F-].F
RUPYUZ,-4.975399999999996,220.13110939199998,1,3,C1[NH+]2CN3CN1CN(C2)C3.F.F.[F-].F
RUQXIN,-5.050999999999997,328.10189885200003,3,7,Oc1cc([nH+]c(c1)C(=O)[O-])C(=O)[O-].O.O.Nc1c[nH+]ccc1N
RUSGOD,0.9325399999999998,259.120843404,2,3,Oc1ccccc1C(=O)[O-].[NH3+]c1cc(C)ccc1C
RUTGUK,2.0574,275.07937251600003,4,4,OC(=O)c1ccccc1O.Nc1ccccc1C(O)=O
RUTGUK01,0.013900000000000079,275.07937251600003,3,4,OC(=O)c1ccccc1O.[NH3+]c1ccccc1C(=O)[O-]
RUTHEV,0.0506999999999998,318.09641954800003,3,7,OC(=O)c1ccccc1O.CN1C=NC2=C1C(=O)NC(=O)N2C
RUTHEV01,0.050699999999999745,318.096419548,3,7,CN1C=NC2=C1C(=O)NC(=O)N2C.OC(=O)c1ccccc1O
RUTSUX,2.6512200000000004,266.116761068,1,4,Cc1ccnc2N(C3CC3)c3ncccc3C(=O)Nc12
RUVLIG,0.23019999999999924,262.046882512,4,6,Nc1cc(Cl)nc(N)n1.OC(=O)CCC(O)=O
RUVNOM,-2.112059999999997,364.22308286008996,3,3,Cc1cccc(Nc2ccccc2C(=O)[O-])c1C.[NH2+]1CC[NH2+]CC1.O.O
RUVVAF,3.0265000000000004,333.12257472,3,6,N1N=C(N=C1c1ccccn1)c1ccccn1.Oc1ccc(O)cc1
RUWFAR,-2.543199999999998,299.064116376,4,8,OCC(O)C1OC(=O)C(=C1O)O.O=C([O-])c1c[nH+]ccc1
RUWFAR01,-2.543199999999999,299.064116376,4,8,O=C([O-])c1c[nH+]ccc1.OCC(O)C1OC(=O)C(=C1O)O
RUWFEV,-2.9648999999999957,293.111066568,4,8,OCC(O)C1OC(=O)C(=C1O)O.C[N+](C)(C)CC(=O)[O-]
RUWFIZ,-0.9193999999999971,454.23151604799995,4,8,Oc1ccccc1O.Oc1ccccc1O.C[N+](C)(C)CC(=O)[O-].C[N+](C)(C)CC(=O)[O-]
RUWFOF,-1.0558999999999994,287.10050188400004,4,6,OC(=O)c1cc(O)c(O)c(O)c1.C[N+](C)(C)CC(=O)[O-]
RUWFUL,-0.9658999999999971,480.2471661119999,3,7,Oc1ccc(cc1)C=Cc1cc(O)cc(O)c1.C[N+](C)(C)CC(=O)[O-].C[N+](C)(C)CC(=O)[O-].O
RUWGAS,-5.169499999999993,474.11218876399994,4,8,OC(=O)CC(O)(CC(O)=O)C(O)=O.O=C([O-])c1cc[nH+]cc1.O=C([O-])c1cc[nH+]cc1.O.O
RUWHIB,1.3826999999999998,425.111066568,3,8,COc1ccc(cc1O)C1CC(=O)c2c(O)cc(O)cc2O1.O=C([O-])c1c[nH+]ccc1
RUWJOI,3.137900000000002,446.23179082000007,3,7,CC(c1ccc(O)cc1)(c1ccc(O)cc1)c1ccc(O)cc1.C1N2CN3CN1CN(C2)C3
RUXRUX,3.0356000000000005,250.044150556,2,2,OC(=O)c1cc(ccc1O)c1ccc(F)cc1F
RUXSAE,3.126500000000001,310.0652799239999,3,3,OC(=O)c1cc(ccc1O)c1ccc(F)cc1F.CC(O)=O
RUXVUD01,-1.7739000000000003,190.050218304,4,3,FC1=CNC(=O)NC1=O.NC(N)=O
RUYGIC,0.2343,360.01982610399995,4,8,CC(=O)NC1=NN=C(S1)S(N)(=O)=O.OC(=O)c1ccc(O)cc1
RUYGIC01,0.2342999999999999,360.01982610399995,4,8,OC(=O)c1ccc(O)cc1.CC(=O)NC1=NN=C(S1)S(N)(=O)=O
RUYGUO,-1.5002999999999993,362.04670954799997,3,8,CC(=O)NC1=NN=C(S1)S(N)(=O)=O.NC(=O)c1cccnc1.O
RUYGUO01,-1.5002999999999993,362.04670954799997,3,8,CC(=O)NC1=NN=C(S1)S(N)(=O)=O.NC(=O)c1cccnc1.O
RUYHEZ,1.2709000000000001,260.079706864,3,4,NC(=O)c1cccnc1.OC(=O)c1ccc(O)cc1
RUYHEZ01,1.2709,260.079706864,3,4,OC(=O)c1ccc(O)cc1.NC(=O)c1cccnc1
RUYSUZ,-1.2248,77.029920224,1,1,[NH3+]CC[S-]
RUYXAM,4.029900000000003,344.173607248,2,4,OC(=O)CCCCCCCC(O)=O.c1cc(ccn1)c1ccncc1
RUYXEQ,-3.6562999999999963,274.189257312,2,4,O=C([O-])CCCCCCCC(=O)[O-].[NH2+]1CC[NH2+]CC1
RUYXUG,-1.7831999999999992,369.12844794800003,4,9,ON=Cc1cccc(O)c1O.O.O.CN1C(=O)N(C)C2=C(NC=N2)C1=O
RUYYER,1.3337000000000006,327.16952491200004,2,7,C1N2CN3CN1CN(C2)C3.ON=Cc1c(O)ccc2ccccc12
RUYYIV,1.3241999999999994,381.143704088,2,9,ON=Cc1c(O)ccc2ccccc12.CN1C=NC2=C1C(=O)N(C)C(=O)N2C
RUYYOB,4.255500000000003,360.099773612,2,4,CC1=CC(=O)c2ccccc2C1=O.OC(=O)c1ccc2ccccc2c1O
RUYZAO,3.179920000000002,436.1205261199999,2,7,Cc1ccnc(NS(=O)(=O)c2ccc(N)cc2)n1.CC1=CC(=O)c2ccccc2C1=O
SABDOQ,2.8612400000000004,400.12052611999997,3,6,Cc1cc(C)nc(NS(=O)(=O)c2ccc(N)cc2)n1.OC(=O)c1ccccc1
SABDOQ01,2.8612400000000004,400.12052611999997,3,6,Cc1cc(C)nc(NS(=O)(=O)c2ccc(N)cc2)n1.OC(=O)c1ccccc1
SACKOA,1.8151000000000002,440.1769783759999,2,5,C1CC2CC[NH+]1CC2CN1c2ccccc2Sc2ccccc12.OC(=O)CCC(=O)[O-]
SACLER,0.1657000000000005,476.19810774399986,2,5,C1CC2CC[NH+]1CC2CN1c2ccccc2Sc2ccccc12.OC(=O)CCC(=O)[O-].O.O
SACWAY,1.7815999999999999,362.20932406,3,5,CC12CCC(=O)C=C1CCC1C3CCC(O)(C(=O)CO)C3(C)CC(O)C21
SACWAY01,1.7815999999999999,362.20932406,3,5,CC12CCC(=O)C=C1CCC1C3CCC(O)(C(=O)CO)C3(C)CC(O)C21
SACWIG,1.7815999999999999,362.20932406,3,5,CC12CCC(=O)C=C1CCC1C3CCC(O)(C(=O)CO)C3(C)CC(O)C21
SADYII,0.30539999999999967,284.93624071200003,1,3,ClC(Cl)(Cl)C(=O)[O-].OC(=O)c1c[nH+]ccc1
SAFQIB,-5.151699999999998,255.092731136,4,6,CN(C)C(=[NH2+])NC(N)=[NH2+].O=N(=O)[O-].O=N(=O)[O-]
SAFXAA,-3.7574,235.066757144,4,5,[NH3+]C(CO)(CO)CO.FC(F)(F)C(=O)[O-]
SAGQEW,3.4532000000000016,369.13247070799997,3,5,COC(=O)NC1=Nc2ccc(cc2N1)C(=O)c1ccccc1.CCC(O)=O
SAHCUE,-2.8409999999999966,300.14336973999997,3,5,NC(=O)CN1CCCC1=O.NC(=O)CN1CC(O)CC1=O
SAHDEM,-4.197299999999998,300.13213636,2,6,CC(Oc1ccc(OCC(=O)[O-])cc1)C(=O)[O-].[NH3+]CC[NH3+]
SAHFAN,-0.9059000000000004,142.07422756,1,2,NC(=O)CN1CCCC1=O
SAHFAN02,-0.9059000000000004,142.07422756,1,2,NC(=O)CN1CCCC1=O
SAHSOJ,-4.155099999999997,317.10454170800006,3,5,CC(O)C1C2CC(=C(N2C1=O)C(=O)[O-])SCCNC=[NH2+].O
SAHSOJ01,-4.155099999999997,317.10454170800006,3,5,CC(O)C1C2CC(=C(N2C1=O)C(=O)[O-])SCCNC=[NH2+].O
SAHSOJ02,-4.155099999999997,317.10454170800006,3,5,CC(O)C1C2CC(=C(N2C1=O)C(=O)[O-])SCCNC=[NH2+].O
SAHSOJ03,-4.155099999999997,317.10454170800006,3,5,CC(O)C1C2CC(=C(N2C1=O)C(=O)[O-])SCCNC=[NH2+].O
SAHSOJ04,-4.155099999999997,317.10454170800006,3,5,CC(O)C1C2CC(=C(N2C1=O)C(=O)[O-])SCCNC=[NH2+].O
SAHSOJ05,-4.155099999999997,317.10454170800006,3,5,CC(O)C1C2CC(=C(N2C1=O)C(=O)[O-])SCCNC=[NH2+].O
SAHSOJ06,-4.155099999999997,317.10454170800006,3,5,CC(O)C1C2CC(=C(N2C1=O)C(=O)[O-])SCCNC=[NH2+].O
SAHSOJ07,-4.155099999999997,317.10454170800006,3,5,CC(O)C1C2CC(=C(N2C1=O)C(=O)[O-])SCCNC=[NH2+].O
SAHSOJ08,-4.155099999999997,317.10454170800006,3,5,CC(O)C1C2CC(=C(N2C1=O)C(=O)[O-])SCCNC=[NH2+].O
SAHSOJ09,-4.155099999999997,317.10454170800006,3,5,CC(O)C1C2CC(=C(N2C1=O)C(=O)[O-])SCCNC=[NH2+].O
SAHSOJ10,-4.155099999999997,317.10454170800006,3,5,CC(O)C1C2CC(=C(N2C1=O)C(=O)[O-])SCCNC=[NH2+].O
SAHSOJ11,-4.155099999999997,317.10454170800006,3,5,CC(O)C1C2CC(=C(N2C1=O)C(=O)[O-])SCCNC=[NH2+].O
SAJFIT,3.7107000000000023,373.10625596,3,6,OC(=O)c1ccc(cc1)N1N=C(N=C1c1ccccc1O)c1ccccc1O
SAJFIT01,3.7107000000000023,373.10625596,3,6,OC(=O)c1ccc(cc1)N1N=C(N=C1c1ccccc1O)c1ccccc1O
SAJFIT02,3.7107000000000023,373.10625596,3,6,OC(=O)c1ccc(cc1)N1N=C(N=C1c1ccccc1O)c1ccccc1O
SAJNOG,2.1596199999999994,370.1873660480899,3,7,COc1cc(NCc2ccc3[nH+]c(N)nc(N)c3c2C)cc(OC)c1OC
SAJNUM,2.740520000000001,369.18008959599996,3,8,COc1cc(NCc2ccc3nc(N)nc(N)c3c2C)cc(OC)c1OC
SALBUT01,-1.0581999999999987,336.1122466239099,4,7,CC(C)(C)[NH2+]CC(O)c1ccc(O)c(CO)c1.O=S(=O)([O-])[O-]
SALHIW,-4.9374,317.11929229591004,1,1,[Cl-].[Cl-].[NH3+]CC1CC1(C(=O)N(CC)CC)c1ccccc1
SALIAC,1.0903999999999998,138.031694052,2,2,OC(=O)c1ccccc1O
SALIAC01,1.0903999999999998,138.031694052,2,2,OC(=O)c1ccccc1O
SALIAC03,1.0903999999999998,138.031694052,2,2,OC(=O)c1ccccc1O
SALIAC12,1.0903999999999998,138.031694052,2,2,OC(=O)c1ccccc1O
SALIAC15,1.0903999999999998,138.031694052,2,2,OC(=O)c1ccccc1O
SALIAC16,1.0903999999999998,138.031694052,2,2,OC(=O)c1ccccc1O
SALIAC17,1.0903999999999998,138.031694052,2,2,OC(=O)c1ccccc1O
SALIAC18,1.0903999999999998,138.031694052,2,2,OC(=O)c1ccccc1O
SALIAC19,1.0903999999999998,138.031694052,2,2,OC(=O)c1ccccc1O
SALIAC20,1.0903999999999998,138.031694052,2,2,OC(=O)c1ccccc1O
SALIAC21,1.0903999999999998,138.031694052,2,2,OC(=O)c1ccccc1O
SALIAC22,1.0903999999999998,138.031694052,2,2,OC(=O)c1ccccc1O
SALIAC23,1.0903999999999998,138.031694052,2,2,OC(=O)c1ccccc1O
SALIAC24,1.0903999999999998,138.031694052,2,2,OC(=O)c1ccccc1O
SALIAC25,1.0903999999999998,138.031694052,2,2,OC(=O)c1ccccc1O
SALIAC26,1.0903999999999998,138.031694052,2,2,OC(=O)c1ccccc1O
SALIAC27,1.0903999999999998,138.031694052,2,2,OC(=O)c1ccccc1O
SALIAC28,1.0903999999999998,138.031694052,2,2,OC(=O)c1ccccc1O
SALIAC29,1.0903999999999998,138.031694052,2,2,OC(=O)c1ccccc1O
SALMID,0.49110000000000004,137.047678464,2,2,NC(=O)c1ccccc1O
SALMID01,0.49110000000000004,137.047678464,2,2,NC(=O)c1ccccc1O
SALMID02,0.49110000000000004,137.047678464,2,2,NC(=O)c1ccccc1O
SALMID03,0.49110000000000004,137.047678464,2,2,NC(=O)c1ccccc1O
SALMID04,0.49110000000000004,137.047678464,2,2,NC(=O)c1ccccc1O
SALMID05,0.49110000000000004,137.047678464,2,2,NC(=O)c1ccccc1O
SALMID06,0.49110000000000004,137.047678464,2,2,NC(=O)c1ccccc1O
SALMID07,0.49110000000000004,137.047678464,2,2,NC(=O)c1ccccc1O
SALMID08,0.49110000000000004,137.047678464,2,2,NC(=O)c1ccccc1O
SAMPYM01,0.8681999999999999,280.063011244,2,6,COc1cnc(NS(=O)(=O)c2ccc(N)cc2)nc1
SAMPYM03,0.8681999999999999,280.063011244,2,6,COc1cnc(NS(=O)(=O)c2ccc(N)cc2)nc1
SANAPY,1.4006199999999998,360.1256115,2,6,Nc1ccc(cc1)S(N)(=O)=O.CN1N(C(=O)C=C1C)c1ccccc1
SANBER,0.8955200000000001,266.07028505200003,3,3,FC1=CNC(=O)NC1=O.Cc1ccc(cc1)C(O)=O
SANBIV,0.49529999999999974,297.039713196,3,5,OC(=O)c1cccc(c1)N(=O)=O.FC1=CNC(=O)NC1=O
SANQUU,-0.8533999999999979,301.10625596000006,4,3,OC(=O)C(=O)[O-].[NH2+]=C(Nc1ccccc1)Nc1ccccc1
SANRAD,1.5275999999999998,254.105527688,2,3,NC(=O)Cc1cccc(c1N)C(=O)c1ccccc1
SAQHOH,-4.144699999999994,380.06978702799995,2,6,O[Se](=O)(=O)[O-].C[N+](C)(C)CC(=O)[O-].C[N+](C)(C)CC(O)=O
SAQJAV,-1.3709000000000005,153.042593084,2,3,[NH3+]c1ccc(O)c(c1)C(=O)[O-]
SAQJAV01,-1.3709000000000005,153.042593084,2,3,[NH3+]c1ccc(O)c(c1)C(=O)[O-]
SAQJAV02,-1.3709000000000005,153.042593084,2,3,[NH3+]c1ccc(O)c(c1)C(=O)[O-]
SAQJEZ,-3.0322000000000005,189.019270796,3,2,[NH3+]c1ccc(O)c(c1)C(O)=O.[Cl-]
SARDAQ,2.2432,202.110613068,3,3,Oc1ccccc1.Nc1ccc(N)cc1
SARDIY,3.9102000000000006,278.14191319599996,3,3,Oc1ccc(cc1)c1ccccc1.Nc1ccc(N)cc1
SARDOE,3.1020000000000003,268.121177752,4,4,Oc1ccc2cc(O)ccc2c1.Nc1ccc(N)cc1
SARJIF,-6.872499999999999,260.075684104,4,5,Oc1cc([nH+]c(c1)C(=O)[O-])C(=O)[O-].NC(N)=[NH2+].O
SARJUQ,1.3824,226.168127944,4,4,Nc1ccc(N)cc1.OCCCCCCO
SARLEC,2.8966000000000003,236.071640716,3,3,Nc1ccc(N)cc1.Oc1ccc(Cl)cc1
SARQOV,3.0749000000000013,495.086698724,4,7,NS(=O)(=O)c1cc(C(O)=O)c(NCC2=CC=CO2)cc1Cl.CCOc1ccccc1C(N)=O
SASQAH,-5.5881,254.08679207590998,3,8,NC(N)=[NH2+].O=C1[N-]N=CN1N=NN1C=N[N-]C1=O
SATHIE,-6.269599999999996,325.89961993199995,4,4,[Rb+].CC(O)(P(O)(O)=O)P(O)(=O)[O-].O.O
SATHIE01,-6.269599999999996,325.89961993199995,4,4,[Rb+].CC(O)(P(O)(O)=O)P(O)(=O)[O-].O.O
SATHIE02,-6.269599999999996,325.89961993199995,4,4,[Rb+].CC(O)(P(O)(O)=O)P(O)(=O)[O-].O.O
SATHOL,2.9287600000000014,293.16404560800004,0,5,CC(C)(C#N)c1cc(CN2C=NC=N2)cc(c1)C(C)(C)C#N
SATJAY,1.3848,122.036779432,1,1,OC(=O)c1ccccc1
SATJAY01,1.3848,122.036779432,1,1,OC(=O)c1ccccc1
SATJAY02,1.3848,122.036779432,1,1,OC(=O)c1ccccc1
SATJAY03,1.3848,122.036779432,1,1,OC(=O)c1ccccc1
SATJAY04,1.3848,122.036779432,1,1,OC(=O)c1ccccc1
SATJAY05,1.3848,122.036779432,1,1,OC(=O)c1ccccc1
SATJAY06,1.3848,122.036779432,1,1,OC(=O)c1ccccc1
SATJAY07,1.3848,122.036779432,1,1,OC(=O)c1ccccc1
SATJAY08,1.3848,122.036779432,1,1,OC(=O)c1ccccc1
SATLUV,0.6836999999999996,352.02912783599993,1,8,OC(=O)c1c[nH+]ccc1.O=N(=O)c1cc(c([O-])c(c1)N(=O)=O)N(=O)=O
SATMAC,-1.3617000000000004,221.00892360600002,3,3,OC(=O)c1c[nH+]ccc1.OP(O)(=O)[O-]
SATMAC01,-1.3617000000000004,221.008923606,3,3,OP(O)(=O)[O-].OC(=O)c1c[nH+]ccc1
SATMOQ,-0.9402000000000001,344.0314363439999,2,6,OC(=O)c1c[nH+]ccc1.OC(=O)c1c[nH+]ccc1.O=S(=O)([O-])[O-]
SATTEO,-5.343100000000001,196.08131277190998,3,6,NC(N)=[NH2+].N1=N[N-]C(=N1)C1=NN=N[N-]1
SAVKIM,-2.8061000000000007,276.098231116,4,6,NC1=NC(=O)NC=C1.NC1=NC(=O)NC=C1F.O.O
SAVWAQ,0.7412999999999997,341.044630016,2,6,Nc1[nH+]nc(c(N)n1)c1cccc(Cl)c1Cl.CC=CC(=O)[O-]
SAVWEU,1.1831999999999998,439.08140944799993,4,8,Nc1[nH+]nc(c(N)n1)c1cccc(Cl)c1Cl.Oc1ccccc1C(=O)[O-].CCO
SAWJEG,-6.8309,228.02620849191,3,6,O=C1C(=O)C(=O)C(=C([O-])C1=O)[O-].NC(N)=[NH2+]
SAWJIJ,2.1460999999999997,204.072119384,0,3,C1CN2CC(N=C2S1)c1ccccc1
SAWJIJ10,2.1460999999999997,204.072119384,0,3,C1CN2CC(N=C2S1)c1ccccc1
SAXFED,2.0781199999999993,445.17837534399996,3,6,Cc1cnc(cn1)C(=O)NCCc1ccc(cc1)S(=O)(=O)NC(=O)NC1CCCCC1
SAXFED01,2.0781199999999993,445.17837534399996,3,6,Cc1cnc(cn1)C(=O)NCCc1ccc(cc1)S(=O)(=O)NC(=O)NC1CCCCC1
SAXHIK,2.58,402.039878984,3,7,Nc1nnc(c(N)n1)c1cccc(Cl)c1Cl.O=C1NC(=O)c2ccccc12
SAXHIK01,2.58,402.039878984,3,7,Nc1nnc(c(N)n1)c1cccc(Cl)c1Cl.O=C1NC(=O)c2ccccc12
SAXJAE,3.3214000000000015,389.044630016,2,7,Nc1nnc(c(N)n1)c1cccc(Cl)c1Cl.O=Cc1cccc(C=O)c1
SAXPAK,4.924120000000004,417.0646967640001,3,4,Cc1ccc(Cl)c(Nc2ccccc2C(O)=O)c1Cl.NC(=O)c1ccncc1
SAXPOY,1.5619200000000009,381.10108227200004,3,4,Cc1ccc(Cl)c(Nc2ccccc2C(=O)[O-])c1Cl.[NH2+]1CCNCC1
SAXPOY01,1.5619199999999998,381.101082272,3,4,[NH2+]1CCNCC1.Cc1ccc(Cl)c(Nc2ccccc2C(=O)[O-])c1Cl
SAXQAL,0.7372200000000007,399.111646956,3,4,Cc1ccc(Cl)c(Nc2ccccc2C(=O)[O-])c1Cl.[NH2+]1CCNCC1.O
SAXQIT,3.4918200000000024,389.06978214400004,2,4,Cc1ccc(Cl)c(Nc2ccccc2C(=O)[O-])c1Cl.Nc1[nH+]cccc1
SAXQOZ,2.6671200000000015,407.08034682799996,2,4,Nc1cc[nH+]cc1.Cc1ccc(Cl)c(Nc2ccccc2C(=O)[O-])c1Cl.O
SAZBUR,-7.72516000000001,400.0374960359999,2,8,Cc1[nH+]cc(C[N+]2=CSC(=C2C)CCO)c(N)n1.O=[Cl](=O)(=O)[O-].[Cl-]
SAZKEK,3.291400000000001,334.10659030799997,2,7,O1C(=NN=C1c1ccncc1)c1ccncc1.Oc1ccc(O)cc1
SBTHAZ,2.585,166.98634116,1,3,SC1=Nc2ccccc2S1
SBTHAZ02,2.9588900000000002,166.98634116,1,2,S=C1Nc2ccccc2S1
SBTHAZ11,2.9588900000000002,166.98634116,1,2,S=C1Nc2ccccc2S1
SBTHAZ12,2.9588900000000002,166.98634116,1,2,S=C1Nc2ccccc2S1
SBTHAZ13,2.9588900000000002,166.98634116,1,2,S=C1Nc2ccccc2S1
SBTHAZ14,2.9588900000000002,166.98634116,1,2,S=C1Nc2ccccc2S1
SBTHAZ15,2.9588900000000002,166.98634116,1,2,S=C1Nc2ccccc2S1
SEBBEG,1.8663999999999998,264.031711116,1,5,N1C(=[NH+]c2ccccc12)C1=CSC=N1.O=N(=O)[O-]
SEBBEG01,1.8663999999999998,264.031711116,1,5,N1C(=[NH+]c2ccccc12)C1=CSC=N1.O=N(=O)[O-]
SEBPEU,-3.684599999999996,196.076726096,2,1,[Cl-].C1C[NH+]=C(Cc2ccccc2)N1
SEBPEU01,-3.684599999999996,196.076726096,2,1,[Cl-].C1C[NH+]=C(Cc2ccccc2)N1
SEBZIL,1.374199999999999,415.23587315599997,3,5,COc1ccc(cc1)C(C[NH+](C)C)C1(O)CCCCC1.Oc1ccccc1C(=O)[O-]
SECDAF,-1.3960999999999983,392.11544074000005,3,6,CN1C(=C([O-])c2ccccc2S1(=O)=O)C(=O)Nc1ccccn1.[NH3+]CCO
SECWEE,0.3685999999999997,265.061804304,2,4,Nc1[nH+]cc(Cl)cc1.Nc1ccc(cc1)C(=O)[O-]
SEDBAH,-0.8895999999999997,227.079372516,1,4,OC(=O)CCC(=O)[O-].COc1cc[nH+]cc1
SEDZOQ,1.9509200000000002,351.034747896,2,6,CN1C(=C(O)c2ccccc2S1(=O)=O)C(=O)NC1=NC=C(C)S1
SEDZOQ01,1.9509200000000002,351.034747896,2,6,CN1C(=C(O)c2ccccc2S1(=O)=O)C(=O)NC1=NC=C(C)S1
SEDZOQ02,1.9509200000000002,351.034747896,2,6,CN1C(=C(O)c2ccccc2S1(=O)=O)C(=O)NC1=NC=C(C)S1
SEDZOQ03,1.9509200000000002,351.034747896,2,6,CN1C(=C(O)c2ccccc2S1(=O)=O)C(=O)NC1=NC=C(C)S1
SEGGES,-1.2846999999999988,440.05339755191005,2,9,O=C([O-])C#CC(=O)[O-].C1CCOC1.Nc1[nH+]nc(c(N)n1)c1cccc(Cl)c1Cl
SEGGIW,-1.2846999999999995,440.0533975519099,2,9,Nc1[nH+]nc(c(N)n1)c1cccc(Cl)c1Cl.O=C([O-])C#CC(=O)[O-].C1CCOC1
SEGGOC,-1.5287000000000006,370.0115327399099,2,8,Nc1[nH+]nc(c(N)n1)c1cccc(Cl)c1Cl.O=C([O-])C=CC(=O)[O-]
SEGHAP,-1.3047,372.0271828039099,2,8,Nc1[nH+]nc(c(N)n1)c1cccc(Cl)c1Cl.O=C([O-])CCC(=O)[O-]
SEGHIX,-0.7094000000000003,430.0690476159099,2,9,Nc1[nH+]nc(c(N)n1)c1cccc(Cl)c1Cl.O=C([O-])CCC(=O)[O-].CC(C)=O
SEGJIZ,-0.5432999999999977,442.06904761591005,2,9,CC(=CC(=O)[O-])C(=O)[O-].CC(C)=O.Nc1[nH+]nc(c(N)n1)c1cccc(Cl)c1Cl
SEHDEP,1.0739999999999994,377.137556088,4,3,[NH2+]=C(Nc1ccccc1)Nc1ccccc1.OC(=O)c1ccccc1C(=O)[O-]
SEHSIL,-1.999699999999999,345.10920984391,1,5,O=C([O-])c1ccc2cc(ccc2c1)C(=O)[O-].Nc1cc[nH+]cc1.O.O
SEMNAA,0.42500000000000177,456.16449910799986,3,9,COc1cc(Cc2c[nH+]c(N)nc2N)cc(OC)c1OC.OC(=O)c1ccccc1C(=O)[O-]
SENJIF,-4.460199999999995,463.11962479599987,3,2,CC[NH+](CC)Cc1cc(Nc2cc[nH+]c3cc(Cl)ccc23)ccc1O.[Cl-].[Cl-].O.O
SENJIF01,-4.460199999999995,463.11962479599987,3,2,CC[NH+](CC)Cc1cc(Nc2cc[nH+]c3cc(Cl)ccc23)ccc1O.O.O.[Cl-].[Cl-]
SENJIF02,-4.460199999999995,463.11962479599987,3,2,CC[NH+](CC)Cc1cc(Nc2cc[nH+]c3cc(Cl)ccc23)ccc1O.O.O.[Cl-].[Cl-]
SENJOK,1.131,198.089208928,2,4,Oc1ccc(O)cc1.C1COCCO1
SENPAG,1.2928999999999997,325.109627088,2,5,O=C1CCCCCN1.NS(=O)(=O)CC1=NOc2ccccc12
SEQKAA,-0.3953999999999982,339.098787632,1,8,CC1(C)OC2COC3(COS(N)(=O)=O)OC(C)(C)OC3C2O1
SEQKAA01,-0.3953999999999982,339.098787632,1,8,CC1(C)OC2COC3(COS(N)(=O)=O)OC(C)(C)OC3C2O1
SEQKAA02,-0.3953999999999982,339.098787632,1,8,CC1(C)OC2COC3(COS(N)(=O)=O)OC(C)(C)OC3C2O1
SEQVAN,-2.2687,251.065453768,3,6,Nc1[nH+]cnc2NC=Nc12.OC(=O)C=CC(=O)[O-]
SEQVER,-2.268699999999999,251.065453768,3,6,Nc1nc[nH+]c2N=CNc12.OC(=O)C=CC(=O)[O-]
SEQVIV,-0.12910000000000027,253.081103832,4,6,Nc1ncnc2NC=Nc12.OC(=O)CCC(O)=O
SERMOR,-0.005400000000000238,213.074955832,3,5,OC(=O)CCC(O)=O.Nc1ncccn1
SERMOR10,-0.005400000000000238,213.074955832,3,5,OC(=O)CCC(O)=O.Nc1ncccn1
SESJIJ01,-4.124,243.106649884,4,7,OC(CC(=O)[O-])(CC(=O)[O-])C(=O)[O-].[NH4+].[NH4+].[NH4+]
SESKUY,4.107820000000002,479.124798484,2,6,COc1ccc2N(C(=C(CC(O)=O)c2c1)C)C(=O)c1ccc(Cl)cc1.NC(=O)c1cccnc1
SESKUY01,4.107820000000002,479.124798484,2,6,COc1ccc2N(C(=C(CC(O)=O)c2c1)C)C(=O)c1ccc(Cl)cc1.NC(=O)c1cccnc1
SESKUY02,4.107820000000002,479.124798484,2,6,COc1ccc2N(C(=C(CC(O)=O)c2c1)C)C(=O)c1ccc(Cl)cc1.NC(=O)c1cccnc1
SESPAH01,2.1681999999999997,349.05461431199996,3,7,OC(=O)c1cc(cc(c1)N(=O)=O)N(=O)=O.Nc1ccc(cc1)C(O)=O
SESZEW,-1.1690999999999985,363.15943440399997,2,6,CO.Fc1cc2C(=O)C(=CN(C3CC3)c2cc1N1CC[NH2+]CC1)C(=O)[O-]
SETQOA,-4.536379999999994,385.1152964199999,4,8,CN1C(=O)N(C)C2=C(NC=N2)C1=O.[Cl-].Cc1[nH+]cc(CO)c(CO)c1O
SETRIU,1.0698999999999994,259.095691276,3,4,NNC(=O)c1ccncc1.OC(=O)c1ccccc1
SETROA,1.9614999999999987,339.17942089999997,4,5,NNC(=O)c1ccncc1.OC(=O)CCCCCCCCC(O)=O
SETSAN,1.4695000000000003,285.11134134,3,4,OC(=O)C=Cc1ccccc1.NNC(=O)c1ccncc1
SETSAN01,1.4694999999999994,285.11134134,3,4,NNC(=O)c1ccncc1.OC(=O)C=Cc1ccccc1
SETSAN02,1.4694999999999994,285.11134134,3,4,NNC(=O)c1ccncc1.OC(=O)C=Cc1ccccc1
SETSAN03,1.4695000000000003,285.11134134,3,4,OC(=O)C=Cc1ccccc1.NNC(=O)c1ccncc1
SETSOA,-3.4101999999999952,360.00389770400005,2,5,[Cl-].CC[NH2+]C1CC(C)S(=O)(=O)C2=C1C=C(S2)S(N)(=O)=O
SEWXAU,-4.38,177.074955832,4,3,OC(=O)CCC(=O)[O-].NC(N)=[NH2+]
SEWZOJ,-0.28689999999999993,344.17092188000004,3,8,CN(C)C=O.Nc1nc(N)c2nc(c3ccccc3)c(N)nc2n1.O
SEYWOJ,-2.525699999999998,171.020143388,2,4,CS(=O)(=O)[O-].[NH3+]CC(O)=O
SEYWUP,-0.787979999999999,247.051443516,2,4,Cc1ccc(cc1)S(=O)(=O)[O-].[NH3+]CC(O)=O
SFDMOX,0.8768,310.073575928,2,7,COc1cc(NS(=O)(=O)c2ccc(N)cc2)nc(OC)n1
SFDMOX01,0.8768,310.073575928,2,7,COc1cc(NS(=O)(=O)c2ccc(N)cc2)nc(OC)n1
SFDMOX03,0.8768,310.073575928,2,7,COc1cc(NS(=O)(=O)c2ccc(N)cc2)nc(OC)n1
SFDMOX04,0.8768,310.073575928,2,7,COc1cc(NS(=O)(=O)c2ccc(N)cc2)nc(OC)n1
SFDMOX05,0.8768,310.073575928,2,7,COc1cc(NS(=O)(=O)c2ccc(N)cc2)nc(OC)n1
SHEDPH,-11.547,321.98067308799995,3,5,[Na+].[Na+].CC(O)(P(O)(=O)[O-])P(O)(=O)[O-].O.O.O.O
SHEDPH01,-11.547,321.9806730879999,3,5,CC(O)(P(O)(=O)[O-])P(O)(=O)[O-].[Na+].[Na+].O.O.O.O
SIBHAM,1.8502999999999998,287.152143532,1,4,COc1ccc2CN(C)CCC34C=CC(O)CC3Oc1c24
SIBHAM01,1.8502999999999998,287.152143532,1,4,COc1ccc2CN(C)CCC34C=CC(O)CC3Oc1c24
SIBPEY,2.749200000000001,228.078644244,1,3,Oc1ccc(cc1)C(=O)OCc1ccccc1
SIBYUA,3.4537000000000013,336.111006992,1,5,CC(=O)Oc1ccccc1C(O)=O.c1cc(ccn1)c1ccncc1
SIBYUB,2.1865000000000006,440.11544074,4,6,ONC(=O)C=Cc1cccc(c1)S(=O)(=O)Nc1ccccc1.NC(=O)c1ccncc1
SIBZAI,0.966299999999999,498.132153424,4,9,ONC(=O)C=Cc1cccc(c1)S(=O)(=O)Nc1ccccc1.CN1C(=O)N(C)C2=C(NC=N2)C1=O
SICFUI,-1.0528999999999997,358.0178257200001,2,3,IC#Cc1cccc(c1)C(=O)[O-].[NH2+]1CCNCC1
SICGAP,-2.0790999999999977,359.02510217209004,2,2,IC#Cc1cccc(c1)C(=O)[O-].[NH2+]1CC[NH2+]CC1
SICGET,1.109,412.0396237840001,1,5,OC(=O)c1cccc(c1)C#CI.C1N2CN3CN1CN(C2)C3
SICPUS,-3.8474999999999993,244.080769484,3,4,O=C([O-])c1ccccc1N(=O)=O.NC(N)=[NH2+].O
SIDMOH,-3.0227999999999993,226.0702048,3,4,O=C([O-])c1ccc(cc1)N(=O)=O.NC(N)=[NH2+]
SIFGOD,4.477900000000004,392.29265976,3,3,CC(CCC(O)=O)C1CCC2C3C(O)CC4CC(O)CCC4(C)C3CCC12C
SIGGEV,-4.54231,228.045446596,3,6,O=N(=O)[C-](N(=O)=O)N(=O)=O.O.NC(N)=[NH2+]
SIHBIX,2.2960399999999996,294.08835339999996,3,5,Cc1nc(C)c(Cl)c(N)n1.Nc1ccc(cc1)C(O)=O
SIHCER,-4.484799999999998,206.126657056,2,4,[NH3+]CCCCC([NH3+])C(=O)[O-].CC(=O)[O-]
SIHJIC,-3.589979999999999,237.000055344,2,2,[Br-].C[n+]1ccc(O)c(O)c1C.O
SIHMEE,2.7138400000000003,279.077454368,2,4,Cc1nc(C)c(Cl)c(N)n1.OC(=O)c1ccccc1
SIHQOR,-0.09860000000000052,255.085520516,3,5,NC(=O)c1cnccn1.OC(=O)CCCC(O)=O
SIHRAE,-0.8787999999999998,227.054220388,3,5,NC(=O)c1cnccn1.OC(=O)CC(O)=O
SIHRAE01,-0.8787999999999998,227.054220388,3,5,NC(=O)c1cnccn1.OC(=O)CC(O)=O
SIJWUF,-5.4941,256.946138,3,1,[NH2+]=C1NC(=O)NC=C1F.[I-]
SIJXEQ,-1.5953000000000002,312.03285398800006,3,4,O=C1[N-]S(=O)(=O)c2ccccc12.[NH2+]=C1NC(=O)NC=C1F
SIJXIU,-1.8376000000000003,321.06332282799997,4,8,NC1=NC(=O)NC=C1F.NC1=[NH+]C(=O)NC=C1F.O=N(=O)[O-]
SIJYAN,0.0691000000000001,208.9600021,2,3,Br.NC1=NC(=O)NC=C1F
SIJYER,-5.4941,208.9600021,3,1,[NH2+]=C1NC(=O)NC=C1F.[Br-]
SIJYER01,-5.4940999999999995,208.9600021,3,1,[Br-].[NH2+]=C1NC(=O)NC=C1F
SIKKIK,1.3847,300.07462148400003,3,6,Oc1cc2OC(=O)C=Cc2cc1O.NC(=O)c1cccnc1
SIKLIH,4.364100000000001,295.01668395200005,2,2,OC(=O)Cc1ccccc1Nc1c(Cl)cccc1Cl
SIKLIH01,4.364100000000001,295.01668395200005,2,2,OC(=O)Cc1ccccc1Nc1c(Cl)cccc1Cl
SIKLIH02,4.364100000000001,295.01668395200005,2,2,OC(=O)Cc1ccccc1Nc1c(Cl)cccc1Cl
SIKLIH03,4.364100000000001,295.01668395200005,2,2,OC(=O)Cc1ccccc1Nc1c(Cl)cccc1Cl
SIKLIH04,4.364100000000001,295.01668395200005,2,2,OC(=O)Cc1ccccc1Nc1c(Cl)cccc1Cl
SIKLIH05,4.364100000000001,295.01668395200005,2,2,OC(=O)Cc1ccccc1Nc1c(Cl)cccc1Cl
SIKLIH06,4.364100000000001,295.01668395200005,2,2,OC(=O)Cc1ccccc1Nc1c(Cl)cccc1Cl
SIKLIH07,4.364100000000001,295.01668395200005,2,2,OC(=O)Cc1ccccc1Nc1c(Cl)cccc1Cl
SIKLIH08,4.364100000000001,295.01668395200005,2,2,OC(=O)Cc1ccccc1Nc1c(Cl)cccc1Cl
SIKLIH09,4.364100000000001,295.01668395200005,2,2,OC(=O)Cc1ccccc1Nc1c(Cl)cccc1Cl
SIKLIH10,4.364100000000001,295.01668395200005,2,2,OC(=O)Cc1ccccc1Nc1c(Cl)cccc1Cl
SIKLIH12,4.364100000000001,295.01668395200005,2,2,OC(=O)Cc1ccccc1Nc1c(Cl)cccc1Cl
SILSIS,-0.8224999999999993,440.03401336791006,2,9,O=S(=O)([O-])c1cccc2c1cccc2S(=O)(=O)[O-].Nc1nc[nH+]c2N=CNc12.O
SIMBEY,0.4581999999999993,266.081518432,4,5,NC1=NC(=O)NC=C1F.Nc1ccc(cc1)C(O)=O
SIMBIC,1.9226999999999999,273.14886972,3,4,NC1=NC(=O)NC=C1F.CCCCCCCC(O)=O
SIMDOK,4.090220000000002,261.055656304,2,2,Cc1c(Cl)cccc1Nc1ccccc1C(O)=O
SIMDOK01,4.090220000000002,261.055656304,2,2,Cc1c(Cl)cccc1Nc1ccccc1C(O)=O
SIMFEC,4.147200000000001,281.06636322,2,2,OC(=O)c1ccccc1Nc1cccc(c1)C(F)(F)F
SIMFUS,4.090220000000002,261.055656304,2,2,Cc1c(Cl)cccc1Nc1ccccc1C(O)=O
SIMGAZ,3.7452400000000017,241.11027872,2,2,Cc1cccc(Nc2ccccc2C(O)=O)c1C
SIMGED,4.090220000000002,261.055656304,2,2,Cc1c(Cl)cccc1Nc1ccccc1C(O)=O
SIMJEE,-2.338779999999999,289.028789924,2,4,[NH3+]c1ccc(cc1)S(=O)(=O)NC1=NOC(=C1)C.[Cl-]
SIMJUU,-2.7844999999999995,309.051633544,2,6,O=[Cl](=O)(=O)[O-].Nc1ccc2cc3ccc(N)cc3[nH+]c2c1
SIQMEO,-4.902599999999999,199.99827949191,3,6,NC(N)=[NH2+].O=C=O.O=S(=O)([O-])[O-]
SIQXOI,-3.7143999999999995,214.03547270200002,4,4,[NH3+]C(CC(N)=O)C(O)=O.OP(=O)[O-]
SIRBUR,1.3224999999999998,248.068473484,2,5,COC1=CC(=O)C=CC1=O.Oc1ccc(O)cc1
SIRKEL,-0.2582999999999991,253.131408088,2,4,Oc1ccccc1C(=O)[O-].[NH3+]C(C)(C)CC(C)=O
SIRKIP,1.2223,293.08993720000007,4,5,Oc1ccccc1C(=O)[O-].OC(=O)c1ccccc1O.[NH4+]
SIXZOO,-3.365499999999999,167.079372516,2,3,OC(=O)CCC(=O)[O-].[NH3+]C.O
SIXZOO02,-3.365499999999999,167.079372516,2,3,OC(=O)CCC(=O)[O-].[NH3+]C.O
SIXZUU,-2.5894999999999984,163.084457896,2,3,OC(=O)CCC(=O)[O-].C[NH2+]C
SIYNOH,2.7787000000000006,427.13795001199986,3,8,CC(C)N1N=CC=C1c1ncccc1COc1cccc(O)c1C=O.OC(=O)C(O)=O
SIYTED,2.394100000000001,295.095691276,2,3,COC(=O)N=C1Nc2ccc(cc2N1)C(=O)c1ccccc1
SIZKIX,-5.9444,264.059365344,4,6,[NH3+]CC(O)=O.O=C1C(=O)C(=C1[O-])[O-].[NH3+]CC(O)=O
SIZKIX02,-5.944399999999998,264.059365344,4,6,O=C1C(=O)C(=C1[O-])[O-].[NH3+]CC(O)=O.[NH3+]CC(O)=O
SLCADA10,-0.8796999999999988,287.101839276,2,7,Oc1ccccc1C(=O)[O-].CN1C=Nc2c(N)[nH+]cnc12
SLCADB10,-0.16140000000000043,232.084792244,2,4,Oc1ccccc1C(=O)[O-].Nc1[nH+]cccc1
SLCADC01,0.11420000000000025,198.0640568,4,3,OC(=O)c1ccccc1O.NC(N)=O
SLCADC10,0.11420000000000025,198.0640568,4,3,OC(=O)c1ccccc1O.NC(N)=O
SLFNMA01,1.16802,264.068096624,2,5,Cc1ccnc(NS(=O)(=O)c2ccc(N)cc2)n1
SLFNMA03,1.16802,264.068096624,2,5,Cc1ccnc(NS(=O)(=O)c2ccc(N)cc2)n1
SLFNMA05,1.16802,264.068096624,2,5,Cc1ccnc(NS(=O)(=O)c2ccc(N)cc2)n1
SLFNMA06,1.16802,264.068096624,2,5,Cc1ccnc(NS(=O)(=O)c2ccc(N)cc2)n1
SLFNMB01,1.3660199999999998,253.052112212,2,5,CC1=CC(=NO1)NS(=O)(=O)c1ccc(N)cc1
SLFNMB02,1.3660199999999998,253.052112212,2,5,CC1=CC(=NO1)NS(=O)(=O)c1ccc(N)cc1
SLFNMB03,1.3660199999999998,253.052112212,2,5,CC1=CC(=NO1)NS(=O)(=O)c1ccc(N)cc1
SLFNMB04,1.3660199999999998,253.052112212,2,5,CC1=CC(=NO1)NS(=O)(=O)c1ccc(N)cc1
SLFNMB05,1.3660199999999998,253.052112212,2,5,CC1=CC(=NO1)NS(=O)(=O)c1ccc(N)cc1
SLFNMB06,1.3660199999999998,253.052112212,2,5,CC1=CC(=NO1)NS(=O)(=O)c1ccc(N)cc1
SLFNMB07,1.3660199999999998,253.052112212,2,5,CC1=CC(=NO1)NS(=O)(=O)c1ccc(N)cc1
SLFNMB08,1.3660199999999998,253.052112212,2,5,CC1=CC(=NO1)NS(=O)(=O)c1ccc(N)cc1
SLFNMB09,1.3660199999999998,253.052112212,2,5,CC1=CC(=NO1)NS(=O)(=O)c1ccc(N)cc1
SLFNMB10,1.3660199999999998,253.052112212,2,5,CC1=CC(=NO1)NS(=O)(=O)c1ccc(N)cc1
SLFNMB11,1.3660199999999998,253.052112212,2,5,CC1=CC(=NO1)NS(=O)(=O)c1ccc(N)cc1
SLFNMB12,1.3660199999999998,253.052112212,2,5,CC1=CC(=NO1)NS(=O)(=O)c1ccc(N)cc1
SLFNMB13,1.3660199999999998,253.052112212,2,5,CC1=CC(=NO1)NS(=O)(=O)c1ccc(N)cc1
SLFNMB14,1.3660199999999998,253.052112212,2,5,CC1=CC(=NO1)NS(=O)(=O)c1ccc(N)cc1
SLFNMB15,1.3660199999999998,253.052112212,2,5,CC1=CC(=NO1)NS(=O)(=O)c1ccc(N)cc1
SLFNMB16,1.3660199999999998,253.052112212,2,5,CC1=CC(=NO1)NS(=O)(=O)c1ccc(N)cc1
SLFNMB17,1.3660199999999998,253.052112212,2,5,CC1=CC(=NO1)NS(=O)(=O)c1ccc(N)cc1
SLFNMB18,1.3660199999999998,253.052112212,2,5,CC1=CC(=NO1)NS(=O)(=O)c1ccc(N)cc1
SLFNMB19,1.3660199999999998,253.052112212,2,5,CC1=CC(=NO1)NS(=O)(=O)c1ccc(N)cc1
SLFNMB20,1.3660199999999998,253.052112212,2,5,CC1=CC(=NO1)NS(=O)(=O)c1ccc(N)cc1
SLFNMB21,1.3660199999999998,253.052112212,2,5,CC1=CC(=NO1)NS(=O)(=O)c1ccc(N)cc1
SLFNMB22,1.3660199999999998,253.052112212,2,5,CC1=CC(=NO1)NS(=O)(=O)c1ccc(N)cc1
SLFNMB23,1.3660199999999998,253.052112212,2,5,CC1=CC(=NO1)NS(=O)(=O)c1ccc(N)cc1
SLFNMD01,1.4764400000000002,278.08374668799996,2,5,CC1=CC(=NC(=N1)NS(=O)(=O)c1ccc(N)cc1)C
SLFNMD10,1.4764399999999998,278.083746688,2,5,Cc1cc(C)nc(NS(=O)(=O)c2ccc(N)cc2)n1
SLFNMD11,1.4764399999999998,278.083746688,2,5,Cc1cc(C)nc(NS(=O)(=O)c2ccc(N)cc2)n1
SLFNMG01,0.0935999999999998,214.04121318,2,4,CC(=O)NS(=O)(=O)c1ccc(N)cc1
SLFSXZ,1.67444,267.067762276,2,5,CC1=NOC(=C1C)NS(=O)(=O)c1ccc(N)cc1
SLFSXZ01,1.67444,267.067762276,2,5,CC1=NOC(=C1C)NS(=O)(=O)c1ccc(N)cc1
SLFSXZ10,1.67444,267.067762276,2,5,CC1=NOC(=C1C)NS(=O)(=O)c1ccc(N)cc1
SLFSXZ12,1.67444,267.067762276,2,5,CC1=NOC(=C1C)NS(=O)(=O)c1ccc(N)cc1
SOBBAP,1.6070000000000002,495.04378835600005,3,7,NS(=O)(=O)c1cc2c(NCNS2(=O)=O)cc1Cl.c1ccc2nc3ccccc3nc2c1.O
SOBBUG,-2.9634999999999994,246.096419548,3,8,NC1=NC(=O)N(C=N1)C1CC(O)C(CO)O1.O
SOBNEE,0.29270000000000007,268.049549608,4,4,FC1=CNC(=O)NC1=O.OC(=O)c1ccc(O)cc1
SOBNEE01,0.29270000000000007,268.049549608,4,4,FC1=CNC(=O)NC1=O.OC(=O)c1ccc(O)cc1
SOCJAW,-10.555700000000003,308.97666960800007,2,9,O=[Cl](=O)(=O)[O-].O=[Cl](=O)(=O)[O-].[NH3+]c1cc[nH+]cc1N
SOCMEE,2.5548,439.0685501239999,3,9,CC(=O)Oc1ccccc1C(=O)NC1=NC=C(S1)N(=O)=O.OC(=O)CCCC(O)=O
SOCMII,2.1647,425.0529000599999,3,9,CC(=O)Oc1ccccc1C(=O)NC1=NC=C(S1)N(=O)=O.OC(=O)CCC(O)=O
SOCYUF,-2.860299999999997,260.11396087591,2,5,O=C([O-])C(=O)[O-].[NH3+]CC1(CCCCC1)CC(O)=O
SODCUJ,-2.3023999999999996,210.04055808200002,3,3,OP(O)(=O)[O-].O.Nc1cc[nH+]cc1
SODCUJ01,-2.3024000000000004,210.040558082,3,3,Nc1cc[nH+]cc1.OP(O)(=O)[O-].O
SODDOF,1.2709,260.079706864,3,4,OC(=O)c1ccccc1O.NC(=O)c1cccnc1
SODDOF01,1.2709000000000001,260.079706864,3,4,NC(=O)c1cccnc1.OC(=O)c1ccccc1O
SODDOF03,1.2709,260.079706864,3,4,OC(=O)c1ccccc1O.NC(=O)c1cccnc1
SOFYOE,-0.46265999999999785,328.20195349209,3,3,Cc1cccc(Nc2ccccc2C(=O)[O-])c1C.[NH2+]1CC[NH2+]CC1
SOGNOU,-0.11767999999999845,348.14733107609004,3,3,Cc1c(Cl)cccc1Nc1ccccc1C(=O)[O-].[NH2+]1CC[NH2+]CC1
SOGQOX01,2.4092000000000002,414.13146766399996,1,8,COc1cc(cc(OC)c1OC)C1C2C(COC2=O)C(O)c2cc3OCOc3cc12
SOGSEO,1.0424999999999998,342.082032436,2,5,Nc1ccc(cc1)S(=O)(=O)N=C1NC=CS1.CN(C)C(C)=O
SOGSEP,3.878300000000002,373.142641468,3,3,NC(=O)c1ccc(O)cc1.NC(=O)N1c2ccccc2C=Cc2ccccc12
SOGVIW,0.5635400000000008,327.19467704000004,3,4,Cc1cccc(Nc2ccccc2C(=O)[O-])c1C.[NH2+]1CCNCC1
SOGVOC,0.9085200000000001,347.140054624,3,4,Cc1c(Cl)cccc1Nc1ccccc1C(=O)[O-].[NH2+]1CCNCC1
SOHNAG,-0.4058999999999999,340.03652172400007,3,6,OC(=O)c1cc(ccc1O)S(=O)(=O)[O-].NC(=O)c1c[nH+]ccc1
SOHWAP,0.7419799999999995,440.1266741200001,2,6,CC#N.CN1C(=C([O-])c2ccccc2S1(=O)=O)C(=O)Nc1ccccn1.N1C=[NH+]C=C1
SOHWIX,0.5205199999999995,413.11577508800013,2,5,CN1C(=C([O-])c2ccccc2S1(=O)=O)C(=O)Nc1ccccn1.CC1=[NH+]C=CN1
SOHXAQ,0.7603000000000012,450.1110240560001,2,6,CN1C(=C([O-])c2ccccc2S1(=O)=O)C(=O)Nc1[nH+]cccc1.N1N=Nc2ccccc12
SOKDUU01,-1.794099999999998,177.136493468,1,2,O.[NH3+]CC(CC(C)C)CC(=O)[O-]
SOKDUU02,-1.7940999999999991,177.136493468,1,2,[NH3+]CC(CC(C)C)CC(=O)[O-].O
SOLBEC01,1.6705,286.095356928,3,4,OC(=O)C=Cc1ccc(O)cc1.NC(=O)c1cccnc1
SOLFAC,1.92028,241.085126592,2,4,Nc1ccc(cc1)C(O)=O.N#Cc1ccncc1
SOLGEH,0.14159999999999956,246.100442308,1,4,COc1ccc(cc1)C(=O)[O-].Nc1cc[nH+]cc1
SOLGIL,-1.2079800000000003,266.126657056,1,3,Cc1ccc(cc1)C(=O)[O-].Nc1cc[nH+]cc1.O.O
SOLGOR,-1.4503999999999992,295.153206152,1,4,CN(C)c1cc[nH+]cc1.Nc1ccc(cc1)C(=O)[O-].O.O
SOLGOR01,-1.4503999999999992,295.153206152,1,4,Nc1ccc(cc1)C(=O)[O-].CN(C)c1cc[nH+]cc1.O.O
SOLGOR02,-1.4503999999999992,295.153206152,1,4,CN(C)c1cc[nH+]cc1.Nc1ccc(cc1)C(=O)[O-].O.O
SOLHIM,-0.20789999999999975,262.131742436,0,3,CN(C)c1cc[nH+]cc1.O.O=C([O-])c1ccccc1
SOLHIM01,-0.20790000000000003,262.131742436,0,3,O=C([O-])c1ccccc1.CN(C)c1cc[nH+]cc1.O
SOMGIK,1.1790899999999997,122.036779432,2,2,[C].Oc1ccc(O)cc1
SOMHOU,-7.151900000000001,351.09139374399996,4,7,OC(=O)c1cccc([n+]1[O-])C(=O)[O-].[NH3+]CC(=O)[O-].[NH3+]CC(O)=O.O
SONCED,-3.4076999999999966,282.157957184,2,4,[NH3+]C(Cc1ccccc1)C(=O)[O-].[NH3+]C(C(C)C)C(=O)[O-]
SONKUF,0.054500000000001436,302.14778642399995,3,4,CCC(N1CCCC1=O)C(N)=O.CC(CC(O)=O)C(O)=O
SONLIU,0.054500000000001436,302.14778642399995,3,4,CCC(N1CCCC1=O)C(N)=O.CC(CC(O)=O)C(O)=O
SONLOA,0.054500000000001436,302.14778642399995,3,4,CCC(N1CCCC1=O)C(N)=O.CC(CC(O)=O)C(O)=O
SONSUK,-8.254300000000006,224.104003464,4,2,[Cl-].[NH3+]C(CCC[NH+]=C(N)NC)C(=O)[O-]
SONSUK01,-8.254300000000006,224.104003464,4,2,[Cl-].[NH3+]C(CCC[NH+]=C(N)NC)C(=O)[O-]
SOQSOI,-5.8466000000000005,258.057348672,3,9,O=N(=O)C1=NN2C(=N[N+](=NC2=N1)[O-])[O-].NC(N)=[NH2+]
SORWEB,2.44344,415.131425152,4,7,Cc1cc(C)nc(NS(=O)(=O)c2ccc(N)cc2)n1.Nc1ccccc1C(O)=O
SORWIF,2.44344,415.131425152,4,7,Cc1cc(C)nc(NS(=O)(=O)c2ccc(N)cc2)n1.Nc1ccc(cc1)C(O)=O
SORWIF01,2.44344,415.131425152,4,7,Cc1cc(C)nc(NS(=O)(=O)c2ccc(N)cc2)n1.Nc1ccc(cc1)C(O)=O
SOTGUG,-2.1103599999999947,474.22268268000005,4,6,O.Nc1ccc(cc1)C(=O)[O-].O.Nc1ccc(cc1)C(=O)[O-].CC1=[NH+]C=CN1.CC1=[NH+]C=CN1
SOVFOA,-0.6548999999999998,247.042291984,1,3,C[N+](C)(C)CC(O)=O.FC(F)(Cl)C(=O)[O-]
SOVFOA01,-0.6548999999999998,247.042291984,1,3,FC(F)(Cl)C(=O)[O-].C[N+](C)(C)CC(O)=O
SOVFOA02,-0.6548999999999998,247.042291984,1,3,FC(F)(Cl)C(=O)[O-].C[N+](C)(C)CC(O)=O
SOVFOA03,-0.6548999999999998,247.042291984,1,3,FC(F)(Cl)C(=O)[O-].C[N+](C)(C)CC(O)=O
SOWSUS,-1.9208999999999996,78.07931294,2,2,O.NCCN
SOXROM,1.1516999999999997,435.025275796,3,2,Clc1cccc(c1)[Se](=O)[O-].[NH2+]=C(Nc1ccccc1)Nc1ccccc1
SOXROQ,0.3536999999999996,254.05388604,2,5,NC(=O)c1ccc(cc1)N(=O)=O.CC(=O)C(O)=O
SOXRUW,-2.415099999999998,298.080100788,2,6,NC(=O)c1c[nH+]ccc1.CC(=O)C(=O)[O-].CC(=O)C(O)=O
SOXSAD,-2.075099999999998,210.0640568,1,4,CC(=O)C(=O)[O-].NC(=O)c1cc[nH+]cc1
SOXSEH,3.047200000000001,324.11100699199994,2,3,NC(=O)N1c2ccccc2C=Cc2ccccc12.CC(=O)C(O)=O
SOYKIB,2.8156000000000008,298.21440944,3,3,CC1(O)C2CCCC3CC1CC(C2)C3(C)O.CCC(O)=O
SOZGAR,4.0096000000000025,432.202462764,2,3,FC(F)(F)c1cccc(Nc2ccccc2C(=O)[O-])c1.[NH3+]C12CC3CC(CC(C3)C1)C2
STHSAM01,0.8642000000000001,427.044267024,4,7,Nc1ccc(cc1)S(=O)(=O)N=C1NC=CS1.Nc1ccc(cc1)S(N)(=O)=O
SUCACB02,-0.06419999999999987,118.02660867200001,2,2,OC(=O)CCC(O)=O
SUCACB03,-0.06419999999999987,118.02660867200001,2,2,OC(=O)CCC(O)=O
SUCACB06,-0.06419999999999987,118.02660867200001,2,2,OC(=O)CCC(O)=O
SUCACB07,-0.12840000000000013,236.05321734400002,4,4,OC(=O)CCC(O)=O.OC(=O)CCC(O)=O
SUCACB08,-0.06419999999999987,118.02660867200001,2,2,OC(=O)CCC(O)=O
SUCACB09,-0.06419999999999987,118.02660867200001,2,2,OC(=O)CCC(O)=O
SUCACB10,-0.06419999999999987,118.02660867200001,2,2,OC(=O)CCC(O)=O
SUCACB11,-0.06419999999999987,118.02660867200001,2,2,OC(=O)CCC(O)=O
SUCACB12,-0.06419999999999987,118.02660867200001,2,2,OC(=O)CCC(O)=O
SUCACB13,-0.06419999999999987,118.02660867200001,2,2,OC(=O)CCC(O)=O
SUCACB14,-0.06419999999999987,118.02660867200001,2,2,OC(=O)CCC(O)=O
SUCACB15,-0.06419999999999987,118.02660867200001,2,2,OC(=O)CCC(O)=O
SUCACB16,-0.06419999999999987,118.02660867200001,2,2,OC(=O)CCC(O)=O
SUCACB17,-0.06419999999999987,118.02660867200001,2,2,OC(=O)CCC(O)=O
SUCACB18,-0.06419999999999987,118.02660867200001,2,2,OC(=O)CCC(O)=O
SUCACB19,-0.06419999999999987,118.02660867200001,2,2,OC(=O)CCC(O)=O
SUCACB20,-0.06419999999999987,118.02660867200001,2,2,OC(=O)CCC(O)=O
SUCACB21,-0.06419999999999987,118.02660867200001,2,2,OC(=O)CCC(O)=O
SUCCHO,-3.555299999999993,343.19942622408996,0,4,C[N+](C)(C)CCOC(=O)CCC(=O)OCC[N+](C)(C)C.O.[Cl-]
SUCHLO,-4.490599999999993,389.16852002009,0,8,O=[Cl](=O)(=O)[O-].C[N+](C)(C)CCOC(=O)CCC(=O)OCC[N+](C)(C)C
SUCTAN,-0.4374999999999994,206.090271548,3,3,CN(C)C(N)=O.OC(=O)CCC(O)=O
SUCTAN01,-0.4374999999999994,206.090271548,3,3,CN(C)C(N)=O.OC(=O)CCC(O)=O
SUCTAN02,-0.4374999999999994,206.090271548,3,3,CN(C)C(N)=O.OC(=O)CCC(O)=O
SUCTAN03,-0.4374999999999994,206.090271548,3,3,CN(C)C(N)=O.OC(=O)CCC(O)=O
SUCTAN04,-0.4374999999999994,206.090271548,3,3,CN(C)C(N)=O.OC(=O)CCC(O)=O
SUDDEC,-0.779699999999999,192.074621484,4,3,OC(=O)CCC(O)=O.CNC(N)=O
SUDDEC01,-0.779699999999999,192.074621484,4,3,OC(=O)CCC(O)=O.CNC(N)=O
SUDDEC02,-0.779699999999999,192.074621484,4,3,OC(=O)CCC(O)=O.CNC(N)=O
SUDDEC03,-0.779699999999999,192.074621484,4,3,OC(=O)CCC(O)=O.CNC(N)=O
SUDDEC04,-0.779699999999999,192.074621484,4,3,OC(=O)CCC(O)=O.CNC(N)=O
SUDDEC05,-0.779699999999999,192.074621484,4,3,OC(=O)CCC(O)=O.CNC(N)=O
SUDDEC06,-0.779699999999999,192.074621484,4,3,OC(=O)CCC(O)=O.CNC(N)=O
SUDXAQ,0.010999999999999455,310.033392064,0,1,[Cs+].CC(C)c1cccc(C(C)C)c1[O-]
SUFFOO,3.7441000000000026,312.14922234,3,3,Oc1ccc(Cl)cc1.CC1(O)CCC2CC1CCC2(C)O
SUFFOO10,3.7441000000000026,312.14922234,3,3,Oc1ccc(Cl)cc1.CC1(O)CCC2CC1CCC2(C)O
SUFFUU,2.7963000000000022,294.183109312,4,4,CC1(O)CCC2CC1CCC2(C)O.Oc1ccc(O)cc1
SUFFUU10,2.7963000000000022,294.183109312,4,4,CC1(O)CCC2CC1CCC2(C)O.Oc1ccc(O)cc1
SUGFAD,0.19130000000000014,374.075015408,2,6,OC(=O)c1cccc(c1C(=O)[O-])N(=O)=O.Oc1cccc2ccc[nH+]c12.O
SUGTUN,4.327700000000002,403.11437603200005,3,4,OC(=O)c1ccccc1Nc1cccc(c1)C(F)(F)F.NC(=O)c1ccccn1
SUHLAK,-0.14199999999999852,460.1513475799999,3,6,C[NH+]1CCN(CC1)C1=Nc2cc(Cl)ccc2Nc2ccccc12.OC(=O)C=CC(=O)[O-].O
SUHLEO,2.0613,464.16151833999993,3,6,C[NH+]1CCN(CC1)C1=Nc2cc(Cl)ccc2Nc2ccccc12.Oc1ccccc1C(=O)[O-]
SUJGUD,-0.9325999999999965,384.171892996,1,5,CC1(C)C(N2C(CC2=O)S1(=O)=O)C(=O)[O-].[NH3+]C12CC3CC(CC(C3)C1)C2
SUJSEY,-0.18829999999999902,224.15247788,1,3,O=C([O-])c1cccnc1.CC(C)[NH2+]C(C)C
SUKPAS,0.8622200000000007,436.16814500799995,2,8,C[NH+]1CCN(CC1)C1=Nc2ccccc2NC2=C1C=C(C)S2.O=C([O-])c1cnccn1
SUKRID,-1.2923000000000004,256.00140930000003,4,4,OP(O)(=O)P(O)(=O)[O-].Nc1cc[nH+]cc1
SUKROJ,-2.7489999999999997,273.00469753191004,3,5,OP(=O)([O-])P(O)(=O)[O-].Nc1cc[nH+]cc1.O
SULAMD,-0.08379999999999999,172.030648496,2,3,Nc1ccc(cc1)S(N)(=O)=O
SULAMD01,-0.08379999999999999,172.030648496,2,3,Nc1ccc(cc1)S(N)(=O)=O
SULAMD02,-0.08379999999999999,172.030648496,2,3,Nc1ccc(cc1)S(N)(=O)=O
SULAMD03,-0.08379999999999999,172.030648496,2,3,Nc1ccc(cc1)S(N)(=O)=O
SULAMD04,-0.08379999999999999,172.030648496,2,3,Nc1ccc(cc1)S(N)(=O)=O
SULAMD05,-0.08379999999999999,172.030648496,2,3,Nc1ccc(cc1)S(N)(=O)=O
SULAMD06,-0.08379999999999999,172.030648496,2,3,Nc1ccc(cc1)S(N)(=O)=O
SULAMD07,-0.08379999999999999,172.030648496,2,3,Nc1ccc(cc1)S(N)(=O)=O
SULAMD08,-0.08379999999999999,172.030648496,2,3,Nc1ccc(cc1)S(N)(=O)=O
SULAMD10,-0.08379999999999999,172.030648496,2,3,Nc1ccc(cc1)S(N)(=O)=O
SULAMD11,-0.08379999999999999,172.030648496,2,3,Nc1ccc(cc1)S(N)(=O)=O
SULAMD12,-0.08379999999999999,172.030648496,2,3,Nc1ccc(cc1)S(N)(=O)=O
SULAMD13,-0.08379999999999999,172.030648496,2,3,Nc1ccc(cc1)S(N)(=O)=O
SULAMD14,-0.08379999999999999,172.030648496,2,3,Nc1ccc(cc1)S(N)(=O)=O
SULAMH10,-0.9084999999999999,190.04121318,2,3,Nc1ccc(cc1)S(N)(=O)=O.O
SULDAZ,0.8596000000000001,250.05244656,2,5,Nc1ccc(cc1)S(=O)(=O)Nc1ncccn1
SULDAZ01,0.8596000000000001,250.05244656,2,5,Nc1ccc(cc1)S(=O)(=O)Nc1ncccn1
SULDAZ02,0.8596000000000001,250.05244656,2,5,Nc1ccc(cc1)S(=O)(=O)Nc1ncccn1
SULDAZ03,0.8596000000000001,250.05244656,2,5,Nc1ccc(cc1)S(=O)(=O)Nc1ncccn1
SULDAZ05,0.8596000000000001,250.05244656,2,5,Nc1ccc(cc1)S(=O)(=O)Nc1ncccn1
SULDAZ06,0.8596000000000001,250.05244656,2,5,Nc1ccc(cc1)S(=O)(=O)Nc1ncccn1
SULDAZ07,0.8596000000000001,250.05244656,2,5,Nc1ccc(cc1)S(=O)(=O)Nc1ncccn1
SULDAZ08,0.8596000000000001,250.05244656,2,5,Nc1ccc(cc1)S(=O)(=O)Nc1ncccn1
SULDAZ09,0.8596000000000001,250.05244656,2,5,Nc1ccc(cc1)S(=O)(=O)Nc1ncccn1
SULDAZ11,0.8596000000000001,250.05244656,2,5,Nc1ccc(cc1)S(=O)(=O)Nc1ncccn1
SULTHE01,-0.0917000000000005,435.0783440240001,3,9,Nc1ccc(cc1)S(=O)(=O)N=C1NC=CS1.CN1C(=O)N(C)C2=C(NC=N2)C1=O
SUMWEC,3.2242000000000015,441.1471873379999,2,5,C[NH2+]C(C)C(O)c1ccccc1.CC1(C)COP(=O)([O-])OC1c1ccccc1Cl
SUNDIQ,-2.1263999999999994,181.034353972,3,3,CCOC(=S)[S-].NC(N)=[NH2+]
SUPBEK,3.193900000000002,451.29472542400003,2,4,CCNC(=O)N(CCCN(C)C)C(=O)C1CC2C(CC3=CNc4cccc2c34)N(CC=C)C1
SUPBEK03,3.193900000000002,451.29472542400003,2,4,CCNC(=O)N(CCCN(C)C)C(=O)C1CC2C(CC3=CNc4cccc2c34)N(CC=C)C1
SUTHAZ,0.9479999999999997,255.013618528,2,4,Nc1ccc(cc1)S(=O)(=O)N=C1NC=CS1
SUTHAZ09,0.9479999999999997,255.013618528,2,4,Nc1ccc(cc1)S(=O)(=O)N=C1NC=CS1
SUTHAZ10,0.9479999999999997,255.013618528,2,4,Nc1ccc(cc1)S(=O)(=O)N=C1NC=CS1
SUTHAZ13,0.9479999999999997,255.013618528,2,4,Nc1ccc(cc1)S(=O)(=O)N=C1NC=CS1
SUTHAZ14,0.9479999999999997,255.013618528,2,4,Nc1ccc(cc1)S(=O)(=O)N=C1NC=CS1
SUTHAZ18,0.9479999999999997,255.013618528,2,4,Nc1ccc(cc1)S(=O)(=O)N=C1NC=CS1
SUTHAZ19,0.9479999999999997,255.013618528,2,4,Nc1ccc(cc1)S(=O)(=O)N=C1NC=CS1
SUTHAZ24,0.9479999999999997,255.013618528,2,4,Nc1ccc(cc1)S(=O)(=O)N=C1NC=CS1
SUTHAZ26,0.9479999999999997,255.013618528,2,4,Nc1ccc(cc1)S(=O)(=O)N=C1NC=CS1
SUTHAZ30,0.9479999999999997,255.013618528,2,4,Nc1ccc(cc1)S(=O)(=O)N=C1NC=CS1
SUTHAZ31,0.9479999999999997,255.013618528,2,4,Nc1ccc(cc1)S(=O)(=O)N=C1NC=CS1
SUTHAZ32,0.9479999999999997,255.013618528,2,4,Nc1ccc(cc1)S(=O)(=O)N=C1NC=CS1
SUTHAZ36,0.9479999999999997,255.013618528,2,4,Nc1ccc(cc1)S(=O)(=O)N=C1NC=CS1
SUTHAZ37,0.9479999999999997,255.013618528,2,4,Nc1ccc(cc1)S(=O)(=O)N=C1NC=CS1
SUTHAZ38,0.9479999999999997,255.013618528,2,4,Nc1ccc(cc1)S(=O)(=O)N=C1NC=CS1
SUTHAZ45,0.9479999999999997,255.013618528,2,4,Nc1ccc(cc1)S(=O)(=O)N=C1NC=CS1
SUTHAZ48,0.9479999999999997,255.013618528,2,4,Nc1ccc(cc1)S(=O)(=O)N=C1NC=CS1
SUTHAZ50,0.9479999999999997,255.013618528,2,4,Nc1ccc(cc1)S(=O)(=O)N=C1NC=CS1
SUTRUX,-0.17330000000000084,258.08652356,3,5,NC(=O)c1ccncc1.O=C1NC=NC2=C1C=NN2
SUTSAE,-1.174599999999999,222.12290906799998,4,5,O=C1NC=NC2=C1C=NN2.C1CNCCN1
SUTTUX,2.1269,323.03089810000006,2,5,OC(=O)c1ccc(cc1Cl)N(=O)=O.NC(=O)c1cccnc1
SUTVAF,-0.08700000000000052,318.08518616799995,3,5,OC(=O)c1cc[nH+]c(c1)C(=O)[O-].CC(=O)Nc1ccc(O)cc1
SUTWIO,2.6652000000000005,265.08849772,2,3,CCCSc1ccc2NC(Nc2c1)=NC(=O)OC
SUVBAP,0.6386999999999998,292.02508444800003,1,4,Clc1ccc2OC(=O)Nc2c1.O=C([O-])c1[nH+]cccc1
SUVVUB,-0.21527999999999914,347.09243573599997,4,4,[Cl-].Cc1cccc[n+]1c1cc(O)ccc1O.Oc1ccc(O)cc1
SUWGOG,2.831200000000001,402.155271816,4,8,N1C=NC(=N1)c1ccccn1.N1C=NC(=N1)c1ccccn1.Oc1ccc(O)cc1
SUWNON,-2.5399000000000003,273.033875304,1,2,N1C(=[NH+]c2ccccc12)C1=CSC=N1.O.O.[Cl-]
SUWNUT,-2.5399000000000003,316.98335972399997,1,2,N1C(=[NH+]c2ccccc12)C1=CSC=N1.O.O.[Br-]
SUXHIG,2.7029000000000005,301.18016984799993,3,4,NC1=NC(=O)NC=C1F.CCCCCCCCCC(O)=O
SUXHOM,4.263300000000004,357.24277010399993,3,4,NC1=NC(=O)NC=C1F.CCCCCCCCCCCCCC(O)=O
SUXHOM01,4.263300000000004,357.24277010399993,3,4,NC1=NC(=O)NC=C1F.CCCCCCCCCCCCCC(O)=O
SUYQUZ,-8.453900000000004,205.05857564809,2,4,[NH2+]1CC[NH2+]CC1.O=[Cl](=O)(=O)[O-].O
SUYTIT,1.1424999999999996,245.117569592,3,4,NC1=NC(=O)NC=C1F.CCCCCC(O)=O
SUYXUG,-1.9968999999999977,304.084140612,2,6,O=S(=O)([O-])[O-].Nc1cc[nH+]cc1.O.Nc1cc[nH+]cc1
SUYXUG01,-1.9968999999999981,304.084140612,2,6,Nc1cc[nH+]cc1.O=S(=O)([O-])[O-].Nc1cc[nH+]cc1.O
SUYYER,-0.42950000000000044,249.063722452,2,4,Oc1cccc2ccc[nH+]c12.OC(=O)CC(=O)[O-]
SUYYIV,0.14701999999999982,246.100442308,2,4,Cc1c[nH+]c(N)cc1.Oc1ccccc1C(=O)[O-]
SUZGEA,2.6522000000000006,426.153934424,1,9,COC(=O)C1=C(C)NC(=C(C1c1ccccc1N(=O)=O)C(=O)OC)C.c1cnccn1
SUZMOT,-1.5024999999999988,302.0763528,3,7,OC(=O)c1cccnc1C(=O)[O-].Nc1nc[nH+]c2N=CNc12
SUZQEL,-0.1688,260.079706864,2,4,OC(=O)c1ccccc1C(=O)[O-].Nc1cc[nH+]cc1
SUZZAO,2.62684,440.125968756,2,4,Cc1[nH+]cc(C[N+]2=CSC(=C2C)CCO)c(N)n1.F[B-](F)(F)F.F[B-](F)(F)F
TACBIK,4.148100000000003,372.20490737599994,2,4,C(Cc1ccncc1)c1ccncc1.OC(=O)CCCCCCCC(O)=O
TACCIL,2.1976,302.12665705599994,2,4,C(Cc1ccncc1)c1ccncc1.OC(=O)CCC(O)=O
TACCIL01,2.1976,302.12665705599994,2,4,C(Cc1ccncc1)c1ccncc1.OC(=O)CCC(O)=O
TACCIL02,2.1976,302.12665705599994,2,4,C(Cc1ccncc1)c1ccncc1.OC(=O)CCC(O)=O
TACCIL03,2.1976,302.12665705599994,2,4,C(Cc1ccncc1)c1ccncc1.OC(=O)CCC(O)=O
TACCIL04,2.1976,302.12665705599994,2,4,C(Cc1ccncc1)c1ccncc1.OC(=O)CCC(O)=O
TACCIL05,2.1976,302.12665705599994,2,4,C(Cc1ccncc1)c1ccncc1.OC(=O)CCC(O)=O
TACCIL06,2.1976,302.12665705599994,2,4,C(Cc1ccncc1)c1ccncc1.OC(=O)CCC(O)=O
TACCIL07,2.1976,302.12665705599994,2,4,C(Cc1ccncc1)c1ccncc1.OC(=O)CCC(O)=O
TACCIL08,2.1976,302.12665705599994,2,4,C(Cc1ccncc1)c1ccncc1.OC(=O)CCC(O)=O
TACCIL09,2.1976,302.12665705599994,2,4,C(Cc1ccncc1)c1ccncc1.OC(=O)CCC(O)=O
TACCIL10,2.1976,302.12665705599994,2,4,C(Cc1ccncc1)c1ccncc1.OC(=O)CCC(O)=O
TACCIL11,2.1976,302.12665705599994,2,4,C(Cc1ccncc1)c1ccncc1.OC(=O)CCC(O)=O
TACCIL12,2.1976,302.12665705599994,2,4,C(Cc1ccncc1)c1ccncc1.OC(=O)CCC(O)=O
TACCIL13,2.1976,302.12665705599994,2,4,C(Cc1ccncc1)c1ccncc1.OC(=O)CCC(O)=O
TACCIL14,2.1976,302.12665705599994,2,4,C(Cc1ccncc1)c1ccncc1.OC(=O)CCC(O)=O
TACCIL15,2.1976,302.12665705599994,2,4,C(Cc1ccncc1)c1ccncc1.OC(=O)CCC(O)=O
TACCIL16,2.1976,302.12665705599994,2,4,C(Cc1ccncc1)c1ccncc1.OC(=O)CCC(O)=O
TACCIL17,2.1976,302.12665705599994,2,4,C(Cc1ccncc1)c1ccncc1.OC(=O)CCC(O)=O
TACCIL18,2.1976,302.12665705599994,2,4,C(Cc1ccncc1)c1ccncc1.OC(=O)CCC(O)=O
TACCIL19,2.1976,302.12665705599994,2,4,C(Cc1ccncc1)c1ccncc1.OC(=O)CCC(O)=O
TACCIL20,2.1976,302.12665705599994,2,4,C(Cc1ccncc1)c1ccncc1.OC(=O)CCC(O)=O
TACCIL21,2.1976,302.12665705599994,2,4,C(Cc1ccncc1)c1ccncc1.OC(=O)CCC(O)=O
TACCIL22,2.1976,302.12665705599994,2,4,C(Cc1ccncc1)c1ccncc1.OC(=O)CCC(O)=O
TACCIL23,2.1976,302.12665705599994,2,4,C(Cc1ccncc1)c1ccncc1.OC(=O)CCC(O)=O
TACCIL24,2.1975999999999996,302.126657056,2,4,OC(=O)CCC(O)=O.C(Cc1ccncc1)c1ccncc1
TACCIL25,2.1975999999999996,302.126657056,2,4,OC(=O)CCC(O)=O.C(Cc1ccncc1)c1ccncc1
TACCIL26,2.1975999999999996,302.126657056,2,4,OC(=O)CCC(O)=O.C(Cc1ccncc1)c1ccncc1
TACCIL27,2.1975999999999996,302.126657056,2,4,OC(=O)CCC(O)=O.C(Cc1ccncc1)c1ccncc1
TACCIL28,-1.6335999999999955,302.126657056,0,4,O=C([O-])CCC(=O)[O-].C(Cc1cc[nH+]cc1)c1cc[nH+]cc1
TACCIL29,2.1975999999999996,302.126657056,2,4,OC(=O)CCC(O)=O.C(Cc1ccncc1)c1ccncc1
TACCIL30,2.1975999999999996,302.126657056,2,4,OC(=O)CCC(O)=O.C(Cc1ccncc1)c1ccncc1
TACCIL31,2.1975999999999996,302.126657056,2,4,OC(=O)CCC(O)=O.C(Cc1ccncc1)c1ccncc1
TACQUJ,-3.3876999999999997,146.06914218,2,3,[NH3+]C(CCC(N)=O)C(=O)[O-]
TADLIU,4.680000000000004,360.112836832,0,4,CC(C)OC(=O)C(C)(C)Oc1ccc(cc1)C(=O)c1ccc(Cl)cc1
TADLIU01,4.680000000000004,360.112836832,0,4,CC(C)OC(=O)C(C)(C)Oc1ccc(cc1)C(=O)c1ccc(Cl)cc1
TADLIU02,4.680000000000004,360.112836832,0,4,CC(C)OC(=O)C(C)(C)Oc1ccc(cc1)C(=O)c1ccc(Cl)cc1
TADLIU03,4.680000000000004,360.112836832,0,4,CC(C)OC(=O)C(C)(C)Oc1ccc(cc1)C(=O)c1ccc(Cl)cc1
TADLIU04,4.680000000000004,360.112836832,0,4,CC(C)OC(=O)C(C)(C)Oc1ccc(cc1)C(=O)c1ccc(Cl)cc1
TADPAQ,-3.5696999999999965,295.18636300409,3,4,CC1(C)OC(C)(CCC1C(O)=O)C(=O)[O-].[NH3+]CC[NH3+].O
TAFBUX,-3.396399999999998,158.024690524,1,1,[Cl-].NC(=O)c1c[nH+]ccc1
TAJVOP,2.5220000000000002,362.19540531199993,2,6,C1CC(CCC1CN1C=CN=C1)CN1C=CN=C1.OC(=O)CCC(O)=O
TAKJOH,1.30462,376.10929273999994,3,4,Cc1ccc(cc1)S(=O)(=O)[O-].[NH3+]C(CC1=CNc2ccccc12)C(O)=O
TAKPAW,-3.437099999999999,225.16830763609,3,3,[NH]C(CC(O)=O)C(=O)[O-].[NH3+]CCCC[NH3+].[H].[H].[H].[H]
TAKTUV,-3.3203999999999967,322.04875146,0,4,[OH2][Ca]([OH2])([OH2])([OH2])(Cl)Cl.C1N2CN3CN1CN(C2)C3
TALGOC,0.521199999999999,292.15543176391003,3,4,Oc1ccc(O)cc1.CC[NH2+]CC.[O-]c1ccc([O-])cc1
TAMBHB10,-6.789859999999996,441.96737108,2,4,[Br-].[Br-].Cc1[nH+]cc(C[N+]2=CSC(=C2C)CCO)c(N)n1.O
TAMCES,1.6687399999999992,353.173941596,2,4,Cc1cccc(Nc2ccccc2C(=O)[O-])c1C.O.Nc1cc[nH+]cc1
TAMCES01,1.6687399999999992,353.173941596,2,4,Cc1cccc(Nc2ccccc2C(=O)[O-])c1C.O.Nc1cc[nH+]cc1
TAMCIW,2.1525399999999992,381.2052417240001,1,4,Cc1cccc(Nc2ccccc2C(=O)[O-])c1C.O.CN(C)c1cc[nH+]cc1
TAMCIW01,2.1525399999999992,381.2052417240001,1,4,Cc1cccc(Nc2ccccc2C(=O)[O-])c1C.O.CN(C)c1cc[nH+]cc1
TAMCOC,2.0137199999999997,373.11931918000005,2,4,Cc1c(Cl)cccc1Nc1ccccc1C(=O)[O-].O.Nc1cc[nH+]cc1
TAMCUI,2.4975199999999997,401.15061930800005,1,4,Cc1c(Cl)cccc1Nc1ccccc1C(=O)[O-].O.CN(C)c1cc[nH+]cc1
TAMCUI01,2.4975200000000006,401.15061930800005,1,4,Cc1c(Cl)cccc1Nc1ccccc1C(=O)[O-].CN(C)c1cc[nH+]cc1.O
TAMDAP,0.96,342.15795718400005,1,4,COc1ccc2cc(ccc2c1)C(C)C(=O)[O-].O.Nc1cc[nH+]cc1
TAMDET,1.7846999999999997,324.1473925,1,4,COc1ccc2cc(ccc2c1)C(C)C(=O)[O-].Nc1[nH+]cccc1
TANCIW,-2.217799999999997,217.09502258,3,4,O.OO.[NH3+]C(Cc1ccccc1)C(=O)[O-]
TANCIW01,-2.2177999999999987,217.09502258,3,4,[NH3+]C(Cc1ccccc1)C(=O)[O-].OO.O
TANCOC,-3.2549999999999986,153.063722452,4,5,OO.[NH3+]C(C(C)O)C(=O)[O-]
TANXAH,3.3333000000000013,485.096671758,2,5,CC1(C)COP(=O)([O-])OC1c1ccccc1Br.C[NH2+]C(C)C(O)c1ccccc1
TAPBUL,2.3193,357.08956034000005,2,7,CC1=CC(=NO1)NS(=O)(=O)c1ccc(N)cc1.N#Cc1ccncc1
TAPCEW,2.3193,357.08956034000005,2,7,CC1=CC(=NO1)NS(=O)(=O)c1ccc(N)cc1.N#Cc1cccnc1
TAPCIA,1.5199999999999996,394.051794928,3,8,Nc1ccc(cc1)S(=O)(=O)N=C1NC=CS1.Nc1ncccc1N(=O)=O
TAPDIB,0.1057000000000008,467.02055437599995,2,9,[NH3+]c1ccc(cc1)S(=O)(=O)N=C1NC=CS1.O=C([O-])c1cc(cc(c1)N(=O)=O)N(=O)=O
TAPDOH,1.458499999999999,388.09537399199996,3,7,Nc1ccc(cc1)S(=O)(=O)N=C1NC=CC=C1.Nc1ncccc1N(=O)=O
TAPDUN,2.2036999999999995,377.071323432,3,5,Nc1ccc(cc1)S(=O)(=O)N=C1NC=CC=C1.Nc1ccc(Cl)cn1
TAPFAV,1.4584999999999995,388.09537399199996,3,7,Nc1ccc(cc1)S(=O)(=O)N=C1NC=CC=C1.Nc1ccc(cn1)N(=O)=O
TAPFEZ,1.5502999999999996,343.110295784,3,5,Nc1ccc(cc1)S(=O)(=O)N=C1NC=CC=C1.Nc1ccccn1
TAPFID,1.4953999999999998,450.04008287999994,2,7,Nc1ccc(cc1)S(=O)(=O)Nc1[nH+]cccc1.Clc1cc(ccc1C(=O)[O-])N(=O)=O
TAPFIZ,-4.635399999999999,204.948943624,3,3,O[Se](O)=O.[NH3+]CC(=O)[O-]
TAPNIH,2.709900000000001,425.176737878,2,5,CC1(C)COP(=O)([O-])OC1c1ccccc1F.C[NH2+]C(C)C(O)c1ccccc1
TAQNUV,1.46722,435.17289603999996,2,7,C[NH+]1CCN(CC1)C1=Nc2ccccc2NC2=C1C=C(C)S2.O=C([O-])c1cccnc1
TARPIO,1.8854000000000002,408.021655944,3,6,NS(=O)(=O)c1cc(C(O)=O)c(NCC2=CC=CO2)cc1Cl.CS(C)=O
TARPIO02,1.8854000000000002,408.021655944,3,6,NS(=O)(=O)c1cc(C(O)=O)c(NCC2=CC=CO2)cc1Cl.CS(C)=O
TARPOU,1.5951,403.060483976,3,6,NS(=O)(=O)c1cc(C(O)=O)c(NCC2=CC=CO2)cc1Cl.CN(C)C=O
TATBOJ,-1.060959999999996,450.20021592000006,4,6,OC(=O)CCC(O)=O.O=C([O-])CCC(=O)[O-].[NH3+]c1ccc(C)cc1.[NH3+]c1ccc(C)cc1
TAURIN,-1.1670999999999996,125.014664084,2,3,NCCS(O)(=O)=O
TAURIN01,-2.226499999999999,125.014664084,1,3,[NH3+]CCS(=O)(=O)[O-]
TAURIN04,-2.226499999999999,125.014664084,1,3,[NH3+]CCS(=O)(=O)[O-]
TAURIN05,-2.226499999999999,125.014664084,1,3,[NH3+]CCS(=O)(=O)[O-]
TAURIN06,-2.226499999999999,125.014664084,1,3,[NH3+]CCS(=O)(=O)[O-]
TAURIN07,-2.226499999999999,125.014664084,1,3,[NH3+]CCS(=O)(=O)[O-]
TAURIN08,-2.226499999999999,125.014664084,1,3,[NH3+]CCS(=O)(=O)[O-]
TAURIN09,-2.226499999999999,125.014664084,1,3,[NH3+]CCS(=O)(=O)[O-]
TAURIN10,-2.226499999999999,125.014664084,1,3,[NH3+]CCS(=O)(=O)[O-]
TAURIN11,-2.226499999999999,125.014664084,1,3,[NH3+]CCS(=O)(=O)[O-]
TAURIN12,-2.226499999999999,125.014664084,1,3,[NH3+]CCS(=O)(=O)[O-]
TAURIN13,-2.226499999999999,125.014664084,1,3,[NH3+]CCS(=O)(=O)[O-]
TAURIN14,-2.226499999999999,125.014664084,1,3,[NH3+]CCS(=O)(=O)[O-]
TAURIN15,-2.226499999999999,125.014664084,1,3,[NH3+]CCS(=O)(=O)[O-]
TAURIN16,-2.226499999999999,125.014664084,1,3,[NH3+]CCS(=O)(=O)[O-]
TAURIN17,-2.226499999999999,125.014664084,1,3,[NH3+]CCS(=O)(=O)[O-]
TAURIN18,-2.226499999999999,125.014664084,1,3,[NH3+]CCS(=O)(=O)[O-]
TAURIN19,-2.226499999999999,125.014664084,1,3,[NH3+]CCS(=O)(=O)[O-]
TAURIN20,-2.226499999999999,125.014664084,1,3,[NH3+]CCS(=O)(=O)[O-]
TAWDOL,-3.4076999999999993,157.052112212,3,5,[NH3+]S(=O)(=O)[O-].NCCN
TAWQUF,-1.9457999999999975,328.14230712000005,2,4,O=C([O-])c1ccc(C=Cc2ccc(cc2)C(=O)[O-])cc1.[NH3+]CC[NH3+]
TAWROA,-0.15780000000000016,379.12994528791006,1,5,O=C([O-])c1ccc(C=Cc2ccc(cc2)C(=O)[O-])cc1.Nc1cc[nH+]cc1.O
TAWRUG,-2.289199999999994,354.15795718399994,2,4,[NH2+]1CC[NH2+]CC1.O=C([O-])c1ccc(C=Cc2ccc(cc2)C(=O)[O-])cc1
TAYXOJ,-0.39369999999999905,282.09068879208996,3,4,Nc1ccccc1S(=O)(=O)[O-].[NH3+]c1ccc([NH3+])cc1
TAYXUP,0.02410000000000012,267.07978976009,2,3,O=S(=O)([O-])c1ccccc1.[NH3+]c1ccc([NH3+])cc1
TAYYAW,-0.06769999999999982,312.06486796809,2,5,O=N(=O)c1ccc(cc1)S(=O)(=O)[O-].[NH3+]c1ccc([NH3+])cc1
TAYYEA,-0.27029999999999976,283.07470438009005,3,4,Oc1ccc(cc1)S(=O)(=O)[O-].[NH3+]c1ccc([NH3+])cc1
TAZDOR,0.4253000000000005,374.08001247999994,3,4,Clc1cccc(Cl)c1Nc1ccccc1CC(=O)[O-].O.[NH3+]CCO
TAZRAO,4.697300000000004,416.1372217399999,2,4,NC(=O)N1c2ccccc2C=Cc2ccccc12.CC(=O)Oc1ccccc1C(O)=O
TAZRAO01,4.697300000000004,416.1372217399999,2,4,NC(=O)N1c2ccccc2C=Cc2ccccc12.CC(=O)Oc1ccccc1C(O)=O
TAZWOH,2.7047000000000008,379.128054024,4,6,OC(=O)c1ccccc1.Nc1ncnc2NC=Nc12.OC(=O)c1ccccc1
TAZWOH01,2.7047000000000008,379.128054024,4,6,Nc1ncnc2NC=Nc12.OC(=O)c1ccccc1.OC(=O)c1ccccc1
TAZZUP,-2.874699999999998,279.062021798,3,7,NC1=[NH+]C(=O)N(CC(CO)OCP(O)(=O)[O-])C=C1
TEDAPC34,-3.1328400000000003,158.95974454,0,2,[C]1[C][N][C][C][N]1.[O]Cl(=O)=O
TEGJOH,0.3299000000000005,361.188922964,4,5,CC(C)(C)[NH2+]CC(O)c1ccc(O)c(CO)c1.O=C([O-])c1ccccc1
TEJVUZ,-5.539699999999997,231.085520516,3,5,[NH3+]C(CC1=C[NH+]=CN1)C(=O)[O-].OCC(=O)[O-]
TEJWAG,-5.539699999999997,231.085520516,3,5,[NH3+]C(CC1=C[NH+]=CN1)C(=O)[O-].OCC(=O)[O-]
TEKHAS,-1.2734999999999956,462.295733376,4,6,[Na+].CC(CCC(=O)[O-])C1CCC2C3C(O)CC4CC(O)CCC4(C)C3CC(O)C12C.CO
TEKHEW,-0.49489999999999607,490.327033504,4,6,[Na+].CC(CCC(=O)[O-])C1CCC2C3C(O)CC4CC(O)CCC4(C)C3CC(O)C12C.CC(C)O
TEKVUE,-0.704599999999998,302.16304256399997,1,3,[NH2+]1CCN(CC1)c1ccccc1.O=C([O-])c1ccccc1.O
TELDAR,2.4707,430.2103866799999,2,4,O=C1CN(CC2N1CCc1ccccc21)C(=O)C1CCCCC1.OC(=O)CCC(O)=O
TELDAR01,2.4707,430.2103866799999,2,4,O=C1CN(CC2N1CCc1ccccc21)C(=O)C1CCCCC1.OC(=O)CCC(O)=O
TENDLI,-7.088199999999999,193.98922580599998,2,2,NCCN.[I-].[Li+]
TENNOR,0.3232999999999999,388.13828436,1,9,OC(=O)CCOc1ccc(C=O)cc1.CN1C=NC2=C1C(=O)N(C)C(=O)N2C
TENPAF,-0.8914999999999993,392.1331989799999,1,9,OC(=O)COc1ccccc1C=O.CN1C=NC2=C1C(=O)N(C)C(=O)N2C.O
TENYAO,1.2739,396.14336974,1,8,CN1C=NC2=C1C(=O)N(C)C(=O)N2C.OC(=O)COc1cccc2ccccc12
TENYES,1.2738999999999998,396.14336973999997,1,8,OC(=O)COc1ccc2ccccc2c1.CN1C=NC2=C1C(=O)N(C)C(=O)N2C
TEPSAM,0.15770000000000017,189.04895501399997,0,1,S=P(N1CC1)(N1CC1)N1CC1
TEPSEP,-0.997999999999996,345.160790068,1,3,[Cl-].C[NH+](C)CCCOC1=NN(Cc2ccccc2)c2ccccc12
TEQCAW,-1.3541999999999972,351.16818751999995,4,6,COc1ccc2cc(ccc2c1)C(C)C(=O)[O-].[NH3+]C(CO)(CO)CO
TEQCIE,3.0562000000000022,368.105833304,2,3,Clc1cccc(Cl)c1Nc1ccccc1CC(=O)[O-].[NH3+]C(C)(C)C
TEQCUQ,2.8393000000000006,354.155512572,2,3,FC(F)(F)c1cccc(Nc2ccccc2C(=O)[O-])c1.[NH3+]C(C)(C)C
TEQYIA,-1.3174999999999977,327.20457302799997,4,5,[NH3+]C(CO)(CO)CO.CC(C)Cc1ccc(cc1)C(C)C(=O)[O-]
TESFUU,-0.36526000000000036,251.022831952,1,4,ClC(Cl)C(=O)[O-].Cc1[nH+]c(N)nc(C)c1
TESTOM,3.054500000000002,306.21949481999997,1,2,CC12CCC3C(CCC4=CC(=O)CCC34C)C1CCC2O.O
TESTOM01,3.054500000000002,306.21949481999997,1,2,CC12CCC3C(CCC4=CC(=O)CCC34C)C1CCC2O.O
TETXOF,-0.4689000000000001,266.981361064,1,5,ClC(Cl)C(=O)[O-].Nc1[nH+]cc(cc1)N(=O)=O
TEVRAO,-4.2653,259.091668516,4,5,Nc1cc(ccc1C(=O)[O-])N(=O)=O.NC(N)=[NH2+].O
TEWXAU,-6.292600000000002,194.090271548,3,5,OC(CC(=O)[O-])C(=O)[O-].[NH3+]CC[NH3+]
TEWXEY,-7.460700000000003,238.116486296,3,5,OC(CC(=O)[O-])C(=O)[O-].[NH2+]1CC[NH2+]CC1.O
TEXRAT,-5.267499999999995,452.13657010799994,4,8,[NH3+]C(C(=O)NC1C2SCC(=C(N2C1=O)C(=O)[O-])C)c1ccccc1.[NH3+]C(CO)C(=O)[O-]
TEYSOJ,-1.1548799999999968,471.1113584040001,3,7,O=S(=O)([O-])c1cccc2ccccc12.NC(N)=[NH2+].N#CC(C#N)=C1C=CC(C=C1)=C(C#N)C#N
TEYTAU,-1.7292999999999974,183.089543276,2,3,[NH3+]CCO.O=C([O-])c1ccccc1
TEYVOJ,3.4932000000000025,457.22530847199994,3,4,CC(O)c1ccccc1.[NH3+]C(C(O)c1ccccc1)c1ccccc1.O=C([O-])c1ccccc1
TEYVUP,3.8016200000000024,471.24095853599994,3,4,CC(O)c1ccccc1C.[NH3+]C(C(O)c1ccccc1)c1ccccc1.O=C([O-])c1ccccc1
TEYWAW,4.055600000000004,485.2566086,3,4,[NH3+]C(C(O)c1ccccc1)c1ccccc1.O=C([O-])c1ccccc1.CCc1ccc(cc1)C(C)O
TEYWEA,4.445700000000003,499.272258664,3,4,O=C([O-])c1ccccc1.CCCc1ccc(cc1)C(C)O.[NH3+]C(C(O)c1ccccc1)c1ccccc1
TEYWIE,3.6323000000000025,475.2158866599999,3,4,CC(O)c1ccc(F)cc1.[NH3+]C(C(O)c1ccccc1)c1ccccc1.O=C([O-])c1ccccc1
TEYWUQ,3.3632000000000017,471.240958536,3,4,[NH3+]C(C(O)c1ccccc1)c1ccccc1.O=C([O-])c1ccccc1.CC(O)Cc1ccccc1
TEYXEB,3.5018000000000025,487.23587315599997,3,5,[NH3+]C(C(O)c1ccccc1)c1ccccc1.O=C([O-])c1ccccc1.COc1ccccc1C(C)O
TEYXIF,4.110040000000002,485.2566086,3,4,CC(O)c1ccc(C)cc1C.O=C([O-])c1ccccc1.[NH3+]C(C(O)c1ccccc1)c1ccccc1
TEZBAE,1.29962,321.07832696,2,5,NS(=O)(=O)CC1=NOc2ccccc12.CC1=CNC(=O)C=C1
TEZHIR,1.5358,344.105544752,2,6,Nc1ccc(cc1)S(=O)(=O)[N-]c1ncccn1.Nc1cc[nH+]cc1
TEZMUI,2.0877999999999997,309.12257472000005,3,6,OC(=O)c1ccccc1.Nc1nc(N)nc(n1)c1ccccc1
TEZTIC,-3.1344999999999983,308.00973999999997,2,4,[NH3+]CCCCC([NH3+])C(=O)[O-].ClC(Cl)(Cl)C(=O)[O-]
TEZVOJ,-3.5552,124.059640116,3,3,NC(N)=[NH2+].O=N[O-].O
TEZZEE,0.5448000000000024,391.20082504,2,5,C[NH+](C)CCC1=CNc2ccc(CN3C=NC=N3)cc12.O=C([O-])c1ccccc1
TEZZII,3.9093000000000027,405.07775998399995,2,3,CN(C)CCC1=CNc2ccc(CC3COC(=O)N3)cc12.ClC(Cl)Cl
TFPRZC,-3.880600000000002,479.117658852,2,2,[Cl-].[Cl-].C[NH+]1CC[NH+](CCCN2c3ccccc3Sc3ccc(cc23)C(F)(F)F)CC1
TGLYBE21,-7.765400000000001,310.10297743981994,3,6,F[Be-2](F)(F)F.[NH3+]CC(=O)[O-].[NH3+]CC(=O)[O-].[NH3+]CC(=O)[O-]
THBDAZ10,2.686400000000001,201.036068224,1,3,N1c2ccccc2N=C1C1=CSC=N1
THEOPH,-1.8643999999999998,198.07529018,1,5,CN1C(=O)N(C)C2=C(NC=N2)C1=O.O
THEOPH01,-1.8643999999999998,198.07529018,1,5,CN1C(=O)N(C)C2=C(NC=N2)C1=O.O
THEOPH02,-1.8643999999999998,198.07529018,1,5,CN1C(=O)N(C)C2=C(NC=N2)C1=O.O
THEOPH03,-1.8643999999999998,198.07529018,1,5,CN1C(=O)N(C)C2=C(NC=N2)C1=O.O
THEOPH04,-1.8643999999999998,198.07529018,1,5,CN1C(=O)N(C)C2=C(NC=N2)C1=O.O
THEOPH05,-1.8643999999999998,198.07529018,1,5,CN1C(=O)N(C)C2=C(NC=N2)C1=O.O
THEOPH06,-1.8643999999999998,198.07529018,1,5,CN1C(=O)N(C)C2=C(NC=N2)C1=O.O
THEOPH07,-1.8643999999999998,198.07529018,1,5,CN1C(=O)N(C)C2=C(NC=N2)C1=O.O
THEOPI,-4.616599999999999,216.041403208,1,4,CN1C(=O)N(C)C2=C(NC=[NH+]2)C1=O.[Cl-]
THEOPI01,-9.233200000000005,432.08280641600004,2,8,[Cl-].[Cl-].CN1C(=O)N(C)C2=C([NH+]=CN2)C1=O.CN1C(=O)N(C)C2=C([NH+]=CN2)C1=O
THGUAN10,0.5976899999999998,167.02656616,3,4,NC1=NC2=C(NC=N2)C(=S)N1
THGUAN11,0.5976899999999998,167.02656616,3,4,NC1=NC2=C(NC=N2)C(=S)N1
THGUAN12,0.5976899999999998,167.02656616,3,4,NC1=NC2=C(NC=N2)C(=S)N1
THIAMC,-6.789859999999996,354.06840223999995,2,4,[Cl-].[Cl-].Cc1[nH+]cc(C[N+]2=CSC(=C2C)CCO)c(N)n1.O
THIAMC01,-6.789859999999997,354.06840223999995,2,4,Cc1[nH+]cc(C[N+]2=CSC(=C2C)CCO)c(N)n1.O.[Cl-].[Cl-]
THIAMC11,-6.789859999999997,354.06840223999995,2,4,Cc1[nH+]cc(C[N+]2=CSC(=C2C)CCO)c(N)n1.O.[Cl-].[Cl-]
THIAMC12,-6.789859999999999,354.06840223999995,2,4,Cc1[nH+]cc(C[N+]2=CSC(=C2C)CCO)c(N)n1.[Cl-].[Cl-].O
THIAMC13,-6.789859999999996,354.06840223999995,2,4,[Cl-].[Cl-].Cc1[nH+]cc(C[N+]2=CSC(=C2C)CCO)c(N)n1.O
THIAMC14,-6.789859999999996,354.06840223999995,2,4,[Cl-].[Cl-].Cc1[nH+]cc(C[N+]2=CSC(=C2C)CCO)c(N)n1.O
THIAMC16,-6.789859999999996,354.06840223999995,2,4,[Cl-].[Cl-].Cc1[nH+]cc(C[N+]2=CSC(=C2C)CCO)c(N)n1.O
THIMCH10,-3.2129599999999967,318.09172452800004,2,5,[Cl-].Cc1ncc(C[N+]2=CSC(=C2C)CCO)c(N)n1.O
THIMHC,-6.917759999999996,354.06840223999995,2,4,[NH3+]c1nc(C)ncc1C[N+]1=CSC(=C1C)CCO.O.[Cl-].[Cl-]
THOCAR,2.7851000000000017,206.043521688,1,3,OC(=O)CCCCC1CCSS1
THOCAR01,2.7851000000000017,206.043521688,1,3,OC(=O)CCCCC1CCSS1
THOCAR02,2.7851000000000017,206.043521688,1,3,OC(=O)CCCCC1CCSS1
THOPBA,-0.3392999999999995,412.14951773999996,3,8,CN1C(=O)N(C)C2=C(NC=N2)C1=O.CCC1(C(=O)NC(=O)NC1=O)c1ccccc1
THPPTI,-4.301959999999997,496.07940191199987,2,9,Cc1[nH+]cc(C[N+]2=CSC(=C2C)CCOP(=O)([O-])OP(O)(=O)[O-])c(N)n1.O.O.O.O
THTHXN01,3.4707000000000026,443.170119168,0,5,CN1CCN(CCC=C2c3ccccc3Sc3ccc(cc23)S(=O)(=O)N(C)C)CC1
THXMAM01,-2.3391999999999995,121.073893212,4,4,NC(CO)(CO)CO
THXMAM02,-2.3391999999999995,121.073893212,4,4,NC(CO)(CO)CO
THXMAM03,-2.3391999999999995,121.073893212,4,4,NC(CO)(CO)CO
THXMAM04,-2.3391999999999995,121.073893212,4,4,NC(CO)(CO)CO
THXMAM11,-2.3391999999999995,121.073893212,4,4,NC(CO)(CO)CO
THXMAM13,-2.3391999999999995,121.073893212,4,4,NC(CO)(CO)CO
THXMAM14,-2.3391999999999995,121.073893212,4,4,NC(CO)(CO)CO
THXMAM15,-2.3391999999999995,121.073893212,4,4,NC(CO)(CO)CO
THXMAM16,-2.3391999999999995,121.073893212,4,4,NC(CO)(CO)CO
THXMAM17,-2.3391999999999995,121.073893212,4,4,NC(CO)(CO)CO
THXMAM18,-2.3391999999999995,121.073893212,4,4,NC(CO)(CO)CO
THXMAM19,-2.3391999999999995,121.073893212,4,4,NC(CO)(CO)CO
THXMAM20,-2.3391999999999995,121.073893212,4,4,NC(CO)(CO)CO
THXMAM21,-2.3391999999999995,121.073893212,4,4,NC(CO)(CO)CO
THXMAM22,-2.3391999999999995,121.073893212,4,4,NC(CO)(CO)CO
TIBNEY,1.9229,287.163376912,2,3,CN(C)CCC1=CNc2ccc(CC3COC(=O)N3)cc12
TIBXIP,-0.4918999999999993,420.155745992,3,8,COc1cc(Cc2c[nH+]c(N)nc2N)cc(OC)c1OC.FC1=C[N-]C(=O)NC1=O
TIBXIP01,-0.4918999999999991,420.15574599200005,3,8,FC1=C[N-]C(=O)NC1=O.COc1cc(Cc2c[nH+]c(N)nc2N)cc(OC)c1OC
TIBXOV,2.355400000000001,400.1746698679999,4,9,COc1cc(Cc2cnc(N)nc2N)cc(OC)c1OC.Oc1ccccc1O
TIBZIO,1.7262199999999996,219.089543276,2,3,Cc1cc[n+]([O-])cc1.Oc1ccc(O)cc1
TICFIU,-1.5745999999999967,337.12165457209005,3,4,Oc1ccc(cc1)S(=O)(=O)c1ccc([O-])cc1.[NH2+]1CC[NH2+]CC1
TICFOA,2.4282000000000004,304.12454888,4,5,Oc1ccc(Sc2ccc(O)cc2)cc1.C1CNCCN1
TICHIX,3.6323000000000025,475.2158866599999,3,4,CC(O)c1ccc(F)cc1.[NH3+]C(C(O)c1ccccc1)c1ccccc1.O=C([O-])c1ccccc1
TICKEV,4.339600000000005,406.18925731199994,2,6,COc1ccc(cc1)C=NCCN=Cc1ccc(OC)cc1.Oc1ccc(O)cc1
TICREE,2.24962,343.110295784,2,6,Nc1ccc(cc1)S(=O)(=O)Nc1ncccn1.Cc1ccncc1
TICRII,3.5066000000000024,432.13684488,2,7,Nc1ccc(cc1)S(=O)(=O)Nc1ncccn1.c1cc(ccn1)C=Cc1ccncc1
TICRIJ,-6.271299999999998,188.019938448,3,5,[K+].NCC(O)=O.NCC(=O)[O-]
TICROO,2.7360000000000007,430.121194816,2,7,Nc1ccc(cc1)S(=O)(=O)Nc1ncccn1.c1cc(ccn1)C#Cc1ccncc1
TIDPOL,-5.144399999999992,419.094349652,2,4,C[NH+]1C2CC(CC1C1OC21)OC(=O)C(CO)c1ccccc1.O.O.[Br-]
TIDPOL01,-5.144399999999992,419.094349652,2,4,C[NH+]1C2CC(CC1C1OC21)OC(=O)C(CO)c1ccccc1.[Br-].O.O
TIGBUG01,-4.5947000000000005,224.08746077190997,3,8,NC(N)=[NH2+].N1=N[N-]C(=N1)N=NC1=NN=N[N-]1
TIGDEV,1.3848,122.036779432,1,1,OC(=O)c1ccccc1
TIGDUL,1.3848,122.036779432,1,1,OC(=O)c1ccccc1
TIGDUL01,1.3848,122.036779432,1,1,OC(=O)c1ccccc1
TIGKUQ,-2.273100000000001,223.059305768,3,6,Nc1c[nH+]ccc1N.OC1=C([O-])C(=O)C1=O
TIGNAA,-1.9958999999999982,367.039354608,2,4,CN1C(=C(O)c2ccccc2S1(=O)=O)C(=O)Nc1[nH+]cccc1.[Cl-]
TIGNEE,1.6719000000000002,391.083806264,3,6,CN1C(=C(O)c2ccccc2S1(=O)=O)C(=O)Nc1ccccn1.CC(O)=O
TIHSAH,1.0826999999999993,347.111735264,3,7,NC(=O)c1cnccn1.COc1cc(C=CC(O)=O)cc(OC)c1O
TIJCOI,0.024699999999999056,348.0214520479999,2,4,C=CCNC(=S)NN=Cc1[nH+]cccc1.ClC(Cl)C(=O)[O-]
TIJHUP,1.5483000000000002,384.10074792399996,2,3,Clc1cccc(Cl)c1Nc1ccccc1CC(=O)[O-].[NH2+]1CCCC1.O
TIKBIB,-2.831399999999995,475.20858953190987,3,8,COc1ccc2nccc(C(O)C3CC4CC[NH+]3CC4C=C)c2c1.OC(CC(=O)[O-])C(=O)[O-].O
TIKBOH,-1.4966999999999977,476.21586598399983,4,7,COc1ccc2nccc(C(O)C3CC4CC[NH+]3CC4C=C)c2c1.OC(CC(O)=O)C(=O)[O-].O
TIKBUN,-2.831399999999995,475.20858953190987,3,8,COc1ccc2nccc(C(O)C3CC4CC[NH+]3CC4C=C)c2c1.O.OC(CC(=O)[O-])C(=O)[O-]
TILYAR,-0.3413999999999998,373.0943709479999,3,6,CCCSc1ccc2NC(=[NH+]c2c1)NC(=O)OC.OC(=O)C(=O)[O-].O
TILYEV,3.5615200000000007,437.107912836,2,6,Cc1ccc(cc1)S(=O)(=O)[O-].CCCSc1ccc2[NH+]=C(NC(=O)OC)Nc2c1
TILYEV01,3.5615200000000016,437.1079128359999,2,6,CCCSc1ccc2[NH+]=C(NC(=O)OC)Nc2c1.Cc1ccc(cc1)S(=O)(=O)[O-]
TILYUL,2.73682,455.11847752,2,6,Cc1ccc(cc1)S(=O)(=O)[O-].CCCSc1ccc2[NH+]=C(NC(=O)OC)Nc2c1.O
TILYUL01,2.7368200000000016,455.1184775199999,2,6,CCCSc1ccc2NC(=[NH+]c2c1)NC(=O)OC.Cc1ccc(cc1)S(=O)(=O)[O-].O
TIMMIO,2.428400000000001,441.102827456,2,6,O=S(=O)([O-])c1ccccc1.CCCSc1ccc2NC(=[NH+]c2c1)NC(=O)OC.O
TINLAH,-0.394099999999999,336.13684488,3,6,Nc1ccc(cc1)S(=O)(=O)[N-]c1ncccn1.[NH2+]1CCNCC1
TINLAH01,-0.394099999999999,336.13684488,3,6,Nc1ccc(cc1)S(=O)(=O)[N-]c1ncccn1.[NH2+]1CCNCC1
TINYIZ,-2.7108999999999996,359.9907972959101,2,7,ClC1=C([O-])C(=O)C(=C([O-])C1=O)Cl.O.Nc1[nH+]cnc2NC=Nc12
TIPQER,4.2371000000000025,402.999009788,1,5,OC(=O)CSC1=NN=C(Br)N1c1ccc(C2CC2)c2ccccc12
TIPQER01,4.2371000000000025,402.999009788,1,5,OC(=O)CSC1=NN=C(Br)N1c1ccc(C2CC2)c2ccccc12
TIPQER02,4.2371000000000025,402.999009788,1,5,OC(=O)CSC1=NN=C(Br)N1c1ccc(C2CC2)c2ccccc12
TIPQER04,4.2371000000000025,402.999009788,1,5,OC(=O)CSC1=NN=C(Br)N1c1ccc(C2CC2)c2ccccc12
TIPQER05,4.2371000000000025,402.999009788,1,5,OC(=O)CSC1=NN=C(Br)N1c1ccc(C2CC2)c2ccccc12
TIPQER06,4.2371000000000025,402.999009788,1,5,OC(=O)CSC1=NN=C(Br)N1c1ccc(C2CC2)c2ccccc12
TIPWAQ,-2.275399999999994,314.19540531199993,2,6,C1[NH+]2CN3CN1CN(C2)C3.OC(=O)CCCCCCC(=O)[O-]
TIPWAQ01,-2.275399999999994,314.19540531199993,2,6,C1[NH+]2CN3CN1CN(C2)C3.OC(=O)CCCCCCC(=O)[O-]
TIRZAX,-0.7498000000000005,153.078978592,2,2,[NH3+]CCc1ccc(O)c([O-])c1
TISJEL,2.6512200000000004,266.116761068,1,4,Cc1ccnc2N(C3CC3)c3ncccc3C(=O)Nc12
TISJEL01,2.6512200000000004,266.116761068,1,4,Cc1ccnc2N(C3CC3)c3ncccc3C(=O)Nc12
TISWOL,-4.954099999999995,474.0388808239999,4,6,O=[Se](=O)([O-])[O-].O.[NH3+]c1ccc(cc1)C(O)=O.[NH3+]c1ccc(cc1)C(O)=O.O.O
TISWUR,-2.4799999999999978,420.00718677199995,4,6,O=[Se](=O)([O-])[O-].[NH3+]c1ccc(cc1)C(O)=O.[NH3+]c1ccc(cc1)C(O)=O
TIWXOM,-4.1366999999999985,243.06225965191,1,5,O=C1C(=O)C(=C1[O-])[O-].Nc1cc[nH+]cc1.O.O
TIWXOM01,-3.3120000000000003,225.05169496791,1,5,Nc1cc[nH+]cc1.O=C1C(=O)C(=C1[O-])[O-].O
TIXGIQ,-1.863799999999999,380.0115466079099,2,7,O=S(=O)([O-])c1cccc2c1cccc2S(=O)(=O)[O-].[NH3+]CC(O)=O.O
TIYQAU01,1.1235999999999993,337.14378434,1,5,CC(=O)NCC1CN(C(=O)O1)c1ccc(N2CCOCC2)c(F)c1
TIZTUT,-2.471799999999998,368.05383879600004,4,5,[NH3+]C(C)(P(O)(=O)[O-])P(O)(=O)[O-].Oc1cccc2ccc[nH+]c12.O
TMPFOR01,-0.9571999999999994,336.1433697399999,2,8,COc1cc(Cc2c[nH+]c(N)nc2N)cc(OC)c1OC.O=C[O-]
TMPHCL01,-2.3192999999999966,326.114568148,2,6,COc1cc(Cc2c[nH+]c(N)nc2N)cc(OC)c1OC.[Cl-]
TMTURS,1.4126,208.016261384,0,3,CN(C)C(=S)SC(=S)N(C)C
TMTURS01,1.4126,208.016261384,0,3,CN(C)C(=S)SC(=S)N(C)C
TOBJUT,0.031900000000000706,267.092914404,1,3,CS(=O)(=O)[O-].C#CC[NH2+]C1CCc2ccccc12
TOBMEE,2.2157,316.178692628,3,4,COc1ccc2cc(ccc2c1)C(C)C(O)=O.C1CNCCN1
TODLUX,0.8880199999999996,325.09099982,4,8,CC1=NC=C(N1CCO)N(=O)=O.OC(=O)c1cc(O)ccc1O
TODNIM,2.2358,230.105527688,3,3,OC(=O)c1ccccc1.Nc1ccccc1N
TOFDIF,2.4581999999999997,327.07428713599995,3,5,OC(=O)C1=Cc2ccccc2OC1=O.Nc1ccc(cc1)C(O)=O
TOFPAJ,-0.9876999999999991,332.08691748399997,3,9,CN1N=NC2=C(N=CN2C1=O)C(N)=O.OC(=O)c1cccc(O)c1
TOHBUN,3.0740000000000016,490.22499118799993,3,5,CCC1=C(C)CN(C(=O)NCCc2ccc(cc2)S(=O)(=O)NC(=O)NC2CCC(C)CC2)C1=O
TOHBUN01,3.0740000000000016,490.22499118799993,3,5,CCC1=C(C)CN(C(=O)NCCc2ccc(cc2)S(=O)(=O)NC(=O)NC2CCC(C)CC2)C1=O
TOHBUN02,3.0740000000000016,490.22499118799993,3,5,CCC1=C(C)CN(C(=O)NCCc2ccc(cc2)S(=O)(=O)NC(=O)NC2CCC(C)CC2)C1=O
TOHXAS,4.057520000000001,396.09330624,4,6,Oc1cccc(O)c1O.CC1=C(C=NO1)C(=O)Nc1ccc(cc1)C(F)(F)F
TOHXEW,3.312920000000001,365.1099593480001,2,6,CC1=C(C=NO1)C(=O)Nc1ccc(cc1)C(F)(F)F.Nc1ncccn1
TOHZIC,1.0193,387.13180201200004,3,7,Oc1cc2OC(=CC(=O)c2c(O)c1O)c1ccccc1.C[N+](C)(C)CC(=O)[O-]
TOHZOI,0.7670000000000003,391.16310214000003,4,7,Oc1ccc(CCC(=O)c2c(O)cc(O)cc2O)cc1.C[N+](C)(C)CC(=O)[O-]
TOJBUS,4.344520000000003,408.09330623999995,3,5,CC1=C(C=NO1)C(=O)Nc1ccc(cc1)C(F)(F)F.OC(=O)c1cccc(O)c1
TOJCAZ,2.1183199999999998,393.093640588,1,5,O=C([O-])c1[nH+]cccc1.CC1=C(C=NO1)C(=O)Nc1ccc(cc1)C(F)(F)F
TOJCIF,-15.559099999999978,299.11667091208994,4,0,[Cl-].[Cl-].[NH2+]1CC[NH2+]CC1.[NH2+]1CC[NH2+]CC1.[Cl-].O
TOJKUB,-12.309700000000005,360.8999984960001,3,0,[Br-].[Br-].[Br-].O.[NH2+]1CC[NH2+]CC1.[NH4+]
TOJKUB01,-12.309700000000005,360.8999984960001,3,0,[Br-].[Br-].[Br-].O.[NH2+]1CC[NH2+]CC1.[NH4+]
TOJPAM,0.33200000000000013,398.1841719319999,2,4,[NH3+]C(C(N)=O)c1ccccc1.COc1ccc2cc(ccc2c1)C(C)C(=O)[O-].O
TOJPIU,1.1567,380.17360724799994,2,4,[NH3+]C(C(N)=O)c1ccccc1.COc1ccc2cc(ccc2c1)C(C)C(=O)[O-]
TOKFEI,1.97548,412.16343648800006,3,6,Oc1ccccc1C(=O)[O-].OC(=O)c1ccccc1O.Cc1[nH+]c(C)c(C)nc1C
TOKSES,2.1198000000000015,393.14711207600004,1,0,[Cl-].CC([NH2+]CCCc1cccc(c1)C(F)(F)F)c1cccc2ccccc12
TOKSES02,2.1197999999999997,393.14711207600004,1,0,CC([NH2+]CCCc1cccc(c1)C(F)(F)F)c1cccc2ccccc12.[Cl-]
TOMVOJ,2.6456,356.14845511999994,2,6,CC(=NN=C(C)c1cccnc1)c1cccnc1.OC(=O)CCC(O)=O
TONBEF,-2.388399999999998,316.08877420809,2,7,O=N(=O)c1cc(c([O-])c(c1)N(=O)=O)N(=O)=O.[NH2+]1CC[NH2+]CC1
TOPPNP,0.2606999999999994,319.09166851599997,2,8,CN1C(=O)N(C)C2=C(N=CN2)C1=O.Oc1ccc(cc1)N(=O)=O
TOPZIK,0.032100000000002904,390.21547205999997,2,6,COCCc1ccc(OCC(O)C[NH2+]C(C)C)cc1.O=C([O-])c1cccnc1
TOPZIK01,0.032100000000002904,390.21547205999997,2,6,COCCc1ccc(OCC(O)C[NH2+]C(C)C)cc1.O=C([O-])c1cccnc1
TOSGOZ,1.0707000000000002,403.18556889999996,3,9,COc1cc(Cc2cnc(N)nc2N)cc(OC)c1OC.O=C1CCCC(=O)N1
TOSGUF,1.706799999999999,431.21686902799996,3,9,COc1cc(Cc2cnc(N)nc2N)cc(OC)c1OC.CC1(C)CC(=O)NC(=O)C1
TOVLAV,4.777400000000004,428.23245951600006,1,5,CCCCC1=NC2(CCCC2)C(=O)N1Cc1ccc(cc1)c1ccccc1C1=NN=NN1
TOWDUI,-15.573199999999993,438.1009944919998,2,8,[OH2][Ca+2]([OH2])([OH2])([OH2])([OH2])[OH2].O=C([O-])C[NH+](CC[NH+](CC(=O)[O-])CC(=O)[O-])CC(=O)[O-]
TOXXIN,1.41762,231.100776656,2,4,CC1=CC(=NO1)C(=O)NNCc1ccccc1
TOZTAF,-4.864999999999994,274.127719676,3,7,C1[NH+]2CN3CN1CN(C2)C3.OC(CC(O)=O)C(=O)[O-]
TOZTEJ,-2.6885999999999957,306.132805056,2,6,OC(=O)c1ccccc1C(=O)[O-].C1[NH+]2CN3CN1CN(C2)C3
TOZTIN,-3.8357999999999954,258.132805056,2,6,C1[NH+]2CN3CN1CN(C2)C3.OC(=O)CCC(=O)[O-]
TOZTIN01,-1.0839999999999979,258.132805056,2,6,OC(=O)CCC(O)=O.C1N2CN3CN1CN(C2)C3
TOZTIN06,-1.0839999999999979,258.132805056,2,6,OC(=O)CCC(O)=O.C1N2CN3CN1CN(C2)C3
TOZTIN10,-1.0839999999999979,258.132805056,2,6,OC(=O)CCC(O)=O.C1N2CN3CN1CN(C2)C3
TOZXIT,-5.205299999999999,234.07126742,4,4,O=C1NC(=O)C(=C[N-]1)N(=O)=O.NC(N)=[NH2+].O
TPROLC,-1.3202799999999963,332.16554110000004,1,1,[Cl-].Cc1ccc(cc1)C(=CC[NH+]1CCCC1)c1ccccn1.O
TPYPOP10,-3.3671599999999957,460.01382088799994,3,8,[Cl-].Cc1[nH+]cc(C[N+]2=CSC(=C2C)CCOP(=O)([O-])OP(O)(O)=O)c(N)n1
TRISHC10,-6.051999999999997,157.050570924,4,3,[Cl-].[NH3+]C(CO)(CO)CO
TRISHC11,-6.051999999999997,157.050570924,4,3,[Cl-].[NH3+]C(CO)(CO)CO
TRISHC12,-6.051999999999997,157.050570924,4,3,[Cl-].[NH3+]C(CO)(CO)CO
TRPPAC,0.9312999999999999,296.15247788,2,2,O=C([O-])Cc1ccccc1.[NH3+]CCC1=CNc2ccccc12
TRYPTC02,-2.590499999999997,240.066555336,3,1,[Cl-].[NH3+]C(CC1=CNc2ccccc12)C(O)=O
TRYPTD10,-2.590499999999997,284.016039756,3,1,[Br-].[NH3+]C(CC1=CNc2ccccc12)C(O)=O
TRYPTD11,-2.5904999999999987,284.016039756,3,1,[NH3+]C(CC1=CNc2ccccc12)C(O)=O.[Br-]
TUBNEN,4.777400000000004,428.23245951600006,1,5,CCCCC1=NC2(CCCC2)C(=O)N1Cc1ccc(cc1)c1ccccc1C1=NN=NN1
TUBNIR,4.777400000000004,428.23245951600006,1,5,CCCCC1=NC2(CCCC2)C(=O)N1Cc1ccc(cc1)c1ccccc1C1=NN=NN1
TUBNIR01,4.777400000000004,428.23245951600006,1,5,CCCCC1=NC2(CCCC2)C(=O)N1Cc1ccc(cc1)c1ccccc1C1=NN=NN1
TUBXUM,-0.3122999999999976,393.077759984,2,2,[Cl-].C[N+]1=C(CCCC(O)=O)Nc2cc(ccc12)N(CCCl)CCCl
TUBXUM01,-0.3122999999999976,393.077759984,2,2,[Cl-].C[N+]1=C(CCCC(O)=O)Nc2cc(ccc12)N(CCCl)CCCl
TUDLOT,-1.281300000000001,293.09241746399994,2,5,O.NC1=[NH+]C=NC2=C1N=CN2.Fc1ccccc1C(=O)[O-]
TUDSEQ,2.6949000000000005,265.157897608,1,3,C1CN=C(CN(Cc2ccccc2)c2ccccc2)N1
TUFPUG,0.3417999999999995,271.116820644,0,6,O=N(=O)[O-].CCC1C(COC1=O)CC1=C[NH+]=CN1C
TUGGOV,2.9137200000000014,442.1740011719999,3,7,NC(=O)c1cccnc1.COc1c(C)c2COC(=O)c2c(O)c1CC=C(C)CCC(O)=O
TUGNIU,-12.142200000000008,323.12083714791004,4,9,O=C([O-])C[NH+](CC[NH+](CC(=O)[O-])CC(=O)[O-])CC(=O)[O-].[NH3+]N
TUGNOA,-12.859000000000009,324.1281136,4,8,O=C([O-])C[NH+](CC[NH+](CC(=O)[O-])CC(=O)[O-])CC(=O)[O-].[NH3+][NH3+]
TUHFUX,-2.042899999999998,233.05692282,2,4,OS(=O)(=O)[O-].C[N+](C)(C)CC(O)=O.O
TUHLUG,-1.9317999999999982,390.04666916391,4,7,OC(=O)c1cc(C(=O)[O-])c(cc1C(=O)[O-])C(O)=O.[NH3+]c1ccc(cc1)C(O)=O
TUHLUG01,-1.9317999999999982,390.04666916391,4,7,OC(=O)c1cc(C(=O)[O-])c(cc1C(=O)[O-])C(O)=O.[NH3+]c1ccc(cc1)C(O)=O
TULZEF,-8.796460000000017,476.223076604,4,8,[NH3+]C(CCC(=O)[O-])C(=O)[O-].[NH3+]C(CCC(=O)[O-])C(=O)[O-].O.CC1=[NH+]C=CN1.CC1=[NH+]C=CN1
TUPBUC,1.3726,480.23593273199987,3,7,CC12CCC(=O)C=C1CCC1C3CCC(O)(C(=O)COC(=O)CCC(O)=O)C3(C)CC(O)C21.O
TUPTUU,0.4919999999999997,266.045819892,2,4,Nc1[nH+]cc(Cl)cc1.Oc1ccccc1C(=O)[O-]
TUPTUU01,0.49199999999999994,266.045819892,2,4,Oc1ccccc1C(=O)[O-].Nc1[nH+]cc(Cl)cc1
TUPWIO,2.897400000000001,388.14230712,1,5,O=C([O-])CCC1=NC(=C(O1)c1ccccc1)c1ccccc1.Oc1c[nH+]ccc1
TUPWOU,4.108700000000002,388.16556798409005,2,4,OC(=O)CCC1=NC(=C(O1)c1ccccc1)c1ccccc1.Nc1c[nH+]ccc1
TUPXEL,4.035600000000003,451.10895839200003,1,5,O=S(=O)([O-])c1ccccc1.OC(=O)CCC1=[NH+]C(=C(O1)c1ccccc1)c1ccccc1
TUQJAR,-3.788599999999999,208.007326208,2,2,[NH3+]c1ccc(cc1)S(N)(=O)=O.[Cl-]
TUQMUN,-3.5942199999999973,317.0594998439101,3,7,O=S(=O)([O-])CCCCS(=O)(=O)[O-].CC#N.NC(N)=[NH2+]
TUQNAU,-4.904299999999998,248.00165061991,3,6,NC(N)=[NH2+].O=S(=O)([O-])CCS(=O)(=O)[O-]
TUQNEC,0.7795000000000005,398.1073781559999,3,8,CCC(N1CCCC1=O)C(N)=O.OC(=O)c1cc(cc(c1O)N(=O)=O)N(=O)=O
TUQNOI,-0.7391399999999988,454.0860489399099,3,8,NC(N)=[NH2+].N#CCCCCC#N.O=S(=O)([O-])c1cccc2c1cccc2S(=O)(=O)[O-]
TUQPAW,-2.7245999999999975,378.04351543191,4,7,O=S(=O)([O-])c1cccc2c1cccc2S(=O)(=O)[O-].NC(N)=[NH2+].CO
TUQPIE,-2.333099999999998,346.0173006839099,3,6,NC(N)=[NH2+].O=S(=O)([O-])c1cccc2c1cccc2S(=O)(=O)[O-]
TUQPOK,-0.9031399999999978,474.05474881191003,3,8,N#Cc1ccc(cc1)C#N.O=S(=O)([O-])c1ccc2cc(ccc2c1)S(=O)(=O)[O-].NC(N)=[NH2+]
TURNOM,2.5624400000000014,378.21547205999997,4,5,Oc1cc(O)cc(O)c1.CCN(CC)CC(=O)Nc1c(C)cccc1C.O
TURPUR,-7.230899999999998,306.06993002800004,4,8,OC1=C([O-])C(=O)C1=O.OC1=C([O-])C(=O)C1=O.[NH3+]CC[NH3+].O
TUTFOE,-5.542200000000001,315.14413255182006,3,6,CC1(CC(C)(CC(C)(C1)C(=O)[O-])C(=O)[O-])C(=O)[O-].NC(N)=[NH2+]
TUVBIY,1.6687399999999997,353.173941596,2,4,Cc1cccc(Nc2ccccc2C(=O)[O-])c1C.Nc1[nH+]cccc1.O
TUVBIY01,1.6687399999999997,353.173941596,2,4,Cc1cccc(Nc2ccccc2C(=O)[O-])c1C.Nc1[nH+]cccc1.O
TUVLOO,0.9297999999999995,369.079469832,3,8,NC1=NC(=O)N(C=C1F)C1CSC(CO)O1.OC(=O)c1ccccc1
TUVLOO01,0.9297999999999995,369.079469832,3,8,NC1=NC(=O)N(C=C1F)C1CSC(CO)O1.OC(=O)c1ccccc1
TUVROU,2.2144000000000013,492.31004114000007,1,6,CC(C)c1cc(C(C)C)c(C(=O)c2ccc(cc2)C(=O)[O-])c(c1)C(C)C.C1[NH+]2CN3CN1CN(C2)C3
TUVROU01,2.2144000000000013,492.31004114000007,1,6,CC(C)c1cc(C(C)C)c(C(=O)c2ccc(cc2)C(=O)[O-])c(c1)C(C)C.C1[NH+]2CN3CN1CN(C2)C3
TUVROU02,2.2144000000000013,492.31004114000007,1,6,CC(C)c1cc(C(C)C)c(C(=O)c2ccc(cc2)C(=O)[O-])c(c1)C(C)C.C1[NH+]2CN3CN1CN(C2)C3
TUVRUA,2.2144000000000013,492.31004114000007,1,6,CC(C)c1cc(C(C)C)c(C(=O)c2ccc(cc2)C(=O)[O-])c(c1)C(C)C.C1[NH+]2CN3CN1CN(C2)C3
TUVRUA01,1.3871000000000016,492.31004114000007,2,6,CC(C)c1cc(C(C)C)c2c(c1)C(C)(C)C2(O)c1ccc(cc1)C(=O)[O-].C1[NH+]2CN3CN1CN(C2)C3
TUVRUA02,2.2144000000000013,492.31004114000007,1,6,CC(C)c1cc(C(C)C)c(C(=O)c2ccc(cc2)C(=O)[O-])c(c1)C(C)C.C1[NH+]2CN3CN1CN(C2)C3
TUVRUA03,2.2144000000000013,492.31004114000007,1,6,CC(C)c1cc(C(C)C)c(C(=O)c2ccc(cc2)C(=O)[O-])c(c1)C(C)C.C1[NH+]2CN3CN1CN(C2)C3
TUVRUA04,2.2144000000000013,492.31004114000007,1,6,CC(C)c1cc(C(C)C)c(C(=O)c2ccc(cc2)C(=O)[O-])c(c1)C(C)C.C1[NH+]2CN3CN1CN(C2)C3
TUVRUA05,2.2144000000000013,492.31004114000007,1,6,CC(C)c1cc(C(C)C)c(C(=O)c2ccc(cc2)C(=O)[O-])c(c1)C(C)C.C1[NH+]2CN3CN1CN(C2)C3
TUVSEL,1.3871000000000016,492.31004114000007,2,6,CC(C)c1cc(C(C)C)c2c(c1)C(C)(C)C2(O)c1ccc(cc1)C(=O)[O-].C1[NH+]2CN3CN1CN(C2)C3
TUVSOV,1.3871000000000016,492.31004114000007,2,6,CC(C)c1cc(C(C)C)c2c(c1)C(C)(C)C2(O)c1ccc(cc1)C(=O)[O-].C1[NH+]2CN3CN1CN(C2)C3
TUVSOV01,1.3871000000000016,492.31004114000007,2,6,CC(C)c1cc(C(C)C)c2c(c1)C(C)(C)C2(O)c1ccc(cc1)C(=O)[O-].C1[NH+]2CN3CN1CN(C2)C3
TUVSOV02,1.3871000000000016,492.31004114000007,2,6,CC(C)c1cc(C(C)C)c2c(c1)C(C)(C)C2(O)c1ccc(cc1)C(=O)[O-].C1[NH+]2CN3CN1CN(C2)C3
TUVSOV03,1.3871000000000016,492.31004114000007,2,6,CC(C)c1cc(C(C)C)c2c(c1)C(C)(C)C2(O)c1ccc(cc1)C(=O)[O-].C1[NH+]2CN3CN1CN(C2)C3
TUVSOV04,1.3871000000000016,492.31004114000007,2,6,CC(C)c1cc(C(C)C)c2c(c1)C(C)(C)C2(O)c1ccc(cc1)C(=O)[O-].C1[NH+]2CN3CN1CN(C2)C3
TUVSOV05,1.3871000000000016,492.31004114000007,2,6,CC(C)c1cc(C(C)C)c2c(c1)C(C)(C)C2(O)c1ccc(cc1)C(=O)[O-].C1[NH+]2CN3CN1CN(C2)C3
TUVSOV06,1.3871000000000016,492.31004114000007,2,6,CC(C)c1cc(C(C)C)c2c(c1)C(C)(C)C2(O)c1ccc(cc1)C(=O)[O-].C1[NH+]2CN3CN1CN(C2)C3
TUVSOV07,1.3871000000000016,492.31004114000007,2,6,CC(C)c1cc(C(C)C)c2c(c1)C(C)(C)C2(O)c1ccc(cc1)C(=O)[O-].C1[NH+]2CN3CN1CN(C2)C3
TUVVIS,2.2144000000000013,492.31004114000007,1,6,CC(C)c1cc(C(C)C)c(C(=O)c2ccc(cc2)C(=O)[O-])c(c1)C(C)C.C1[NH+]2CN3CN1CN(C2)C3
TUWBOD,-5.592399999999998,196.04627523991002,3,6,[NH3+]CC(O)=O.O=C([O-])C(=O)[O-].CO
TUWFIB,2.3681,302.143056068,2,3,CC(NCc1ccc(OCc2cccc(F)c2)cc1)C(N)=O
TUWFIB01,2.3681,302.143056068,2,3,CC(NCc1ccc(OCc2cccc(F)c2)cc1)C(N)=O
TUWHEZ,-4.557099999999998,222.988364592,1,5,O=[Cl](=O)(=O)[O-].OC(=O)c1c[nH+]ccc1
TUWHEZ01,-4.557099999999998,222.988364592,1,5,O=[Cl](=O)(=O)[O-].OC(=O)c1c[nH+]ccc1
TUWHEZ02,-4.557099999999999,222.988364592,1,5,OC(=O)c1c[nH+]ccc1.O=[Cl](=O)(=O)[O-]
TUXCAR,3.004500000000001,366.205576072,2,4,CN(C)CCC1=CNc2ccc(CC3COC(=O)N3)cc12.c1ccncc1
TUXPEJ,2.972200000000001,295.095691276,2,4,COC(=O)NC1=Nc2ccc(cc2N1)C(=O)c1ccccc1
TUYKAB,0.4177000000000011,333.15762283600003,2,5,COc1cc(OC)cc(c1)C(=O)[O-].[NH3+]C(C)C(O)c1ccccc1
TUYMOP,-9.44870000000001,322.11082945218,4,3,O=[Se]([O-])[O-].O.[NH2+]1CC[NH2+]CC1.[NH2+]1CC[NH2+]CC1
TUYMUV,-9.192000000000009,416.0066153081801,4,5,O=[Se]([O-])O[Se](=O)[O-].[NH2+]1CC[NH2+]CC1.[NH2+]1CC[NH2+]CC1
TUZCOI,0.9103999999999994,478.24677218799997,2,5,O=C([O-])Cc1ccccc1.COc1ccc2nccc(C(O)C3CC4CC[NH+]3CC4C=C)c2c1.O
TUZCUO,0.9103999999999994,478.24677218799997,2,5,O=C([O-])Cc1ccccc1.COc1ccc2nccc(C(O)C3CC4CC[NH+]3CC4C=C)c2c1.O
TUZJIJ,-0.5880799999999992,307.108958392,2,4,[NH3+]C(C(C)C)C(O)=O.Cc1ccc(cc1)S(=O)(=O)[O-].O
TZIMCX,-4.332699999999997,236.07885133599999,2,3,[Cl-].CN(C)N=NC1=C(NC=[NH+]1)C(N)=O.O
UBEGEP,-0.25700000000000034,341.06076231200007,1,8,O=N(=O)c1cc(c([O-])c(c1)N(=O)=O)N(=O)=O.Nc1cc[nH+]cc1.O
UBEJIW,0.7720999999999998,366.0447779,0,9,O=N(=O)c1cc(c([O-])c(c1)N(=O)=O)N(=O)=O.COC(=O)c1c[nH+]ccc1
UBILAW,2.687700000000001,329.137556088,3,5,CCC(C)=NNC(=O)c1ccncc1.OC(=O)c1ccccc1O
UBUBIC,2.4554,424.16209380399994,4,7,CN1[N]C(=NN(C)C1=O)c1ccccn1.Oc1ccc(O)cc1.Oc1ccc(O)cc1
UCACUW,4.492280000000004,419.1593541520001,0,5,COc1ccc2cc3[n+](CCc4cc5OCOc5cc34)cc2c1OC.N#N=[N-].CC#N
UCADAD,3.110680000000002,394.09872805599997,0,6,COc1ccc2cc3[n+](CCc4cc5OCOc5cc34)cc2c1OC.[S-]C#N
UCANUK,3.781200000000001,430.0179715720001,0,6,FS(F)(F)F.FS(F)(F)F.F.CN1C=NC2=C1C(=O)N(C)C(=O)N2C
UCAXOP,4.257100000000005,498.1346348959999,2,5,Clc1ccccc1C(N1C=[NH+]C=C1)(c1ccccc1)c1ccccc1.Oc1cccc(C(=O)[O-])c1O
UCEMEV,-3.0504999999999995,247.069201756,4,5,[NH3+]CC(=O)[O-].OC(=O)c1cc(O)cc(O)c1.O
UCEMEV01,-3.0504999999999995,247.069201756,4,5,[NH3+]CC(=O)[O-].OC(=O)c1cc(O)cc(O)c1.O
UCEZUB,0.7057000000000004,466.2103866799999,4,6,C[NH+]1CCCC1c1cccnc1.OC(C(O)=O)c1ccccc1.OC(C(=O)[O-])c1ccccc1
UCOTUC,4.172400000000001,322.22564282,2,3,CCCCCCCCCCCC(O)=O.NC(=O)c1cccnc1
UCUVET,-0.08139999999999997,424.126195452,0,7,CN1CCN(CC1)C(=O)OC1N(C(=O)c2nccnc12)c1ccc(Cl)cn1.O.O
UCUVET01,-0.08139999999999997,424.126195452,0,7,CN1CCN(CC1)C(=O)OC1N(C(=O)c2nccnc12)c1ccc(Cl)cn1.O.O
UCUXEY,-6.913899999999998,274.92369085191,2,6,OC(=O)CC(O)(CC(=O)[O-])C(=O)[O-].[Rb+]
UDAKOA,-0.8245999999999993,336.01982610399995,2,6,[NH3+]c1ccc(cc1)S(=O)(=O)N=C1NC=CS1.O=N(=O)[O-].O
UDEPIG,-1.3876999999999982,274.098728056,2,4,[NH3+]Cc1ccc(cc1)S(N)(=O)=O.CCCC(=O)[O-]
UDEPOM,-0.9975999999999987,288.11437811999997,2,4,[NH3+]Cc1ccc(cc1)S(N)(=O)=O.CCCCC(=O)[O-]
UDEPUS,-1.7777999999999978,260.083077992,2,4,[NH3+]Cc1ccc(cc1)S(N)(=O)=O.CCC(=O)[O-]
UDOMIL,2.349100000000001,194.094294308,1,3,CCCCOC(=O)c1ccc(O)cc1
UDOVIV,-0.5246,258.065199672,4,4,FC1=CNC(=O)NC1=O.Oc1ccc(O)cc1.O
UDUWIB,-2.217799999999998,217.09502258,3,4,OO.[NH3+]C(Cc1ccccc1)C(=O)[O-].O
UDUZOI,3.1106,293.11642672,2,4,c1cc(ccn1)c1ccncc1.Nc1ccc(cc1)C(O)=O
UDUZOI01,3.1106,293.11642672,2,4,c1cc(ccn1)c1ccncc1.Nc1ccc(cc1)C(O)=O
UFALET,-4.149299999999999,288.070598724,4,5,OC(=O)c1cccc(c1C(=O)[O-])N(=O)=O.NC(N)=[NH2+].O
UFAZAC,-3.121299999999998,289.11426068409,2,5,O=N(=O)c1ccc([O-])c(c1)N(=O)=O.[NH2+]1CC[NH2+]CC1.O
UFETAA,0.03770000000000029,273.10010796,1,3,OC(=O)Cc1ccccc1.O=C([O-])C[n+]1ccccc1
UGAHUF,4.803400000000004,304.240230264,0,2,CC1(C)C2CCC1(C)C(=O)C2.CC1(C)C2CCC1(C)C(=O)C2
UGAWIK,3.8499000000000025,352.13107374,2,5,CC1(C)CCC2=C(O1)c1ccccc1C(=O)C2=O.Oc1cccc(O)c1
UGEHEV,4.257100000000004,498.1346348959999,2,5,Clc1ccccc1C(N1C=[NH+]C=C1)(c1ccccc1)c1ccccc1.Oc1ccc(O)c(c1)C(=O)[O-]
UGITAG,-1.7739999999999991,392.1583511079999,4,4,[NH3+]C(CC1=CNc2ccccc12)C(=O)[O-].OC(C(O)=O)c1ccccc1.O.O
UGIVAI,-1.970899999999999,255.096753896,4,8,NC1=NC2=C(N=CN2COC(CO)CO)C(=O)N1
UGIVAI01,-1.970899999999999,255.096753896,4,8,NC1=NC2=C(N=CN2COC(CO)CO)C(=O)N1
UGIYEP,4.136700000000003,336.22016351599996,0,2,CCC(=O)N(C1CCN(CC1)CCc1ccccc1)c1ccccc1
UGOSOA,-2.344979999999996,349.07111008390996,3,8,CC1=C[NH+]=C(N)S1.O=C([O-])CCC(=O)[O-].OC(=O)CCC(O)=O
UHACEM,-0.16780000000000012,203.079372516,3,3,OC(=O)CCC(O)=O.O=C1CCCN1
UHAWUZ,1.4587999999999997,354.13280505599994,4,6,NC(=O)c1cccnc1.NC(=O)c1cccnc1.Oc1ccc(O)cc1
UHAWUZ01,1.4587999999999997,354.13280505599994,4,6,NC(=O)c1cccnc1.NC(=O)c1cccnc1.Oc1ccc(O)cc1
UHAYEH,0.9341000000000006,380.12513283199996,3,6,CCc1[nH+]c(N)nc(N)c1c1ccc(Cl)cc1.OC(=O)CCCC(=O)[O-]
UHAYIL,0.309,294.0883534,2,5,CCc1[nH+]c(N)nc(N)c1c1ccc(Cl)cc1.O=C[O-]
UHAZOS,3.432400000000003,334.21440943999994,4,4,CC1(O)C2CCCC3CC1CC(C2)C3(C)O.Oc1ccc(O)cc1
UHAZUY,3.678400000000003,348.23005950399994,4,4,Oc1ccc(O)cc1.CC1CC2CC3CC(CC(C1)C3(C)O)C2(C)O
UHEBIW,-0.20799999999999957,466.09720739599993,3,9,O=C([O-])c1cc(cc(c1)N(=O)=O)N(=O)=O.NC(=O)c1c[nH+]ccc1.OC(=O)CCCC(O)=O
UHEBOC,2.2672800000000004,488.16556172799994,2,9,NC(=O)c1cccnc1.OC(=O)c1cc(cc(c1)N(=O)=O)N(=O)=O.O.Cc1nc(C)c(C)nc1C
UHEBUI,2.663100000000001,354.121571676,4,5,Oc1ccc(O)cc1.NC(=O)c1cccnc1.OC(=O)c1ccccc1
UHEKUR,0.7705,306.08518616800006,4,7,COC(=O)c1cc(O)c(O)c(O)c1.NC(=O)c1cccnc1
UHEPIG,3.4124000000000017,483.1446888019999,2,5,O=P1([O-])Oc2ccc3ccccc3c2c2c(O1)ccc1ccccc21.O.[NH3+]C(C(C)C)C(O)=O
UHEPOP,0.5647199999999994,490.15067888399994,2,6,COc1ccc2N(C(=C(CC(O)=O)c2c1)C)C(=O)c1ccc(Cl)cc1.O=C([O-])C1[NH2+]CCC1.O
UHISAI,-4.310099999999998,180.08774612791,1,4,[NH3+]CC.O=C([O-])CCC(=O)[O-].O
UHITOV,-0.7775999999999985,331.13321965599994,1,5,Fc1cc2C(=O)C(=CN(C3CC3)c2cc1N1CC[NH2+]CC1)C(=O)[O-]
UHITOV01,1.5833,331.13321965599994,2,5,OC(=O)C1=CN(C2CC2)c2cc(N3CCNCC3)c(F)cc2C1=O
UHITOV02,-0.7775999999999985,331.13321965599994,1,5,Fc1cc2C(=O)C(=CN(C3CC3)c2cc1N1CC[NH2+]CC1)C(=O)[O-]
UHITUB,-7.897100000000006,444.17526377609,1,5,[Na+].O.O.O.O.O.Fc1cc2C(=O)C(=CN(C3CC3)c2cc1N1CC[NH2+]CC1)C(=O)[O-]
UHITUB01,-8.721800000000005,462.18582846009,1,5,[Na+].O.O.O.O.O.O.Fc1cc2C(=O)C(=CN(C3CC3)c2cc1N1CC[NH2+]CC1)C(=O)[O-]
UHIZAO,3.3772000000000015,413.211469976,2,5,Fc1ccc(cc1)C(=O)CCCN1CCC(CC1)N1C(=O)Nc2ccccc12.CO
UHIZES,2.9440000000000017,399.195819912,1,4,Fc1ccc(cc1)C(=O)CCCN1CCC(CC1)N1C(=O)Nc2ccccc12.O
UHOXAR,3.4385000000000012,354.23072820000004,3,4,CC1(C)CC(C)(c2ccc(O)cc2)c2ccccc2O1.C1CNCCN1
UJACIV,-2.7475999999999994,235.076412376,3,8,[NH3+]CC(=O)[O-].O=N(=O)[O-].O=N(=O)[O-].[NH4+].[NH4+]
UJAGUH,-4.088299999999997,403.13102673599997,2,4,[Cl-].OC(=O)C1=CN(C2CC2)c2cc(N3CC[NH2+]CC3)c(F)cc2C1=O.O.O
UJIZUK,-3.34131,276.056679976,3,8,O=N(=O)C1=NN(C=C1)[C-](N(=O)=O)N(=O)=O.NC(N)=[NH2+]
UJOBAY,-3.9463100000000004,277.05192894400005,3,9,O=N(=O)C1=NN(C=N1)[C-](N(=O)=O)N(=O)=O.NC(N)=[NH2+]
UJOCUS,-4.057499999999999,243.085520516,4,3,OC(=O)c1cccc(c1)C(=O)[O-].NC(N)=[NH2+].O
UJODAZ,-6.216899999999998,260.08880874791004,3,4,O=C([O-])c1ccc(cc1)C(=O)[O-].NC(N)=[NH2+].O.O
UJONEN,-6.6938999999999975,185.02840158809,2,0,[Br-].[NH2+]1CC[NH2+]CC1.O
UJONEN01,-6.6938999999999975,185.02840158809,2,0,[Br-].[NH2+]1CC[NH2+]CC1.O
UKAKIA,2.659160000000001,285.10144535200004,0,5,N#Cc1ccc(cc1)C(N1C=NC=N1)c1ccc(cc1)C#N
UKAXAI,1.4870199999999996,400.16343648800006,3,6,OC(=O)c1ccccc1O.Oc1ccccc1C(=O)[O-].CCN1C=C[N+](=C1C)C
UKEXIU,-0.6341800000000002,381.0808290599999,3,9,O=C([O-])c1cc(cc(c1)N(=O)=O)N(=O)=O.Cc1[nH+]cc(CO)c(CO)c1O
UKIVOC,-3.4594000000000005,376.87776092400014,3,7,O[Se](=O)O[Se](=O)[O-].Nc1[nH+]cnc2NC=Nc12
UKIWUJ,-2.891399999999999,264.971410384,3,5,O[Se](=O)[O-].Nc1[nH+]cnc2NC=Nc12
UKODUW,-0.03409999999999719,424.1181293040001,4,3,Clc1cccc(Cl)c1Nc1ccccc1CC(=O)[O-].CN(C)C(N)=NC(N)=[NH2+]
UKOKOX,-0.2584999999999997,390.08116340800007,4,8,OC(=O)c1cc(cc(c1)C(O)=O)C(O)=O.CN1C(=O)N(C)C2=C(NC=N2)C1=O
UKOKUD,-0.2584999999999997,390.08116340800007,4,8,OC(=O)c1cccc(C(O)=O)c1C(O)=O.CN1C(=O)N(C)C2=C(NC=N2)C1=O
UKOLUE,-1.072799999999999,422.10737815600004,3,9,OC(=O)c1cccc(C(O)=O)c1C(O)=O.O.CN1C=NC2=C1C(=O)N(C)C(=O)N2C
UKUYOS,3.7958000000000016,457.1736668239999,2,7,COc1ccc(Cc2nccc3cc(OC)c(OC)cc23)cc1OC.OC(=O)CCC(O)=O
UKUYUY,4.185900000000003,471.1893168879999,2,7,COc1ccc(Cc2nccc3cc(OC)c(OC)cc23)cc1OC.OC(=O)CCCC(O)=O
ULABAN,3.2414000000000014,266.105527688,2,4,Oc1cccc(O)c1.c1ccc(nc1)c1ccccn1
ULAVAH,2.0704199999999995,488.22057450399996,1,8,CCCC1=NC(=C2N1N=C(NC2=O)c1cc(ccc1OCC)S(=O)(=O)N1CCN(CC)CC1)C
ULAXIO,-1.014699999999999,363.08655625190994,2,7,CCc1[nH+]c(N)nc(N)c1c1ccc(Cl)cc1.O=C([O-])C=CC(=O)[O-]
ULAXOU,0.32000000000000023,364.09383270399996,3,6,CCc1[nH+]c(N)nc(N)c1c1ccc(Cl)cc1.OC(=O)C=CC(=O)[O-]
ULAXUA,1.6912000000000003,414.10948276799996,3,6,CCc1[nH+]c(N)nc(N)c1c1ccc(Cl)cc1.OC(=O)c1ccccc1C(=O)[O-]
ULAYAH,0.5440000000000009,366.10948276799996,3,6,CCc1[nH+]c(N)nc(N)c1c1ccc(Cl)cc1.OC(=O)CCC(=O)[O-]
ULAZIQ,1.3726999999999998,301.09502258,3,5,OCCN1C(=O)c2ccccc2C1=O.Oc1cccc(O)c1
ULECAQ,-0.3180000000000002,270.06003404,2,7,CO.O=C1CN(N=CC2=CC=C(O2)N(=O)=O)C(=O)N1
ULECAQ01,-0.31799999999999995,270.06003404,2,7,O=C1CN(N=CC2=CC=C(O2)N(=O)=O)C(=O)N1.CO
ULETEL,-3.694399999999999,326.09425351208995,2,7,O=N(=O)c1cc(c([O-])c(c1)N(=O)=O)N(=O)=O.[NH3+]CC[NH3+].O.O
ULOVOJ,3.904600000000003,472.222288756,2,9,COc1cc(Cc2cnc(N)nc2N)cc(OC)c1OC.c1cc(ccn1)C=Cc1ccncc1
ULOVOJ01,3.904600000000003,472.222288756,2,9,COc1cc(Cc2cnc(N)nc2N)cc(OC)c1OC.c1cc(ccn1)C=Cc1ccncc1
ULOVOJ02,3.904600000000003,472.222288756,2,9,COc1cc(Cc2cnc(N)nc2N)cc(OC)c1OC.c1cc(ccn1)C=Cc1ccncc1
ULOVOJ03,3.904600000000003,472.222288756,2,9,COc1cc(Cc2cnc(N)nc2N)cc(OC)c1OC.c1cc(ccn1)C=Cc1ccncc1
ULOVOJ04,3.904600000000003,472.222288756,2,9,COc1cc(Cc2cnc(N)nc2N)cc(OC)c1OC.c1cc(ccn1)C=Cc1ccncc1
ULOVOJ05,3.904600000000003,472.222288756,2,9,COc1cc(Cc2cnc(N)nc2N)cc(OC)c1OC.c1cc(ccn1)C=Cc1ccncc1
ULOXAX,3.401200000000002,446.206638692,2,9,COc1cc(Cc2cnc(N)nc2N)cc(OC)c1OC.c1cc(ccn1)c1ccncc1
ULOXEB,-0.7028999999999984,431.18048351999994,2,9,COc1cc(Cc2c[nH+]c(N)nc2N)cc(OC)c1OC.O=C([O-])c1cccnc1.O
ULOYUR,2.7047,320.08307799199997,2,5,C(Sc1ccncc1)c1ccncc1.OC(=O)CCC(O)=O
ULUNIB,-3.837899999999999,204.942218256,2,1,[NH3+]CCS.[I-]
ULUQUP,-1.0198999999999996,336.079663008,3,7,OB(O)c1ccc(Cl)cc1.CN1C(=O)N(C)C2=C(NC=N2)C1=O
ULUQUP01,-1.0198999999999996,336.079663008,3,7,OB(O)c1ccc(Cl)cc1.CN1C(=O)N(C)C2=C(NC=N2)C1=O
ULURAW,-1.0686999999999993,428.015283328,3,7,OB(O)c1ccc(I)cc1.CN1C(=O)N(C)C2=C(NC=N2)C1=O
ULUREA,-1.9676999999999991,318.11354998,4,8,OB(O)c1ccc(O)cc1.CN1C(=O)N(C)C2=C(NC=N2)C1=O
UMAMEA,-2.2637999999999994,411.176740824,4,6,Oc1ccc(cc1)C1=COc2cc([O-])cc(O)c2C1=O.[NH2+]1CCNCC1.O.O.O.[H]
UMEXIU,-3.2754999999999983,434.074363776,3,9,OC(=O)c1cc(ccc1O)S(=O)(=O)[O-].CN1C(=O)N(C)C2=C([NH+]=CN2)C1=O.O.O
UMIBUN,-4.8654999999999955,299.04843998399997,3,6,[Cl-].NC1=[NH+]C(=O)N(C=C1)C1OC(CO)C(O)C1(F)F
UMINOT,2.5827999999999998,300.11100699199994,2,4,c1cc(ccn1)C=Cc1ccncc1.OC(=O)CCC(O)=O
UMIPOX,-4.434199999999993,374.1437636639999,4,8,C1[NH+]2CN3CN1CN(C2)C3.OC(=O)CC(C(CC(O)=O)C(=O)[O-])C(O)=O
UMOGAE,-15.890000000000004,293.99396470799996,1,7,OC(CC(=O)[O-])(CC(=O)[O-])C(=O)[O-].[Na+].[Na+].[Na+].O.O
UMOGAE01,-15.890000000000002,293.993964708,1,7,[Na+].[Na+].[Na+].OC(CC(=O)[O-])(CC(=O)[O-])C(=O)[O-].O.O
UMOGAE02,-15.890000000000004,293.99396470799996,1,7,OC(CC(=O)[O-])(CC(=O)[O-])C(=O)[O-].[Na+].[Na+].[Na+].O.O
UMONER,-3.5311999999999983,251.090605896,2,4,N1C=[NH+]c2ccccc12.[NH3+]C(CC(=O)[O-])C(=O)[O-]
UMOYED,-4.873299999999999,204.111006992,2,4,O=C([O-])C1(CCC1)C(=O)[O-].[NH3+]CC[NH3+]
UMUYOR,0.7220000000000014,488.19205124800004,4,8,NC(=O)c1ccncc1.NC(=O)c1ccncc1.NC(=O)c1cccnc1.NC(=O)c1cccnc1
UMUZAE,4.544600000000003,417.064696764,3,4,NC(=O)c1ccncc1.OC(=O)Cc1ccccc1Nc1c(Cl)cccc1Cl
UNATEI,-6.521399999999993,286.09829934009,1,3,[OH2][Mg+2]([OH2])([OH2])([OH2])([OH2])[OH2].Nc1ccc(cc1)C(=O)[O-].O
UNAYIU,2.4836,316.178692628,3,5,COc1cc(OC)cc(C=Cc2ccc(O)cc2)c1.NCCN
UNEFEY,-3.644999999999997,460.25331411199994,4,8,C1CN2CC[NH+]1CC2.OC(=O)CCC(=O)[O-].C1CN2CCN1CC2.OC(=O)CCC(O)=O
UNEGEZ,1.5039000000000002,300.204907376,2,4,OC(=O)CCCCCCCC(O)=O.C1CN2CCN1CC2
UNEXOA,-5.965159999999997,336.057837556,2,4,Cc1[nH+]cc(C[N+]2=CSC(=C2C)CCO)c(N)n1.[Cl-].[Cl-]
UNEYIV01,3.3819000000000026,314.10889881599996,1,2,NC(=O)N1c2ccccc2C=Cc2ccccc12.CS(C)=O
UNEYIV02,3.3819000000000026,314.10889881599996,1,2,NC(=O)N1c2ccccc2C=Cc2ccccc12.CS(C)=O
UNEYIV06,3.3819000000000026,314.108898816,1,2,CS(C)=O.NC(=O)N1c2ccccc2C=Cc2ccccc12
UNEYIV07,3.3819000000000026,314.108898816,1,2,CS(C)=O.NC(=O)N1c2ccccc2C=Cc2ccccc12
UNEYOB,3.637800000000002,344.116092372,1,3,O=C1C=CC(=O)C=C1.NC(=O)N1c2ccccc2C=Cc2ccccc12
UNEYUH,4.698800000000004,370.13174243599997,1,3,NC(=O)N1c2ccccc2C=Cc2ccccc12.O=Cc1ccc(C=O)cc1
UNEZAO,3.5059000000000013,419.093977024,2,4,O=C1NS(=O)(=O)c2ccccc12.NC(=O)N1c2ccccc2C=Cc2ccccc12
UNEZAO01,3.5059000000000013,419.093977024,2,4,O=C1NS(=O)(=O)c2ccccc12.NC(=O)N1c2ccccc2C=Cc2ccccc12
UNEZES,3.567700000000002,358.142975816,2,3,NC(=O)N1c2ccccc2C=Cc2ccccc12.NC(=O)c1cccnc1
UNEZES02,3.567700000000002,358.142975816,2,3,NC(=O)N1c2ccccc2C=Cc2ccccc12.NC(=O)c1cccnc1
UNEZIW,3.4781000000000013,296.11609237199997,2,2,NC(=O)N1c2ccccc2C=Cc2ccccc12.CC(O)=O
UNEZOC,3.088000000000001,282.100442308,2,2,OC=O.NC(=O)N1c2ccccc2C=Cc2ccccc12
UNEZUI,4.258300000000003,324.1473924999999,2,2,NC(=O)N1c2ccccc2C=Cc2ccccc12.CCCC(O)=O
UNIBAU,4.168400000000002,446.11140091600004,4,4,OC(=O)c1cc(cc(c1)C(O)=O)C(O)=O.NC(=O)N1c2ccccc2C=Cc2ccccc12
UNIBEY,4.886900000000003,487.19546488800023,4,6,OC(=O)c1cc(cc(c1)N(=O)=O)C(O)=O.NC(=O)N1c2ccccc2C=Cc2ccccc12.CO.[H].[H].[H].[H].[H].[H].[H].[H]
UNIRIT,-1.0404000000000004,178.05897142,4,3,NC(N)=O.OC(=O)CCC(O)=O
UNISOA,-1.375999999999998,379.112797884,2,9,CN1C=NC2=C1C(=O)N(C)C(=O)N2C.OC(=O)c1cccc(n1)C(O)=O.O
UNISOA01,-1.376,379.11279788400003,2,9,OC(=O)c1cccc(n1)C(O)=O.CN1C=NC2=C1C(=O)N(C)C(=O)N2C.O
UNISUG,-1.2231999999999978,350.097482168,3,9,CN1C=NC2=C1C(=O)N(C)C(=O)N2C.OC(=O)C1=CC(=NN1)C(O)=O
UNISUG01,-1.2231999999999978,350.097482168,3,9,CN1C=NC2=C1C(=O)N(C)C(=O)N2C.OC(=O)C1=CC(=NN1)C(O)=O
UNISUG02,-1.2231999999999978,350.097482168,3,9,CN1C=NC2=C1C(=O)N(C)C(=O)N2C.OC(=O)C1=CC(=NN1)C(O)=O
UNISUG03,-1.2231999999999978,350.097482168,3,9,CN1C=NC2=C1C(=O)N(C)C(=O)N2C.OC(=O)C1=CC(=NN1)C(O)=O
UNISUG04,-1.2231999999999978,350.097482168,3,9,CN1C=NC2=C1C(=O)N(C)C(=O)N2C.OC(=O)C1=CC(=NN1)C(O)=O
UNOGIN,3.4392200000000015,312.14086764,1,5,CN1CCN(CC1)C1=Nc2ccccc2NC2=C1C=C(C)S2
UNOGIN02,3.4392200000000015,312.14086764,1,5,CN1CCN(CC1)C1=Nc2ccccc2NC2=C1C=C(C)S2
UNOGIN03,3.4392200000000015,312.14086764,1,5,CN1CCN(CC1)C1=Nc2ccccc2NC2=C1C=C(C)S2
UNOGIN04,3.4392200000000015,312.14086764,1,5,CN1CCN(CC1)C1=Nc2ccccc2NC2=C1C=C(C)S2
UNOGIN05,3.4392200000000015,312.14086764,1,5,CN1CCN(CC1)C1=Nc2ccccc2NC2=C1C=C(C)S2
UNOGIN06,3.4392200000000015,312.14086764,1,5,CN1CCN(CC1)C1=Nc2ccccc2NC2=C1C=C(C)S2
UNOGIN07,3.4392200000000015,312.14086764,1,5,CN1CCN(CC1)C1=Nc2ccccc2NC2=C1C=C(C)S2
UNOGOT,3.0477200000000013,344.167082388,2,6,CN1CCN(CC1)C1=Nc2ccccc2NC2=C1C=C(C)S2.CO
UNOGOT01,3.0477200000000013,344.167082388,2,6,CN1CCN(CC1)C1=Nc2ccccc2NC2=C1C=C(C)S2.CO
UPAYAO,-0.27077999999999997,261.11134134,3,5,Nc1ccc(c(O)c1)C(=O)[O-].Cc1cc[nH+]c(N)c1
UPOBEH,-4.756699999999994,364.1531774199999,4,4,[NH3+]CCCCCCCCC[NH3+].[Cl-].ClCC(=O)[O-].OCC(O)=O
UPOQEW,0.4475999999999992,422.11502405199985,3,9,OC(CN1C=NC=N1)(CN1C=NC=N1)c1ccc(F)cc1F.OC(=O)C=CC(O)=O
UPOQIA,1.0616999999999992,438.14632417999985,3,9,OC(CN1C=NC=N1)(CN1C=NC=N1)c1ccc(F)cc1F.OC(=O)CCCC(O)=O
UPUDOZ,1.5785999999999998,394.114041684,1,3,FC(F)(F)c1ccc(cc1)C(=O)NN1C(=O)C2C3C=CC(C4CC34)C2C1=O.O
UPUKOH,-3.3488999999999987,164.116092372,2,3,[NH3+]C(CCCCN)C(=O)[O-].O
UPUKUN,-3.3488999999999987,164.116092372,2,3,[NH3+]C(CCCCN)C(=O)[O-].O
UQAPEJ,4.112400000000003,361.13140808800006,0,5,CC(=O)Oc1ccc(cc1)C(c1ccc(OC(C)=O)cc1)c1ccccn1
UQAPEJ01,4.112400000000003,361.13140808800006,0,5,CC(=O)Oc1ccc(cc1)C(c1ccc(OC(C)=O)cc1)c1ccccn1
UQAXIU,-1.8613999999999988,200.10296772809,2,3,O=N(=O)c1ccccc1[O-].[NH3+]CC[NH3+]
UQAXOA,-2.686099999999999,218.11353241209,2,3,O=N(=O)c1ccc([O-])cc1.[NH3+]CC[NH3+].O
UQEKAF,-1.2516000000000003,213.074955832,4,5,NNC(=O)c1ccncc1.OCC(O)=O
UQOCOT,0.7441999999999998,384.024832868,1,5,FC(F)(F)S(=O)(=O)[N-]S(=O)(=O)C(F)(F)F.C[N+](C)(C)CCO
UQOCOT01,0.7442000000000002,384.0248328679999,1,5,C[N+](C)(C)CCO.FC(F)(F)S(=O)(=O)[N-]S(=O)(=O)C(F)(F)F
UQODEL,-1.2232599999999982,254.118590908,1,0,[Cl-].CC(C1=C[NH+]=CN1)c1cccc(C)c1C.O
UQUDOB,-1.6975999999999976,320.12846862400005,1,6,CCN1C=C(C(=O)[O-])C(=O)c2cc(F)c(nc12)N1CC[NH2+]CC1
URAHEC,-0.7546999999999993,358.04708640800004,3,6,OC(=O)c1cc(cc(c1)S(=O)(=O)[O-])C(O)=O.Nc1cc[nH+]cc1.O
URATAK,1.0489000000000008,480.2260367439999,2,5,O=C(OC1C[NH+]2CCC1CC2)N1CCc2ccccc2C1c1ccccc1.OC(=O)CCC(=O)[O-]
URATIS02,0.4539000000000007,250.131742436,2,3,COCC(NC(C)=O)C(=O)NCc1ccccc1
UREAOH,-0.9561000000000002,76.027277368,3,2,NC(=O)NO
UREAOH01,-0.9561000000000002,76.027277368,3,2,NC(=O)NO
UREAOH03,-0.9561000000000002,76.027277368,3,2,NC(=O)NO
UREAOH04,-0.9561000000000002,76.027277368,3,2,NC(=O)NO
UREAOH12,-0.9561000000000002,76.027277368,3,2,NC(=O)NO
UREAOH13,-0.9561000000000002,76.027277368,3,2,NC(=O)NO
UREAOH14,-0.9561000000000002,76.027277368,3,2,NC(=O)NO
UREQOY,3.3317000000000014,348.11437811999997,2,6,CO.CC(C)COc1ccc(cc1C#N)C1=NC(=C(S1)C(O)=O)C
UREQOY01,3.331700000000002,348.1143781199999,2,6,CC(C)COc1ccc(cc1C#N)C1=NC(=C(S1)C(O)=O)C.CO
UREWAQ,-4.689899999999997,167.079372516,4,5,[NH3+]C(CO)(CO)CO.O=C[O-]
UREZOH,-5.456099999999997,285.132470708,3,6,O=C([O-])c1cccnc1C(=O)[O-].[NH2+]1CC[NH2+]CC1.CO
URISAQ,1.8759,259.084457896,3,3,OC(=O)c1ccccc1O.NC(=O)c1ccccc1
URISAQ01,1.8759,259.084457896,3,3,OC(=O)c1ccccc1O.NC(=O)c1ccccc1
URODIP,-3.753199999999996,266.130028184,2,5,[NH3+]C(CCC)C(=O)[O-].[NH3+]C(CCSC)C(=O)[O-]
URODIP01,-3.753199999999996,266.130028184,2,5,[NH3+]C(CCC)C(=O)[O-].[NH3+]C(CCSC)C(=O)[O-]
URODIP02,-3.753199999999996,266.130028184,2,5,[NH3+]C(CCC)C(=O)[O-].[NH3+]C(CCSC)C(=O)[O-]
URODIP03,-3.753199999999996,266.130028184,2,5,[NH3+]C(CCC)C(=O)[O-].[NH3+]C(CCSC)C(=O)[O-]
URODIP04,-3.753199999999996,266.130028184,2,5,[NH3+]C(CCC)C(=O)[O-].[NH3+]C(CCSC)C(=O)[O-]
URODIP05,-3.753199999999996,266.130028184,2,5,[NH3+]C(CCC)C(=O)[O-].[NH3+]C(CCSC)C(=O)[O-]
URODIP06,-3.753199999999996,266.130028184,2,5,[NH3+]C(CCC)C(=O)[O-].[NH3+]C(CCSC)C(=O)[O-]
URODIP07,-3.753199999999996,266.130028184,2,5,[NH3+]C(CCC)C(=O)[O-].[NH3+]C(CCSC)C(=O)[O-]
URUGIY,-0.5766000000000007,294.096419548,4,6,Nc1ccc(C(O)=O)c(O)c1.NC(=O)c1cnccn1.O
UTIMOC,-0.7365000000000008,305.06478507199995,2,6,NC(=O)c1c[nH+]ccc1.Oc1c(cccc1N(=O)=O)C(=O)[O-]
UTOYEK,-3.690699999999997,480.126874364,2,0,[Cl-].[Cl-].CC1C[NH2+]CCc2ccc(Cl)cc12.O.CC1C[NH2+]CCc2ccc(Cl)cc12
UVATOD,1.8004999999999995,436.214426504,2,5,Nc1ccc(cc1)S(N)(=O)=O.O=C1CCCC2C3CCC[N+]4([O-])CCCC(CN12)C34
UVIFUD,-3.333599999999999,163.08916641599998,3,1,[SH-].CN(C)C(=[NH2+])N=C(N)N
UVIMAO,-2.518699999999999,384.06929698399995,2,7,CN1C(=O)N(C)C2=C([N+](=CN2)C)C1=O.OC(=O)C(F)(F)C(F)(F)C(=O)[O-]
UVIMES,0.6674999999999994,484.06290986399995,2,8,CN1C=NC2=C1C(=O)N(C)C(=O)N2C.OC(=O)C(F)(F)C(F)(F)C(F)(F)C(F)(F)C(O)=O
UVOGIW,-17.885599999999986,404.02355813599985,2,8,[K+].[K+].O=C([O-])C[NH+](CC[NH+](CC(=O)[O-])CC(=O)[O-])CC(=O)[O-].O.O
UVOGOC,-19.46449999999999,441.97943978399985,1,9,[K+].[K+].[K+].O=C([O-])C[NH+](CCN(CC(=O)[O-])CC(=O)[O-])CC(=O)[O-].O.O
UVUXER,-4.252799999999996,228.13426785609,2,3,[NH2+]1CC[NH2+]CC1.O=C([O-])c1cccnc1.O
UWAMEM,-1.714800000000001,291.096753896,3,6,Nc1[nH+]cnc2NC=Nc12.O.Oc1ccccc1C(=O)[O-]
UWAMIQ,-1.4731000000000005,249.074955832,3,5,NC1=[NH+]C(=O)NC=C1.Oc1ccccc1C(=O)[O-]
UWAMIQ01,-1.4730999999999992,249.074955832,3,5,Oc1ccccc1C(=O)[O-].NC1=[NH+]C(=O)NC=C1
UWAMUC,-1.4759999999999995,371.0535687560001,4,8,OC(=O)c1cc(ccc1O)S(=O)(=O)[O-].O.Nc1[nH+]cnc2NC=Nc12
UWAMUC01,-1.6038999999999994,371.0535687560001,4,8,OC(=O)c1cc(ccc1O)S(=O)(=O)[O-].[NH3+]c1ncnc2NC=Nc12.O
UWEWAX,4.9432000000000045,476.22325987199986,1,6,CC(=O)SC1CC2=CC(=O)CCC2(C)C2CCC3(C)C(CCC43CCC(=O)O4)C12.CC(O)=O
UWEWAX01,4.9432000000000045,476.22325987199986,1,6,CC(=O)SC1CC2=CC(=O)CCC2(C)C2CCC3(C)C(CCC43CCC(=O)O4)C12.CC(O)=O
UWEYED,-1.6195,337.093480084,3,9,NC(=O)c1nc(F)cnc1O.CN1C(=O)N(C)C2=C(NC=N2)C1=O
UWEYED01,-1.6195,337.093480084,3,9,NC(=O)c1nc(F)cnc1O.CN1C(=O)N(C)C2=C(NC=N2)C1=O
UWEYED02,-1.6194999999999995,337.093480084,3,9,CN1C(=O)N(C)C2=C(NC=N2)C1=O.NC(=O)c1nc(F)cnc1O
UWEYIH,-1.3775000000000004,287.046610144,4,6,NC(=O)c1nc(F)cnc1O.FC1=CNC(=O)NC1=O
UWEYON,-0.4611000000000002,340.02776860800003,3,7,O=C1NS(=O)(=O)c2ccccc12.NC(=O)c1nc(F)cnc1O
UWOKEY,3.715980000000002,474.16237442409005,1,4,Oc1ccc(cc1C(=O)[O-])c1ccc(F)cc1F.[nH+]1ccc(cc1)C=Cc1cc[nH+]cc1.CC#N
UWOKIC,3.5122000000000018,330.081598684,2,4,OC(=O)c1cc(ccc1O)c1ccc(F)cc1F.c1cnccn1
UWUYOC,4.335500000000003,426.195317004,1,3,CN(C)C(=O)NC1CCC(CC1)CCN1CCN(CC1)c1cccc(Cl)c1Cl
UWUYOC01,4.335500000000003,426.195317004,1,3,CN(C)C(=O)NC1CCC(CC1)CCN1CCN(CC1)c1cccc(Cl)c1Cl
UWUYOC02,4.335500000000003,426.195317004,1,3,CN(C)C(=O)NC1CCC(CC1)CCN1CCN(CC1)c1cccc(Cl)c1Cl
UXANOZ,-3.2981000000000007,201.07227046399998,3,4,O=C([O-])C(N=[N+]=[N-])N=[N+]=[N-].NC(N)=[NH2+]
UXAWAU,1.7760000000000005,373.002300404,4,5,NS(=O)(=O)c1cc(C(O)=O)c(O)cc1Cl.OC(=O)c1ccccc1
UXIXUV,2.7699800000000003,340.10276788000004,4,4,CCCC1=CC(=O)NC(=S)N1.CCCC1=CC(=O)NC(=S)N1
UXIXUV01,2.7699800000000003,340.10276788000004,4,4,CCCC1=CC(=O)NC(=S)N1.CCCC1=CC(=O)NC(=S)N1
UXODAO,-3.6605999999999996,276.994969964,4,3,[NH3+]C(Cc1ccc(O)c(O)c1)C(O)=O.[Br-]
UXOFOD,2.3470400000000002,262.08412354800004,2,4,CC1=CC(=O)C=C(C)O1.OC(=O)c1ccccc1O
UYALOX,2.0790199999999994,432.19435975600004,3,6,Nc1c[nH+]ccc1N.Cc1ccc(cc1)S(=O)(=O)[N-]C(=O)NN1CC2CCCC2C1
UYAMEO,2.4968200000000005,417.18346072400004,2,5,Cc1ccc(cc1)S(=O)(=O)[N-]C(=O)NN1CC2CCCC2C1.Nc1cc[nH+]cc1
UYOZIS,-3.9031999999999982,324.07331974400006,2,4,Fc1c(F)c(c(F)c(F)c1C(=O)[O-])C(=O)[O-].[NH2+]1CC[NH2+]CC1
UZAJUC,1.6418,452.2210316159999,2,6,CC1CC2C3CCC4=CC(=O)C=CC4(C)C3(F)C(O)CC2(C)C1(O)C(=O)COC(C)=O.O
UZODUK,-1.2689,213.038570324,3,5,NC(=O)c1cnccn1.OC(=O)C(O)=O
UZOVAH03,0.632700000000004,441.32027147599996,2,6,CCCC(NC(C)C(=O)N1C2CCCCC2CC1C(=O)[O-])C(=O)OCC.[NH3+]C(C)(C)C
UZUFON,0.5727000000000002,365.0487368520001,0,6,BrN1C(=O)c2ccccc2C1=O.C1N2CN3CN1CN(C2)C3
UZUGAA,-0.5744999999999996,317.048736852,0,6,BrN1C(=O)CCC1=O.C1N2CN3CN1CN(C2)C3
UZUMUA,2.0504000000000002,367.8805759440001,0,4,ClBr.ClBr.C1N2CN3CN1CN(C2)C3
UZUNEL,0.5554000000000001,301.979522064,0,4,ClI.C1N2CN3CN1CN(C2)C3
VABDUY,-0.8352999999999993,411.955265108,3,2,Nc1c(Br)cc(Br)cc1C[NH2+]C1CCC(O)CC1.[Cl-]
VABDUY01,-0.8352999999999993,411.955265108,3,2,Nc1c(Br)cc(Br)cc1C[NH2+]C1CCC(O)CC1.[Cl-]
VABDUY02,-0.8352999999999993,411.955265108,3,2,Nc1c(Br)cc(Br)cc1C[NH2+]C1CCC(O)CC1.[Cl-]
VABDUY03,-0.8352999999999993,411.95526510800005,3,2,[Cl-].Nc1c(Br)cc(Br)cc1C[NH2+]C1CCC(O)CC1
VABDUY05,-0.8352999999999993,411.95526510800005,3,2,[Cl-].Nc1c(Br)cc(Br)cc1C[NH2+]C1CCC(O)CC1
VABQOG,-7.263200000000006,451.1935736240901,4,6,O=C([O-])c1cc(cc(c1)C(=O)[O-])C(=O)[O-].N1C=[NH+]C=C1.N1C=[NH+]C=C1.[NH2+]1CC[NH2+]CC1.O
VABROH,1.1203999999999996,208.048406736,1,4,Oc1cccc2ccc[nH+]c12.O=N(=O)[O-]
VABROH01,1.1203999999999996,208.048406736,1,4,Oc1cccc2ccc[nH+]c12.O=N(=O)[O-]
VABSAU,1.3952999999999995,335.128821244,2,3,CC(C)[NH2+]CC(O)c1ccccc1Cl.O=C([O-])c1ccccc1
VABVOL,3.314400000000002,332.127325752,1,5,OC(=O)c1ccccc1.c1cc(ccn1)C=NN=Cc1ccncc1
VACBIN,2.1957000000000004,484.15288886800005,2,9,COc1cc(NS(=O)(=O)c2ccc(N)cc2)nc(OC)n1.c1cc(ccn1)c1ccncc1.O
VACCEK,1.0573,432.12158874000005,3,9,COc1cc(NS(=O)(=O)c2ccc(N)cc2)nc(OC)n1.NC(=O)c1ccncc1
VACCIO,-1.4030999999999967,397.1652507000901,3,7,COc1cc(nc(OC)n1)[N-]S(=O)(=O)c1ccc(N)cc1.[NH2+]1CC[NH2+]CC1
VACFAL,0.7316999999999998,433.87367149600004,1,5,II.CN1C(=O)N(C)C2=C(NC=N2)C1=O
VACMUJ,-2.4311999999999987,285.059699692,2,7,Oc1ccccc1C(=O)[O-].O=N(=O)C1(C[NH2+]C1)N(=O)=O
VADBOW,-2.992899999999997,362.106018928,3,9,NC1=NC(=O)N(C=C1F)C1CSC(CO)O1.O=C([O-])C1[NH2+]CCC1
VADGOW,4.620300000000005,450.040371432,0,6,COc1cc(OC)c2C(=O)C3(Oc2c1Cl)C(C)CC(=O)C=C3OC.CC(Cl)Cl
VADTOK,-6.119000000000001,318.10631553600007,4,6,OC(=O)C=CC(=O)[O-].OC(=O)C=CC(=O)[O-].[NH2+]1CC[NH2+]CC1
VAFZEK,-0.8901999999999997,280.99884096799997,2,4,OC(O)C(Cl)(Cl)Cl.C[N+](C)(C)CC(=O)[O-]
VAGMID,2.3021999999999996,449.1586854559999,2,5,CN1CC(=O)N2C(CC3=C(Nc4ccccc34)C2c2ccc3OCOc3c2)C1=O.CC(O)=O
VAGVAD,4.501820000000003,490.0965351359999,2,6,Cc1ccc(cn1)c1ncc(Cl)cc1c1ccc(cc1)S(C)(=O)=O.OC(=O)CCCC(O)=O
VAGZOW,1.7813800000000002,305.10117058000003,2,6,CCN(CC)C(=O)C(=Cc1cc(O)c(O)c(c1)N(=O)=O)C#N
VAHHEU,4.309900000000003,495.10041357599994,1,4,C[NH2+]C1CCC(c2ccc(Cl)c(Cl)c2)c2ccccc12.O=C([O-])C1=Cc2ccccc2OC1=O
VAHROP,1.9711400000000001,343.15320615200005,2,5,Cc1cc(C)cc(OCC2CNC(=O)O2)c1.NC(=O)c1cccnc1
VAHVUY,-1.8596999999999992,243.060368388,1,7,CN1C(=O)N(C)C2=C([NH+]=CN2)C1=O.O=N(=O)[O-]
VAHYEL,0.8781000000000003,307.03781332000005,1,3,C[N+](C)(CC(=O)[O-])c1ccccc1.OC(=O)C(Cl)Cl
VAJWUZ,-3.9495999999999976,271.12884812809,3,3,OC(=O)c1ccccc1C(=O)[O-].[NH2+]1CC[NH2+]CC1.O
VAKTUX,1.4588,354.132805056,4,6,Oc1cccc(O)c1.NC(=O)c1ccncc1.NC(=O)c1ccncc1
VAKVEK,2.7280000000000006,327.219829168,1,2,[NH3+]C(C)c1ccccc1.CC(C)Cc1ccc(cc1)C(C)C(=O)[O-]
VAKVEK01,2.7279999999999998,327.21982916800005,1,2,CC(C)Cc1ccc(cc1)C(C)C(=O)[O-].[NH3+]C(C)c1ccccc1
VAKVIN,1.2783,232.084792244,3,4,NC(=O)c1ccncc1.Oc1ccc(O)cc1
VAKVIO,4.018900000000003,416.10583330399993,2,3,[NH3+]C(C)c1ccccc1.Clc1cccc(Cl)c1Nc1ccccc1CC(=O)[O-]
VALCAC,-6.198699999999998,210.02043835609,1,2,[Ca+2].[Cl-].[NH3+]C(C(C)C)C(=O)[O-].O
VALEHC10,-3.6584999999999974,153.055656304,2,1,[Cl-].[NH3+]C(C(C)C)C(O)=O
VALEHC11,-3.6584999999999974,153.055656304,2,1,[Cl-].[NH3+]C(C(C)C)C(O)=O
VALHCL11,-4.4831999999999965,171.066220988,2,1,[Cl-].[NH3+]C(C(C)C)C(O)=O.O
VALIDL,-1.9971999999999988,117.078978592,1,2,[NH3+]C(C(C)C)C(=O)[O-]
VALIDL02,-1.9971999999999988,117.078978592,1,2,[NH3+]C(C(C)C)C(=O)[O-]
VALIDL03,-1.9971999999999988,117.078978592,1,2,[NH3+]C(C(C)C)C(=O)[O-]
VAMBIX,1.0170399999999997,461.08276070799997,3,7,CC1=CC(=NC(N1)=NS(=O)(=O)c1ccc(N)cc1)C.O=C1NS(=O)(=O)c2ccccc12
VAMBIX01,1.0170399999999997,461.08276070799997,3,7,CC1=CC(=NC(N1)=NS(=O)(=O)c1ccc(N)cc1)C.O=C1NS(=O)(=O)c2ccccc12
VAMBOA02,3.554500000000001,361.1080857999999,2,3,CC(C)(Oc1ccc(CCNC(=O)c2ccc(Cl)cc2)cc1)C(O)=O
VAMBOA03,3.554500000000001,361.1080857999999,2,3,CC(C)(Oc1ccc(CCNC(=O)c2ccc(Cl)cc2)cc1)C(O)=O
VAMFEY,-0.07739999999999808,474.23660142799986,3,6,COc1ccc2nccc(C(O)C3CC4CC[NH+]3CC4C=C)c2c1.OC(=O)CCCC(=O)[O-].O
VAMFIC,1.2173999999999991,478.2103866799999,4,7,COc1ccc2nccc(C(O)C3CC4CC[NH+]3CC4C=C)c2c1.Oc1cccc(O)c1C(=O)[O-]
VAMFOI,-0.0328999999999986,428.194736616,3,6,OC(=O)CC(=O)[O-].COc1ccc2nccc(C(O)C3CC4CC[NH+]3CC4C=C)c2c1
VAMGAV,1.1202999999999994,494.2416868079999,4,7,COc1ccc2nccc(C(O)C3CC4CC[NH+]3CC4C=C)c2c1.Oc1ccc(cc1)C(=O)[O-].CO
VAMGEZ,-4.231799999999995,467.20350415190984,2,7,COc1ccc2nccc(C(O)C3CC4CC[NH+]3CC4C=C)c2c1.O=C([O-])C(=O)[O-].O.O.O
VAMTAF,0.3592400000000034,472.15815125991,3,6,Cc1c(C)c(c(C)c(c1C)S(=O)(=O)[O-])S(=O)(=O)[O-].Cc1cc(C)cc(C)c1.NC(N)=[NH2+]
VAMTEJ,-0.9662399999999984,461.0806292119099,3,8,NC(N)=[NH2+].O=N(=O)c1ccccc1.Cc1cc(C)c(c(C)c1S(=O)(=O)[O-])S(=O)(=O)[O-]
VAMTOT,0.050820000000004306,458.1425011959101,3,6,Cc1cc(C)c(c(C)c1S(=O)(=O)[O-])S(=O)(=O)[O-].NC(N)=[NH2+].Cc1cc(C)cc(C)c1
VAMTOT01,0.050820000000004306,458.1425011959101,3,6,Cc1cc(C)c(c(C)c1S(=O)(=O)[O-])S(=O)(=O)[O-].NC(N)=[NH2+].Cc1cc(C)cc(C)c1
VAMVAH01,-2.2526199999999976,352.06425087591003,3,6,Cc1c(C)c(c(C)c(c1C)S(=O)(=O)[O-])S(=O)(=O)[O-].NC(N)=[NH2+]
VAPQAI,4.096200000000002,488.169584488,4,8,COc1cc(OC)c(cc1C(=O)Nc1ccncc1)C(=O)Nc1ccncc1.Oc1cccc(O)c1
VAQDAW,3.586800000000001,290.03662056400003,1,2,Fc1c(F)c(F)c(C=O)c(F)c1F.Oc1ccccc1
VAQSIQ,-0.15497999999999879,261.11134134,1,5,COc1cc(C)[nH+]c(N)n1.O=C([O-])c1ccccc1
VAQVUG,3.4212000000000007,362.02235236991,1,2,N1C(=[NH+]c2ccccc12)C1=CSC=N1.O.F[Si-2](F)(F)(F)(F)F
VARCOJ,0.009300000000000141,256.096025624,2,4,O=C([O-])c1cccnc1.NC1=[NH+]c2ccccc2N1
VARHUS,1.4986999999999997,236.079706864,3,3,OC(=O)CCC(O)=O.N1C=Nc2ccccc12
VASFUS,-0.18549999999999894,477.23492439599994,2,8,COc1cc(Cc2c[nH+]c(N)nc2N)cc(OC)c1OC.O=C([O-])C=Cc1ccccc1.O.O.[H].[H].[H]
VATCOI,3.851200000000003,395.06911344799994,2,5,ClC1=C(CC(=C(Cl)C1=CN1CCCC1)C=O)C=O.Oc1ccc(O)cc1
VATSOA01,-2.4785999999999966,307.12805402400005,1,7,O=C([O-])c1ccc(cc1)N(=O)=O.C1[NH+]2CN3CN1CN(C2)C3
VATSOA02,-2.4785999999999966,307.12805402400005,1,7,O=C([O-])c1ccc(cc1)N(=O)=O.C1[NH+]2CN3CN1CN(C2)C3
VATVAP,-2.7461999999999986,295.105587264,4,6,O=C1C=C([O-])C(=O)c2ccccc12.[NH3+]C(CO)(CO)CO
VATXOF02,2.934400000000001,337.1426414680001,3,5,Nc1ccc(C(O)=O)c(O)c1.C(Cc1ccncc1)c1ccncc1
VAVHAD,-0.28410000000000046,157.048741084,1,4,O=N(=O)[O-].[NH3+]c1ccncc1
VAVHIM,-0.11469999999999936,316.17869262799996,3,4,C[NH+](C)C(C)C(O)c1ccccc1.Nc1ccccc1C(=O)[O-]
VAVHOS,0.44220000000000087,319.158371784,2,3,Fc1ccccc1C(=O)[O-].C[NH+](C)C(C)C(O)c1ccccc1
VAVHUY,0.008699999999999541,317.16270821599994,3,4,C[NH+](C)C(C)C(O)c1ccccc1.Oc1ccccc1C(=O)[O-]
VAVJEK,-0.11469999999999936,316.17869262799996,3,4,C[NH+](C)C(C)C(O)c1ccccc1.Nc1ccc(cc1)C(=O)[O-]
VAVJIO,1.5530000000000004,267.141757476,2,1,F[B-](F)(F)F.C[NH+](C)C(C)C(O)c1ccccc1
VAVJUA,-0.2770999999999988,331.17835828,3,4,C[NH+](C)C(C)C(O)c1ccccc1.OC(C(=O)[O-])c1ccccc1
VAVKAH,-1.1017999999999983,349.18892296399997,3,4,C[NH+](C)C(C)C(O)c1ccccc1.OC(C(=O)[O-])c1ccccc1.O
VAVKEL,-1.1458999999999977,297.157622836,3,4,C[NH+](C)C(C)C(O)c1ccccc1.OC(=O)CCC(=O)[O-]
VAVKIP,0.008699999999999541,317.16270821599994,3,4,C[NH+](C)C(C)C(O)c1ccccc1.Oc1cccc(c1)C(=O)[O-]
VAVKUB,-0.11469999999999936,316.17869262799996,3,4,C[NH+](C)C(C)C(O)c1ccccc1.Nc1ccc(cc1)C(=O)[O-]
VAVLAI,0.4422000000000004,319.158371784,2,3,Fc1ccc(cc1)C(=O)[O-].C[NH+](C)C(C)C(O)c1ccccc1
VAVLUC,0.6115199999999996,315.18344365999997,2,3,C[NH+](C)C(C)C(O)c1ccccc1.Cc1cccc(c1)C(=O)[O-]
VAVMEN,-2.4805999999999964,296.15034638390995,2,5,C[NH+](C)C(C)C(O)c1ccccc1.O=C([O-])CCC(=O)[O-]
VAVYOK,-0.8671799999999994,292.11715499200005,3,7,Nc1ccc(c(O)c1)C(=O)[O-].COc1cc(C)[nH+]c(N)n1
VAWKIO,-0.8474999999999986,314.12263429599994,2,8,CN1C=NC2=C1C(=O)N(C)C(=O)N2C.CC(O)=O.CC(O)=O
VAWKOU,-0.9383999999999999,254.101504928,1,7,CC(O)=O.CN1C=NC2=C1C(=O)N(C)C(=O)N2C
VAWKUA,-0.39600000000000013,308.073239492,1,7,OC(=O)C(F)(F)F.CN1C=NC2=C1C(=O)N(C)C(=O)N2C
VAWLOV,-0.672579999999998,441.09079997191003,3,7,Cc1cc(ccc1c1ccc(cc1C)S(=O)(=O)[O-])S(=O)(=O)[O-].NC(N)=[NH2+].CC#N
VAWLUB,0.7211800000000008,496.01760629990986,3,6,NC(N)=[NH2+].Cc1cc(c(Cl)c(C)c1c1c(C)cc(c(Cl)c1C)S(=O)(=O)[O-])S(=O)(=O)[O-]
VAWMAI,0.7211800000000008,496.01760629990986,3,6,NC(N)=[NH2+].Cc1cc(c(Cl)c(C)c1c1c(C)cc(c(Cl)c1C)S(=O)(=O)[O-])S(=O)(=O)[O-]
VAWPEP,1.2044999999999997,348.11437811999997,2,4,O=C1[N-]S(=O)(=O)c2ccccc12.C[NH2+]C(C)C(O)c1ccccc1
VAWPIT,-0.27219999999999994,412.051126232,2,9,O=C1[N-]S(=O)(=O)c2ccccc12.NC1=[NH+]C(=O)N(C=C1)C1CSC(CO)O1
VAWQEQ,3.5707400000000025,490.1674763120001,0,5,O=C1[N-]S(=O)(=O)c2ccccc12.CN(C)C(=O)CC1=C([NH+]=C2C=CC(=CN12)C)c1ccc(C)cc1
VAXLIP,-0.6395000000000004,185.043655704,1,4,NC(=O)c1c[nH+]ccc1.O=N(=O)[O-]
VAXROD,-2.1361999999999988,221.080041212,2,4,NNC(=O)c1cc[nH+]cc1.CC#CC(=O)[O-]
VAXRUJ,-4.093399999999997,305.10117058,2,5,[NH3+]NC(=O)c1cc[nH+]cc1.CC#CC(=O)[O-].CC#CC(=O)[O-]
VAXSAQ,0.3450999999999997,302.101504928,2,6,CN1C(=O)N(C)C2=C(NC=N2)C1=O.OC(=O)c1ccccc1
VAXSAQ01,0.3450999999999997,302.101504928,2,6,CN1C(=O)N(C)C2=C(NC=N2)C1=O.OC(=O)c1ccccc1
VAXWAU,0.41240000000000004,198.0640568,2,4,OC(=O)CCC(O)=O.c1cnccn1
VAXWAU01,0.41240000000000004,198.0640568,2,4,OC(=O)CCC(O)=O.c1cnccn1
VAXWAU02,0.41240000000000004,198.0640568,2,4,OC(=O)CCC(O)=O.c1cnccn1
VAXWAU03,0.41240000000000004,198.0640568,2,4,OC(=O)CCC(O)=O.c1cnccn1
VAXWAU04,0.41240000000000004,198.0640568,2,4,OC(=O)CCC(O)=O.c1cnccn1
VAXWAU05,0.41240000000000004,198.0640568,2,4,OC(=O)CCC(O)=O.c1cnccn1
VAXWAU06,0.41240000000000004,198.0640568,2,4,OC(=O)CCC(O)=O.c1cnccn1
VAXWAU07,0.41240000000000004,198.0640568,2,4,OC(=O)CCC(O)=O.c1cnccn1
VAXWAU08,0.41240000000000004,198.0640568,2,4,OC(=O)CCC(O)=O.c1cnccn1
VAXWAU09,0.41240000000000004,198.0640568,2,4,OC(=O)CCC(O)=O.c1cnccn1
VAYTUL,1.9766999999999995,378.148633748,2,6,COc1cc(Cc2c[nH+]c(N)nc2N)cc(OC)c1OC.F[B-](F)(F)F
VAYXOI,2.8997400000000013,345.114712468,1,5,COc1ccc2N=C(Nc2c1)S(=O)Cc1ncc(C)c(OC)c1C
VAYYAV,-5.131859999999995,415.0518276199099,2,8,Cc1[nH+]cc(C[N+]2=CSC(=C2C)CCO)c(N)n1.O=S(=O)([O-])[O-].[Cl-].O
VAZCUV,1.5098,446.197235152,2,5,CCC(Cl)C(=O)[O-].COc1ccc2nccc(C(O)C3CC4CC[NH+]3CC4C=C)c2c1
VAZGIN,0.10099999999999909,227.04798408,1,2,ClC(Cl)C(=O)[O-].[NH3+]C1CCCCC1
VECTOP,-0.7502000000000002,345.00315912799994,3,7,Nc1[nH+]nc(c(N)n1)c1cccc(Cl)c1Cl.OC(=O)C(=O)[O-]
VECVEH,2.7102000000000004,487.09264282799995,4,8,Nc1nnc(c(N)n1)c1cccc(Cl)c1Cl.CCC1(C(=O)NC(=O)NC1=O)c1ccccc1
VEFMOL,2.0385999999999997,401.129693836,2,4,COc1ccc2cccc(CC[NH+]=C(C)O)c2c1.O=S(=O)([O-])c1ccccc1
VEFNAY,-0.21539999999999865,357.1246084559999,2,4,COc1ccc2cccc(CC[NH+]=C(C)O)c2c1.CS(=O)(=O)[O-].O
VEFNEC,0.6093000000000006,339.114043772,2,4,CS(=O)(=O)[O-].COc1ccc2cccc(CC[NH+]=C(C)O)c2c1
VEFPUR01,3.0545000000000018,306.21949481999997,1,2,CC12CCC3C(CC=C4CC(O)CCC34C)C1CCC2=O.O
VEFQIJ,0.4525,341.093308328,3,4,COc1ccc2cccc(CC[NH+]=C(C)O)c2c1.OS(=O)(=O)[O-]
VEFYAG,4.477900000000004,392.29265976,3,3,CC(CCC(O)=O)C1CCC2C3C(O)CC4CC(O)CCC4(C)C3CCC12C
VEGHUN,-1.455799999999999,479.066835872,4,7,O.O.O.OS(=O)(=O)c1cccc2c1cccc2S(O)(=O)=O.NNC(=O)c1ccncc1
VEGLEZ,-0.7241999999999988,426.066776296,2,6,O=C1[N-]S(=O)(=O)c2ccccc12.O=C1[N-]S(=O)(=O)c2ccccc12.[NH3+]CC[NH3+]
VEGLEZ01,-0.7241999999999988,426.066776296,2,6,O=C1[N-]S(=O)(=O)c2ccccc12.O=C1[N-]S(=O)(=O)c2ccccc12.[NH3+]CC[NH3+]
VEHZEN,-3.421899999999997,183.092914404,4,4,[SH-].OCC[NH+](CCO)CCO
VEHZIR,-6.147799999999996,185.081871052,4,3,[Cl-].OCC[NH+](CCO)CCO
VEHZIR01,-6.147799999999996,185.081871052,4,3,[Cl-].OCC[NH+](CCO)CCO
VEHZIR02,-6.147799999999997,185.081871052,4,3,OCC[NH+](CCO)CCO.[Cl-]
VEHZIR03,-6.147799999999996,185.081871052,4,3,[Cl-].OCC[NH+](CCO)CCO
VEHZIR04,-6.147799999999996,185.081871052,4,3,[Cl-].OCC[NH+](CCO)CCO
VEJNIK,-3.7395999999999976,272.12409709609,2,4,O=C([O-])c1ccc(cc1)N(=O)=O.[NH2+]1CC[NH2+]CC1.O
VEJXAJ,-1.040399999999999,178.05897142,4,3,OC(=O)CCC(O)=O.NC(N)=O
VEJXAJ01,-1.040399999999999,178.05897142,4,3,OC(=O)CCC(O)=O.NC(N)=O
VEJXAJ02,-1.040399999999999,178.05897142,4,3,OC(=O)CCC(O)=O.NC(N)=O
VEJXAJ03,-1.040399999999999,178.05897142,4,3,OC(=O)CCC(O)=O.NC(N)=O
VEJXAJ04,-1.040399999999999,178.05897142,4,3,OC(=O)CCC(O)=O.NC(N)=O
VEJXAJ05,-1.040399999999999,178.05897142,4,3,OC(=O)CCC(O)=O.NC(N)=O
VEJXAJ06,-1.040399999999999,178.05897142,4,3,OC(=O)CCC(O)=O.NC(N)=O
VEJXAJ07,-1.040399999999999,178.05897142,4,3,OC(=O)CCC(O)=O.NC(N)=O
VEJYUH,2.2735000000000003,451.0175736080001,2,7,NS(=O)(=O)c1cc2c(NC=NS2(=O)=O)cc1Cl.c1cc(ccn1)c1ccncc1
VEJZAO,0.9154,416.00158919600005,3,6,NS(=O)(=O)c1cc2c(NC=NS2(=O)=O)cc1Cl.NC(=O)c1ccccc1
VEJZOC,2.7769000000000013,477.0332236720001,2,7,NS(=O)(=O)c1cc2c(NC=NS2(=O)=O)cc1Cl.c1cc(ccn1)C=Cc1ccncc1
VEKBEV,0.3103999999999999,416.99683816400005,3,7,NS(=O)(=O)c1cc2c(NC=NS2(=O)=O)cc1Cl.NC(=O)c1ccncc1
VEKKOO,-1.4856599999999986,290.11462957191,1,6,Cc1[nH+]c2nc(N)ccc2c(C)c1.O=C([O-])CCC(=O)[O-]
VELREM,-1.8904999999999974,465.15474294799986,3,7,OC(=O)C1=CN(C2CC2)c2cc(N3CC[NH2+]CC3)c(F)cc2C1=O.OC(=O)C=CC(=O)[O-].O
VELRIQ,-3.540199999999995,452.14746649590995,2,8,CCN1C=C(C(O)=O)C(=O)c2cc(F)c(cc12)N1CC[NH2+]CC1.O=C([O-])C=CC(=O)[O-].O
VELROW,-3.0301999999999962,471.1653076319999,3,7,CCN1C=C(C(O)=O)C(=O)c2cc(F)c(cc12)N1CC[NH2+]CC1.OC(=O)C=CC(=O)[O-].O.O
VELRUC,-2.2054999999999962,453.1547429479999,3,7,CCN1C=C(C(O)=O)C(=O)c2cc(F)c(cc12)N1CC[NH2+]CC1.O.OC(=O)C=CC(=O)[O-]
VELWAN,2.4607,361.990218932,0,5,BrN1C(=O)c2ccccc2C1=O.COC(=O)c1cccnc1
VEMQAI,-3.0087400000000004,154.060308812,3,4,[O-]N=C(C#N)C#N.NC(N)=[NH2+]
VEPSOA,-2.855599999999998,282.07543265209,2,5,O=N(=O)c1ccc(cc1)S(=O)(=O)[O-].O.[NH3+]CC[NH3+]
VEPTAN,-3.699999999999995,372.07074119608995,4,7,O.[NH3+]CC(O)=O.[NH3+]CC(O)=O.O=N(=O)c1ccc(cc1)S(=O)(=O)[O-]
VESXAV,3.0583000000000014,419.1944022679999,3,6,CC1CCC2C(C)C(=O)NC3OC4(C)CCC1C23OO4.OC(=O)c1ccccc1O
VESXID,1.9036999999999997,399.1893168879999,3,6,CC1CCC2C(C)C(=O)NC3OC4(C)CCC1C23OO4.OC(=O)CCC(O)=O
VESZEB,0.07920000000000038,308.14845512,2,7,COc1cc(ccc1O)C(O)=O.C1N2CN3CN1CN(C2)C3
VESZOL,-2.9073999999999973,272.13722174000003,3,5,COc1cc(ccc1O)C(=O)[O-].[NH2+]1CCNCC1.O
VETQIU,-3.9765000000000006,157.015726704,4,3,OS(=O)(=O)[O-].NC(N)=[NH2+]
VETVOG,1.2683000000000002,319.13321965600005,2,5,CCN1C=C(C(O)=O)C(=O)c2cc(F)c(cc12)N1CCNCC1
VETVOG03,1.2683000000000002,319.13321965600005,2,5,CCN1C=C(C(O)=O)C(=O)c2cc(F)c(cc12)N1CCNCC1
VETWAT,-3.316199999999996,454.16311655991007,2,8,O.O=C([O-])CCC(=O)[O-].CCN1C=C(C(O)=O)C(=O)c2cc(F)c(cc12)N1CC[NH2+]CC1
VETWEX,-3.1962999999999964,459.1653076319999,3,7,CCN1C=C(C(O)=O)C(=O)c2cc(F)c(cc12)N1CC[NH2+]CC1.OC(=O)CC(=O)[O-].O.O
VETWIB,-2.2054999999999962,453.1547429479999,3,7,CCN1C=C(C(O)=O)C(=O)c2cc(F)c(cc12)N1CC[NH2+]CC1.O.OC(=O)C=CC(=O)[O-]
VEVBEG,-6.443099999999999,174.988364592,2,5,O=[Cl](=O)(=O)[O-].[NH3+]CC(O)=O
VEVLIR,3.160000000000001,368.1259883599999,3,3,OC(=O)C1C(C2c3ccccc3C1c1ccccc21)C(O)=O.CCC(O)=O
VEVLIR01,3.160000000000001,368.1259883599999,3,3,OC(=O)C1C(C2c3ccccc3C1c1ccccc21)C(O)=O.CCC(O)=O
VEVPOD,3.2981000000000007,427.1379500119999,4,6,COC(=O)NC1=Nc2ccc(cc2N1)C(=O)c1ccccc1.OC(=O)CCCC(O)=O
VEVQAQ,0.30059999999999976,399.1066498839999,2,7,COC(=O)NC1=[NH+]c2cc(ccc2N1)C(=O)c1ccccc1.COC(=O)C(=O)[O-]
VEVYAW,-1.2766999999999986,428.2257619719999,2,8,C1COCCOCCOCCOCCOCCO1.Oc1ccc(O)cc1.O.O.O
VEWFIQ,1.9716999999999993,452.26482226400003,2,8,CN(C)C(=O)C1=Cc2cnc(Nc3ccc(cn3)N3CCNCC3)nc2N1C1CCCC1.O
VEWJAI,3.7837000000000005,349.9850826719101,3,0,F[P-](F)(F)(F)(F)F.F[P-](F)(F)(F)(F)F.NC(N)=[NH2+]
VEXZUX,-0.26610000000000045,345.13247070799997,2,6,O=N(=O)c1ccc(cc1)N1CC[NH2+]CC1.Oc1ccccc1C(=O)[O-]
VEYMAQ,-4.964499999999997,304.101898852,3,5,O=C1NC=C(C(=O)[O-])C(=O)N1.Nc1cc[nH+]cc1.O.O.O
VEYMOE,-2.4903999999999984,250.0702048,3,5,O=C1NC(=O)C=C(N1)C(=O)[O-].Nc1cc[nH+]cc1
VEYRAV,1.5392000000000006,343.02436184,2,3,[NH3+]c1ccc(cc1)S(=O)(=O)N=C1NC=CS1.F[B-](F)(F)F
VEYREZ,-1.9234999999999989,369.9842863039099,2,7,[NH3+]c1ccc(cc1)S(=O)(=O)N=C1NC=CS1.O=S(=O)([O-])[O-].O
VEYYEG,1.2297000000000005,417.04868370800006,2,6,[NH3+]c1ccc(cc1)S(=O)(=O)N=C1NC=CS1.O=S(=O)([O-])c1ccc[cH2][cH2]1.[H].[H]
VEZWOM,0.9459000000000009,335.132015942,2,5,CCOP([O-])(=S)OCC.C[NH2+]C(C)C(O)c1ccccc1
VIBYOX,4.175200000000003,274.11061306799996,1,3,Oc1ccccc1.c1cnc2c(c1)ccc1cccnc21
VICKEX,-1.1609999999999991,249.04022373400002,3,4,OP(=O)([O-])Oc1ccccc1.[NH3+]CC(O)=O
VIDDUI,-0.4432000000000003,251.040542396,2,3,[NH3+]c1ccc(cc1)C(O)=O.FC(F)(F)C(=O)[O-]
VIDJEX,-1.731359999999994,328.191755848,2,1,[Cl-].CCC[NH+]1CCCCC1C(=O)Nc1c(C)cccc1C.O
VIDJEX01,-1.7313599999999967,328.191755848,2,1,CCC[NH+]1CCCCC1C(=O)Nc1c(C)cccc1C.O.[Cl-]
VIDMUR,0.3189000000000004,469.085653168,2,7,NS(=O)(=O)c1cc2c(NC=NS2(=O)=O)cc1Cl.CN(C)C(C)=O.CN(C)C(C)=O
VIFQIL01,3.2541200000000012,270.061612188,1,3,CC1=C(C=NO1)C(=O)Nc1ccc(cc1)C(F)(F)F
VIFQIL02,3.2541200000000012,270.061612188,1,3,CC1=C(C=NO1)C(=O)Nc1ccc(cc1)C(F)(F)F
VIGDEV,3.265200000000001,406.1641051839999,2,6,C(N1C=CC=N1)c1ccc(CN2C=Nc3ccccc23)cc1.OC(=O)CCC(O)=O
VIGGOI,3.493800000000003,398.13789043599996,1,3,NC(=O)N1c2ccccc2C=Cc2ccccc12.[O-][n+]1cc[n+]([O-])c2ccccc12
VIGGUO,2.3406000000000002,348.12224037199996,1,3,NC(=O)N1c2ccccc2C=Cc2ccccc12.[O-][n+]1cc[n+]([O-])cc1
VIGNII,2.04024,474.16682121400004,3,7,OP(O)(O)=O.CN1N(C(=O)C=C1C)c1ccccc1.CN1N(C(=O)C=C1C)c1ccccc1
VIGPUZ,3.992480000000003,464.093009632,1,4,CNC(=O)c1ccc(cc1F)N1C(=S)N(C(=O)C1(C)C)c1ccc(C#N)c(c1)C(F)(F)F
VIGROS,-4.116199999999997,226.095356928,2,4,[NH3+]CC[NH3+].O=C([O-])c1ccc(cc1)C(=O)[O-]
VIGSUZ,-2.689499999999998,313.12549406409,2,5,O=N(=O)c1ccc2[N-]N=C(c2c1)N(=O)=O.[NH2+]1CC[NH2+]CC1.O
VIGVEM,-0.9952000000000001,259.08636784,2,3,O.O.F[B-](F)(F)F.NC1=[NH+]C=NC2=C1N=CN2
VIJTIR,0.2939000000000014,276.15862588,1,5,C1N2CN3CN1CN(C2)C3.OC(=O)Cc1ccccc1
VIKDUO,-0.38940000000000013,204.05174416999998,2,0,F[Si-2](F)(F)(F)(F)F.[NH3+]CC[NH3+]
VIKDUO01,-0.38940000000000013,204.05174416999998,2,0,F[Si-2](F)(F)(F)(F)F.[NH3+]CC[NH3+]
VIKKEG,-3.7778,132.05349211600003,2,3,[NH3+]C(CC(N)=O)C(=O)[O-]
VIKLOR,-1.698699999999998,281.0899372,3,4,[NH3+]C(Cc1ccccc1)C(=O)[O-].OC(=O)C=CC(O)=O
VIKLUX,-2.2853999999999965,233.0899372,3,4,[NH3+]C(C(C)C)C(=O)[O-].OC(=O)C=CC(O)=O
VIKWUL,-10.064800000000005,201.05480077599998,4,0,C[N+](C)=C(N)[NH+]=C(N)N.[Cl-].[Cl-]
VILLAE,-8.389899999999995,302.07122906409,2,4,[OH2][Mg+2]([OH2])([OH2])([OH2])([OH2])[OH2].NC1=NC=NC2=C1NC=N2.[Cl-]
VILLEI,-8.389899999999995,346.02071348409004,2,4,[OH2][Mg+2]([OH2])([OH2])([OH2])([OH2])[OH2].NC1=NC=NC2=C1NC=N2.[Br-]
VILLIM,-10.149899999999997,366.05088754408996,2,8,[OH2][Mg+2]([OH2])([OH2])([OH2])([OH2])[OH2].NC1=NC=NC2=C1N=CN2.O=[Cl](=O)(=O)[O-]
VIPWEZ01,2.620000000000001,235.066699656,1,3,CC1=C(SCCO1)C(=O)Nc1ccccc1
VIPXOJ,1.0940400000000006,390.18379507200007,2,7,Cc1cc(C)nc(NS(=O)(=O)c2ccc(N)cc2)n1.C1CN2CCN1CC2
VIRAZL,-3.0114999999999994,244.080769484,4,8,NC(=O)C1=NN(C=N1)C1OC(CO)C(O)C1O
VIRAZL01,-3.0114999999999994,244.080769484,4,8,NC(=O)C1=NN(C=N1)C1OC(CO)C(O)C1O
VIRAZL02,-3.0114999999999994,244.080769484,4,8,NC(=O)C1=NN(C=N1)C1OC(CO)C(O)C1O
VIRAZL03,-3.0114999999999994,244.080769484,4,8,NC(=O)C1=NN(C=N1)C1OC(CO)C(O)C1O
VIRAZL04,-3.0114999999999994,244.080769484,4,8,NC(=O)C1=NN(C=N1)C1OC(CO)C(O)C1O
VIRAZL05,-3.0114999999999994,244.080769484,4,8,NC(=O)C1=NN(C=N1)C1OC(CO)C(O)C1O
VIRAZL06,-3.0114999999999994,244.080769484,4,8,NC(=O)C1=NN(C=N1)C1OC(CO)C(O)C1O
VIRAZL07,-3.0114999999999994,244.080769484,4,8,NC(=O)C1=NN(C=N1)C1OC(CO)C(O)C1O
VIRAZL08,-3.0114999999999994,244.080769484,4,8,NC(=O)C1=NN(C=N1)C1OC(CO)C(O)C1O
VIRAZL09,-3.0114999999999994,244.080769484,4,8,NC(=O)C1=NN(C=N1)C1OC(CO)C(O)C1O
VIRAZL10,-3.0114999999999994,244.080769484,4,8,NC(=O)C1=NN(C=N1)C1OC(CO)C(O)C1O
VIRAZL11,-3.0114999999999994,244.080769484,4,8,NC(=O)C1=NN(C=N1)C1OC(CO)C(O)C1O
VIRAZL12,-3.0114999999999994,244.080769484,4,8,NC(=O)C1=NN(C=N1)C1OC(CO)C(O)C1O
VIRAZL13,-3.0114999999999994,244.080769484,4,8,NC(=O)C1=NN(C=N1)C1OC(CO)C(O)C1O
VIRAZL14,-3.0114999999999994,244.080769484,4,8,NC(=O)C1=NN(C=N1)C1OC(CO)C(O)C1O
VIRAZL15,-3.0114999999999994,244.080769484,4,8,NC(=O)C1=NN(C=N1)C1OC(CO)C(O)C1O
VIRAZL16,-3.0114999999999994,244.080769484,4,8,NC(=O)C1=NN(C=N1)C1OC(CO)C(O)C1O
VIRAZL17,-3.0114999999999994,244.080769484,4,8,NC(=O)C1=NN(C=N1)C1OC(CO)C(O)C1O
VIRAZL18,-3.0114999999999994,244.080769484,4,8,NC(=O)C1=NN(C=N1)C1OC(CO)C(O)C1O
VIRAZL19,-3.0114999999999994,244.080769484,4,8,NC(=O)C1=NN(C=N1)C1OC(CO)C(O)C1O
VIRAZL20,-3.0114999999999994,244.080769484,4,8,NC(=O)C1=NN(C=N1)C1OC(CO)C(O)C1O
VIRAZL21,-3.0114999999999994,244.080769484,4,8,NC(=O)C1=NN(C=N1)C1OC(CO)C(O)C1O
VIRAZL22,-3.0114999999999994,244.080769484,4,8,NC(=O)C1=NN(C=N1)C1OC(CO)C(O)C1O
VIRAZL23,-3.0114999999999994,244.080769484,4,8,NC(=O)C1=NN(C=N1)C1OC(CO)C(O)C1O
VIRAZL24,-3.0114999999999994,244.080769484,4,8,NC(=O)C1=NN(C=N1)C1OC(CO)C(O)C1O
VIRAZL25,-3.0114999999999994,244.080769484,4,8,NC(=O)C1=NN(C=N1)C1OC(CO)C(O)C1O
VIRAZL28,-3.0114999999999994,244.080769484,4,8,NC(=O)C1=NN(C=N1)C1OC(CO)C(O)C1O
VIRAZL29,-3.0114999999999994,244.080769484,4,8,NC(=O)C1=NN(C=N1)C1OC(CO)C(O)C1O
VIRAZL30,-3.0114999999999994,244.080769484,4,8,NC(=O)C1=NN(C=N1)C1OC(CO)C(O)C1O
VIRAZL31,-3.0114999999999994,244.080769484,4,8,NC(=O)C1=NN(C=N1)C1OC(CO)C(O)C1O
VIRKIU,1.3838000000000004,234.100442308,2,3,CC=CC=CC(O)=O.NC(=O)c1cccnc1
VIRRIB,-3.0045999999999973,199.14410426809,2,2,CC=CC=CC(=O)[O-].[NH2+]1CC[NH2+]CC1
VISQAR01,-1.248619999999996,340.191755848,2,3,COc1cccc(c1)C1(O)CCCCC1C[NH+](C)C.CC#N.[Cl-]
VIVZEF,0.7667999999999998,211.084457896,3,4,Oc1ccc(O)cc1.CC(=O)NC(C)=O
VIVZIJ,2.8409000000000004,301.131408088,3,4,CCCC(=O)NC(=O)c1ccccc1.Oc1ccc(O)cc1
VIWSON,2.2697000000000003,316.105921612,3,4,OC(=O)CCC(=O)Nc1ccccn1.OC(=O)c1ccccc1
VIXQOK02,-1.8583999999999965,408.17975524799994,4,4,[NH3+]C(CC1=CNc2ccccc12)C(=O)[O-].[NH3+]C(CC1=CNc2ccccc12)C(=O)[O-]
VIXRIH,-1.9791000000000003,284.97262621999994,1,1,Oc1c(Cl)cc(Cl)c2ccc[nH+]c12.[Cl-].O.O
VOBNEG,3.221100000000002,328.20384475599997,3,3,CC12CCC3C(CCc4cc(O)ccc34)C1CCC2(O)C#C.CO
VOBNEG01,3.221100000000002,328.20384475599997,3,3,CC12CCC3C(CCc4cc(O)ccc34)C1CCC2(O)C#C.CO
VOCZAP,1.5034199999999993,307.132076784,1,4,O=C([O-])c1ccccc1.Cc1[nH+]c(N)nc(c1)c1ccccc1
VOCZET,2.06044,245.11642672,2,4,OC(=O)c1ccccc1.Cc1cc(C)nc(N)n1
VOCZET01,2.06044,245.11642672,2,4,OC(=O)c1ccccc1.Cc1cc(C)nc(N)n1
VOCZET02,2.06044,245.11642672,2,4,OC(=O)c1ccccc1.Cc1cc(C)nc(N)n1
VOCZET04,2.06044,245.11642672,2,4,Cc1cc(C)nc(N)n1.OC(=O)c1ccccc1
VOGGUW,-1.088499999999999,271.095691276,4,3,Oc1ccccc1C(=O)[O-].[NH2+]=C1Nc2ccccc2N1
VOHKUA,3.2734000000000014,399.0711334040001,3,6,Nc1ccc(cc1)S(=O)(=O)c1ccc(N)cc1.O=C1Nc2ccccc2S1
VOHPUF,-0.32060000000000016,268.075468808,1,4,F[B-](F)(F)F.CN1C(=O)N(C)C2=C([NH+]=CN2)C1=O
VOHQAM,-5.441299999999998,234.051967892,1,4,[Cl-].CN1C(=O)N(C)C2=C([NH+]=CN2)C1=O.O
VOHQEQ,-5.441299999999998,278.001452312,1,4,[Br-].CN1C(=O)N(C)C2=C([NH+]=CN2)C1=O.O
VOJFEI,-0.7169999999999979,425.11994032009,4,6,OC(=O)c1ccccc1SSc1ccccc1C(=O)[O-].[NH2+]1CC[NH2+]CC1.CO
VOKDIL,-4.7963999999999976,276.044978232,2,6,O=S(=O)([O-])CCS(=O)(=O)[O-].[NH2+]1CC[NH2+]CC1
VOKDIL01,-4.7963999999999976,276.044978232,2,6,O=S(=O)([O-])CCS(=O)(=O)[O-].[NH2+]1CC[NH2+]CC1
VOKHEJ,-5.322199999999999,141.019270796,3,2,[NH3+]C(CO)C(O)=O.[Cl-]
VOKREV,0.2926999999999998,268.049549608,4,4,FC1=CNC(=O)NC1=O.OC(=O)c1ccccc1O
VOKWUN,-5.340999999999996,285.11721659208996,4,2,[Br-].CCC([NH2+]CC[NH2+]C(CC)CO)CO
VOLROG,0.08189999999999958,377.13353332799994,4,7,NC(=O)c1cnccn1.NC(=O)c1ccncc1.OC(=O)CCCC(O)=O
VOLVOL,1.7836999999999998,432.17573248800005,3,9,CCOC(=O)Nc1cccc(NC(=O)OCC)c1.CN1C(=O)N(C)C2=C(NC=N2)C1=O
VOPCOU,3.663800000000002,432.26242225199985,4,4,CC1(O)CCC2C3CCC4CC5=NNC=C5CC4(C)C3CCC12C.OC(=O)CC(O)=O
VOPLAO,0.060520000000002516,372.1579742480001,3,4,CCOC(=O)[N-]S(=O)(=O)c1ccc(C)cc1.C[N+](C)=C(N)N=C(N)N
VOPSUS,4.041420000000002,488.10757848799983,1,7,CC(C)COc1ccc(cc1C#N)C1=[NH+]C(=C(S1)C(O)=O)C.Cc1ccc(cc1)S(=O)(=O)[O-]
VOQKIV,-2.2940999999999923,495.215154776,2,7,[NH3+]C(C(=O)NC1C2SCC(=C(N2C1=O)C(=O)[O-])C)C1=CCC=CC1.CN(C)C=O.CN(C)C=O
VORCOV,0.7355999999999998,252.085854864,4,4,N1C=CN=C1C1=NC=CN1.OC(=O)CCC(O)=O
VORWEH,3.749900000000001,457.17628547609,3,4,CC(C)(Oc1ccc(CCNC(=O)c2ccc(Cl)cc2)cc1)C(O)=O.Nc1cc[nH+]cc1.[H]
VORWIL,1.937499999999999,487.18739873999994,2,5,CC(C)(Oc1ccc(CCNC(=O)c2ccc(Cl)cc2)cc1)C(=O)[O-].O.CNc1cc[nH+]cc1
VORWUY,2.0436800000000006,242.06914218,2,4,N#Cc1ccccn1.OC(=O)c1ccccc1O
VOTFIT,-3.6354999999999955,445.1090601119999,3,2,CC[NH+](CC)Cc1cc(Nc2cc[nH+]c3cc(Cl)ccc23)ccc1O.[Cl-].[Cl-].O
VOTFIT01,-3.6354999999999937,445.1090601119999,3,2,[Cl-].CC[NH+](CC)Cc1cc(Nc2cc[nH+]c3cc(Cl)ccc23)ccc1O.[Cl-].O
VOVRAB,1.19599,274.06367994,3,5,S=C1NC=NC2=C1NC=N2.NC(=O)c1ccncc1
VOVZEN,-0.039400000000000934,263.07937251600003,2,4,OC(=O)CCC(=O)[O-].Oc1cccc2ccc[nH+]c12
VOWHOE,-9.99580000000001,382.20636392,4,8,[NH3+]C(CCC(=O)[O-])C(=O)[O-].[NH3+]C(CCC(=O)[O-])C(=O)[O-].[NH3+]CCCC[NH3+]
VOWHUK,-5.872700000000002,236.16048260409,3,4,[NH3+]C(CCC(=O)[O-])C(=O)[O-].[NH3+]CCCC[NH3+]
VOXDUH,-0.45330000000000026,299.03022584,1,1,Clc1ccccc1C[NH+]1CCC2=C(C1)C=CS2.[Cl-]
VOXDUH01,-0.45330000000000026,299.03022584,1,1,Clc1ccccc1C[NH+]1CCC2=C(C1)C=CS2.[Cl-]
VUBCAW,0.7674000000000014,289.098189812,2,1,[Cl-].NC(=O)N1c2ccccc2C=Cc2ccccc12.[NH4+]
VUBCEA,0.7674000000000014,333.047674232,2,1,[Br-].NC(=O)N1c2ccccc2C=Cc2ccccc12.[NH4+]
VUBCEA01,0.7674000000000014,333.047674232,2,1,[Br-].NC(=O)N1c2ccccc2C=Cc2ccccc12.[NH4+]
VUCFOO,3.3022000000000027,444.252526264,1,4,O=C1Nc2ccccc2N1CCCN1CCN(CC1)C(c1ccccc1)c1ccccc1.O
VUCHOR,2.7279999999999998,327.21982916800005,1,2,CC(C)Cc1ccc(cc1)C(C)C(=O)[O-].[NH3+]C(C)c1ccccc1
VUCHOR01,2.7280000000000006,327.219829168,1,2,[NH3+]C(C)c1ccccc1.CC(C)Cc1ccc(cc1)C(C)C(=O)[O-]
VUCJEI,-5.142999999999992,437.183185952,2,6,CC(O)C1C2C(C)C(=C(N2C1=O)C(=O)[O-])SC1C[NH2+]C(C1)C(=O)N(C)C.O.O.O
VUFPIV,-3.396399999999998,249.960310844,1,1,[I-].NC(=O)c1c[nH+]ccc1
VUGCUV,3.907300000000002,353.02216325600006,2,4,OC(=O)COC(=O)Cc1ccccc1Nc1c(Cl)cccc1Cl
VUGCUV01,3.907300000000002,353.02216325600006,2,4,OC(=O)COC(=O)Cc1ccccc1Nc1c(Cl)cccc1Cl
VUGMIT,2.7865400000000005,458.1260054239999,3,8,Cc1cc(C)nc(NS(=O)(=O)c2ccc(N)cc2)n1.CC(=O)Oc1ccccc1C(O)=O
VUGQIZ,-12.666300000000012,432.2532795721799,4,6,O=C([O-])c1nccnc1C(=O)[O-].[NH2+]1CC[NH2+]CC1.[NH2+]1CC[NH2+]CC1.O.O.O.O.O
VUJRUO,3.809000000000003,412.112459972,1,5,Clc1cc2NC(=O)Cc2cc1CCN1CCN(CC1)C1=NSc2ccccc12
VUJXIH,-2.6632999999999987,273.08296055609003,2,6,O=C([O-])c1cc(cc(c1)N(=O)=O)N(=O)=O.[NH3+]CC[NH3+]
VUJXIH01,-2.6632999999999987,273.08296055609003,2,6,O=C([O-])c1cc(cc(c1)N(=O)=O)N(=O)=O.[NH3+]CC[NH3+]
VUJXIH02,-2.6632999999999987,273.08296055609003,2,6,O=C([O-])c1cc(cc(c1)N(=O)=O)N(=O)=O.[NH3+]CC[NH3+]
VUJXIH03,-2.663299999999997,273.08296055609003,2,6,[NH3+]CC[NH3+].O=C([O-])c1cc(cc(c1)N(=O)=O)N(=O)=O
VUJZIK,-1.0708999999999982,400.0390987479099,3,8,NC(N)=[NH2+].O=S(=O)([O-])c1ccc(cc1)N=Nc1ccc(cc1)S(=O)(=O)[O-]
VUJZUW,-1.0708999999999982,400.0390987479099,3,8,NC(N)=[NH2+].O=S(=O)([O-])c1ccc(cc1)N=Nc1ccc(cc1)S(=O)(=O)[O-]
VUKDUB,-1.7010999999999967,400.06425087591003,3,6,O=S(=O)([O-])c1ccc(CCc2ccc(cc2)S(=O)(=O)[O-])cc1.NC(N)=[NH2+]
VUKPEY,-0.74498,307.105587264,4,6,Cc1[nH+]cc(CO)c(CO)c1O.Oc1ccc(cc1)C(=O)[O-]
VUKSEC,3.760600000000002,424.19982199599997,3,5,CCOc1ccccc1C(N)=O.CCOc1ccccc1C(N)=O.Oc1ccccc1
VUKSIG,4.425320000000003,306.136827816,2,3,COc1ccc2c(Nc3c(C)nccc23)c1.Oc1ccccc1
VUKTAZ,-0.8508999999999971,442.12639578400007,3,4,[Cl-].Nc1ccc(cc1)S(=O)(=O)N=C1NC=CS1.[NH3+]C12CC3CC(CC(C3)C1)C2
VULHAP,0.8325999999999993,411.1100210119999,3,7,CCCSc1ccc2[NH+]=C(NC(=O)OC)Nc2c1.OC(=O)CCC(=O)C(=O)[O-]
VULHIX,2.1323,417.13584183599994,3,6,CCCSc1ccc2NC(=[NH+]c2c1)NC(=O)OC.OC(C(=O)[O-])c1ccccc1
VULHOD,2.1323,417.13584183599994,3,6,CCCSc1ccc2[NH+]=C(NC(=O)OC)Nc2c1.OC(C(=O)[O-])c1ccccc1
VULHUJ,3.0313000000000008,444.15011199599996,3,6,CCCSc1ccc2NC(=[NH+]c2c1)NC(=O)OC.O=S(=O)([O-])NC1CCCCC1
VULTEC,4.078900000000003,446.18417193199997,3,6,COc1ccc(CCNC(=O)COc2cccc3cccnc23)cc1.Oc1ccc(O)cc1
VULVOP,-0.5789000000000002,316.10592161200003,3,6,Cc1[nH+]cc(CO)c(CO)c1O.O=C([O-])c1ccc(cc1)C#N
VULVUV,0.40212000000000026,352.072907232,3,6,Cc1[nH+]cc(CO)c(CO)c1O.O=C1[N-]S(=O)(=O)c2ccccc12
VUPROR,-0.6504000000000001,129.042593084,2,2,OC(=O)C1CCC(=O)N1
VUQNAY,-3.3630999999999958,280.145678248,2,5,[NH3+]C(CCCC)C(=O)[O-].[NH3+]C(CCSC)C(=O)[O-]
VUQNAY01,-3.3630999999999958,280.145678248,2,5,[NH3+]C(CCCC)C(=O)[O-].[NH3+]C(CCSC)C(=O)[O-]
VUQNAY02,-3.3630999999999958,280.145678248,2,5,[NH3+]C(CCCC)C(=O)[O-].[NH3+]C(CCSC)C(=O)[O-]
VUQNAY03,-3.3630999999999958,280.145678248,2,5,[NH3+]C(CCSC)C(=O)[O-].[NH3+]C(CCCC)C(=O)[O-]
VUQNAY04,-3.3630999999999958,280.145678248,2,5,[NH3+]C(CCCC)C(=O)[O-].[NH3+]C(CCSC)C(=O)[O-]
VURCUH,-1.2512799999999988,214.095356928,1,4,OC(=O)CCC(=O)[O-].CN1C=C[NH+]=C1C
VURNAY,-6.376599999999999,280.02106168800003,1,8,CN1C(=O)N(C)C2=C([NH+]=CN2)C1=O.O=[Cl](=O)(=O)[O-]
VUSDIX,4.6391000000000036,386.120132196,2,4,CNC(=O)c1ccccc1Sc1ccc2c(NN=C2C=Cc2ccccn2)c1
VUSDIX03,4.6391000000000036,386.120132196,2,4,CNC(=O)c1ccccc1Sc1ccc2c(NN=C2C=Cc2ccccn2)c1
VUSDIX04,4.6391000000000036,386.120132196,2,4,CNC(=O)c1ccccc1Sc1ccc2c(NN=C2C=Cc2ccccn2)c1
VUSDIX06,4.6391000000000036,386.120132196,2,4,CNC(=O)c1ccccc1Sc1ccc2c(NN=C2C=Cc2ccccn2)c1
VUTNAB,0.5424999999999995,260.090940244,3,5,NC(=O)c1cnccn1.Nc1ccc(cc1)C(O)=O
VUVZOF,2.8572000000000006,398.1114009159999,0,7,COc1ccc2cc3[n+](CCc4cc5OCOc5cc34)cc2c1OC.O=N(=O)[O-]
VUWKOO,-4.905099999999998,216.07462148399998,2,4,O=C([O-])C(=O)[O-].[NH3+]c1ccc([NH3+])cc1.O
VUWLUV,-1.6777999999999966,422.16891579200006,4,6,OC(=O)CCC(=O)[O-].OC(=O)CCC(=O)[O-].[NH3+]c1ccccc1.[NH3+]c1ccccc1
VUXPUZ,0.6163,212.025563116,1,4,NS(=O)(=O)CC1=NOc2ccccc12
VUXXUJ,1.2676000000000003,385.225308472,2,4,COc1cccc(c1)C1(O)CCCCC1C[NH+](C)C.O=C([O-])c1ccccc1
VUYHII,-8.969000000000007,283.13795001200003,3,6,[NH3+]CCCC([NH3+])C(=O)[O-].[NH3+]C(CC(=O)[O-])C(=O)[O-].O
VUZFAY,0.8556999999999999,323.13901888808994,1,3,C(Cc1cc[nH+]cc1)c1cc[nH+]cc1.Oc1ccccc1C(=O)[O-]
VUZFAY01,0.8556999999999999,323.13901888808994,1,3,C(Cc1cc[nH+]cc1)c1cc[nH+]cc1.Oc1ccccc1C(=O)[O-]
VUZNEK,-0.06010000000000054,337.065847692,3,8,Nc1c[nH+]ccc1N.OC(=O)c1cc(cc(c1[O-])N(=O)=O)N(=O)=O
VUZNIO,3.6189000000000027,335.16337691200005,2,4,Nc1ccc(cc1)C(O)=O.C(Cc1ccncc1)Cc1ccncc1
VUZQIQ,3.0364000000000004,204.018525888,0,0,FCC(F)(F)F.FCC(F)(F)F
VUZYUL,-5.1595999999999975,273.11934606409,3,5,OC(=O)c1nccnc1C(=O)[O-].[NH2+]1CC[NH2+]CC1.O
VUZZEW,3.314400000000002,332.12732575200005,1,5,OC(=O)c1ccccc1.c1ccc(C=NN=Cc2ccccn2)nc1
WACDEN,4.831420000000004,406.18273245200004,2,6,Oc1ccccc1.CN1CCN(CC1)C1=Nc2ccccc2NC2=C1C=C(C)S2
WACDEN02,4.831420000000004,406.18273245200004,2,6,Oc1ccccc1.CN1CCN(CC1)C1=Nc2ccccc2NC2=C1C=C(C)S2
WACHIR,4.2659000000000065,430.30830982399993,3,3,CC(C=CC(O)C1CC1)C1CCC2C(CCCC12C)=CC=C1CC(O)CC(O)C1=C.O
WACMIY,0.9490000000000003,137.070145224,1,1,[N-]=[N+]=[N-].Nc1cc[nH+]cc1
WACVED,2.1845999999999997,256.096025624,3,3,N1C=CN=C1C1=NC=CN1.OC(=O)c1ccccc1
WADNEX,-3.7399999999999993,205.050570924,3,1,CC(O)=[NH+]c1ccc(O)cc1.[Cl-].O
WADNOH,-3.7399999999999993,296.986191244,3,1,CC(O)=[NH+]c1ccc(O)cc1.[I-].O
WADQIF,1.0867999999999993,482.24489849199995,3,8,CC(=O)Nc1ccc(OC(=O)[BH2-][N+]23CN4CN(CN(C4)C2)C3)cc1.CC(=O)Nc1ccc(O)cc1
WADTIG,3.4853000000000023,343.22597716800004,1,4,CCCCOc1cc(C(=O)NCCN(CC)CC)c2ccccc2n1
WADXEH,-0.6224999999999978,289.179026976,2,4,C1CCN2CCC[NH+]=C2CC1.Nc1ccc(cc1)C(=O)[O-]
WAFCOX,0.19229999999999997,230.105527688,2,3,[NH3+]c1ccccc1N.O=C([O-])c1ccccc1
WAFNAT,-0.29880000000000023,187.084457896,2,2,CC(=O)Nc1ccc(O)cc1.O.O
WAGCUG,1.388,371.114902496,2,6,CCc1[nH+]c(N)nc(N)c1c1ccc(Cl)cc1.O=C([O-])c1cccnc1
WAGDER,2.3369,361.13055255999996,3,6,CCc1nc(N)nc(N)c1c1ccc(Cl)cc1.O=C1CCCC(=O)N1
WAGDOB,2.8457000000000017,431.081888116,2,6,CCc1[nH+]c(N)nc(N)c1c1ccc(Cl)cc1.O=C1[N-]S(=O)(=O)c2ccccc12
WAGDOB01,2.8457000000000017,431.081888116,2,6,CCc1[nH+]c(N)nc(N)c1c1ccc(Cl)cc1.O=C1[N-]S(=O)(=O)c2ccccc12
WAGFIX,1.4127999999999996,400.130218212,3,6,CCc1[nH+]c(N)nc(N)c1c1ccc(Cl)cc1.OC(C(=O)[O-])c1ccccc1
WAGFOD,1.8115,360.13530359199996,2,5,CCc1[nH+]c(N)nc(N)c1c1ccc(Cl)cc1.CC=CC=CC(=O)[O-]
WAGFUJ,2.021000000000001,449.0924528,2,6,CCc1[nH+]c(N)nc(N)c1c1ccc(Cl)cc1.O=C1[N-]S(=O)(=O)c2ccccc12.O
WAGGIY,3.375580000000001,472.10843721200007,2,7,O=C1[N-]S(=O)(=O)c2ccccc12.CCc1[nH+]c(N)nc(N)c1c1ccc(Cl)cc1.CC#N
WAHGEV,-2.184099999999998,327.070264376,2,7,O=C(NCCON(=O)=O)c1c[nH+]ccc1.OC(=O)C=CC(=O)[O-]
WAHGIZ,1.5158999999999994,385.14851469599995,3,7,O=C(NCCON(=O)=O)c1cccnc1.OC(=O)CCCCCCC(O)=O
WAHJAR,1.7845999999999997,383.159354152,1,8,COc1cc2N=C(N=C(N)c2cc1OC)N1CCN(CC1)C(=O)C1=CC=CO1
WAHJEV,-1.792299999999996,419.13603186399996,1,7,[Cl-].COc1cc2[NH+]=C(N=C(N)c2cc1OC)N1CCN(CC1)C(=O)C1=CC=CO1
WAJLAV01,-9.648099999999996,288.05578289609,3,4,[OH2][Mg+2]([OH2])([OH2])([OH2])([OH2])[OH2].O=S(=O)([O-])[O-].NC(N)=[NH2+]
WAJVOU,1.7681999999999998,366.096419548,2,7,[O-][n+]1ccc(cc1)C1=NN=C(O1)c1cc[n+]([O-])cc1.Oc1cccc(O)c1
WAJWOU,-4.184699999999997,315.08566298809006,4,5,OC(=O)c1cc(ccc1O)S(=O)(=O)[O-].O.O.[NH3+]CC[NH3+]
WAJYUC,2.524020000000001,433.210052332,1,8,COc1c(C)c2COC(=O)c2c(O)c1CC=C(C)CCC(=O)OCCN1CCOCC1
WAJYUC01,2.524020000000001,433.210052332,1,8,COc1c(C)c2COC(=O)c2c(O)c1CC=C(C)CCC(=O)OCCN1CCOCC1
WAKJIF,0.09389999999999987,396.15460312,1,7,O.O.CN1C(=O)N(C)C2=C(NC=N2)C1=O.c1cnc2c(c1)ccc1cccnc21
WAKKAV,2.1738,406.1748702,3,4,CC(C(O)c1ccccc1)N(C)C(=S)[S-].C[NH2+]C(C)C(O)c1ccccc1
WAKKAV01,2.1738,406.1748702,3,4,CC(C(O)c1ccccc1)N(C)C(=S)[S-].C[NH2+]C(C)C(O)c1ccccc1
WAKKAY,3.6121700000000017,428.951629592,3,7,[O-][n+]1ccccc1SSc1cccc[n+]1[O-].S=C1NC(=S)NC(=S)N1
WALPIJ,1.9309,289.167793596,1,4,CN1C2CCC1CC(C2)OC(=O)C(CO)c1ccccc1
WAMPOQ,-1.958299999999998,361.05059155199996,3,9,[NH3+]C(CC(N)=O)C(O)=O.O=N(=O)c1cc(c([O-])c(c1)N(=O)=O)N(=O)=O
WAMPOQ01,-1.9583000000000004,361.05059155199996,3,9,O=N(=O)c1cc(c([O-])c(c1)N(=O)=O)N(=O)=O.[NH3+]C(CC(N)=O)C(O)=O
WANHUO,0.05560000000000026,382.07042219600004,2,8,Cc1[nH+]cc(C[N+]2=CSC(=C2C)CCO)c(N)n1.[S-]C#N.[S-]C#N
WANKIF,2.2356000000000007,417.230393852,2,3,C[NH2+]C(C)C(O)c1ccccc1.O=C([O-])c1cc2CCc3ccc(CCc1cc2)cc3
WANTOU,0.6870999999999994,480.2260367439999,3,6,COc1ccc2nccc(C(O)C3CC4CC[NH+]3CC4C=C)c2c1.Oc1ccccc1C(=O)[O-].O
WANTOU01,0.6870999999999994,480.2260367439999,3,6,COc1ccc2nccc(C(O)C3CC4CC[NH+]3CC4C=C)c2c1.Oc1ccccc1C(=O)[O-].O
WAQBOH,-1.093999999999998,348.190283264,4,2,[NH2+]1CCNCC1.F[B-](F)(F)F.F[B-](F)(F)F.[NH2+]1CCNCC1
WAQZUM,2.727620000000001,433.16714196400005,4,6,Oc1cccc(O)c1.Cc1ccc(cc1)S(=O)(=O)NC(=O)NN1CC2CCCC2C1
WARBAV,0.32482000000000266,409.2147608520001,2,4,Cc1ccc(cc1)S(=O)(=O)[N-]C(=O)[N-]N1CC2CCCC2C1.[NH2+]1CC[NH2+]CC1
WARNOV,2.1870000000000003,308.113236308,1,4,OB1OCc2cc(F)ccc12.c1cc(ccn1)c1ccncc1
WARNUB,2.6904000000000012,334.128886372,1,4,OB1OCc2cc(F)ccc12.c1cc(ccn1)C=Cc1ccncc1
WARPAJ,2.3052,336.144536436,1,4,OB1OCc2cc(F)ccc12.C(Cc1ccncc1)c1ccncc1
WARPEN,0.22389999999999943,274.092500864,2,4,OB1OCc2cc(F)ccc12.NC(=O)c1ccncc1
WASDAZ,0.24759999999999938,409.01696633590996,1,7,NC(=O)c1c[nH+]ccc1.O=S(=O)([O-])c1cccc2c1cccc2S(=O)(=O)[O-]
WASRER,-1.0524999999999993,395.89564562000004,2,4,OC(=O)C(Br)C(Br)C(=O)[O-].NC(=O)c1c[nH+]ccc1
WASRUG,1.3855999999999993,491.1510934839999,3,5,OC1(CC[NH+](CCCC(=O)c2ccc(F)cc2)CC1)c1ccc(Cl)cc1.OC(=O)C=CC(=O)[O-]
WASRUG01,1.3855999999999993,491.1510934839999,3,5,OC1(CC[NH+](CCCC(=O)c2ccc(F)cc2)CC1)c1ccc(Cl)cc1.OC(=O)C=CC(=O)[O-]
WASTEP,3.5904200000000026,410.211804324,0,6,CC1=C(CCN2CCC(CC2)C2=NOc3cc(F)ccc23)C(=O)N2CCCCC2=N1
WAVMEP,4.845440000000006,436.19329713599996,3,7,CN1CCN(CC1)C1=Nc2ccccc2NC2=C1C=C(C)S2.Cc1cc(O)cc(O)c1
WAYWAY,-3.1741999999999955,233.137556088,2,3,CN(C)C(=[NH2+])N(C)C.OC(=O)CCC(=O)[O-]
WEBBEO,3.115600000000001,405.1324707079999,3,6,CC1=C(C=C(C#N)C(=O)N1)c1ccncc1.COc1cc(C=CC(O)=O)ccc1O
WECCUE,2.1928,293.14157884800005,1,2,O=C([O-])c1ccccc1.[NH3+]C(C)c1ccc2ccccc2c1
WECGIW01,4.175920000000003,358.0542764,0,4,Cc1ccc(cn1)c1ncc(Cl)cc1c1ccc(cc1)S(C)(=O)=O
WECGUI,3.351220000000003,376.06484108399997,0,4,Cc1ccc(cn1)c1ncc(Cl)cc1c1ccc(cc1)S(C)(=O)=O.O
WECHAP,3.351220000000003,376.06484108399997,0,4,Cc1ccc(cn1)c1ncc(Cl)cc1c1ccc(cc1)S(C)(=O)=O.O
WEDKOH,-0.005400000000000127,213.074955832,3,5,Nc1cnccn1.OC(=O)CCC(O)=O
WEDKOH01,-0.005400000000000127,213.074955832,3,5,Nc1cnccn1.OC(=O)CCC(O)=O
WEDXOV,3.3435000000000006,428.87354886,1,3,NC(=O)c1cnccn1.Fc1c(F)c(Br)c(F)c(F)c1Br
WEFKUP,-0.2626000000000005,344.100836232,3,5,[NH3+]c1cc(cc(c1)C(=O)[O-])C(O)=O.Oc1cccc2cccnc12.O
WEFLEA,0.6225999999999998,494.127148296,2,8,OC(=O)C1=CN(C2CC2)c2cc(N3CC[NH2+]CC3)c(F)cc2C1=O.CC1=CC(=O)[N-]S(=O)(=O)O1
WEFLIE,0.30760000000000154,482.12714829600003,2,8,CC1=CC(=O)[N-]S(=O)(=O)O1.CCN1C=C(C(O)=O)C(=O)c2cc(F)c(cc12)N1CC[NH2+]CC1
WEHYEO,-1.5673999999999961,296.1655411,2,1,CCC[NH+](CCC)CCc1cccc2NC(=O)Cc12.[Cl-]
WEHZAL,-5.200899999999999,164.02006049191,2,5,O=C([O-])C(=O)[O-].[NH3+]CC(O)=O
WEHZAL01,-5.200899999999999,164.02006049191,2,5,O=C([O-])C(=O)[O-].[NH3+]CC(O)=O
WEHZAL03,-5.200899999999999,164.02006049191,2,5,O=C([O-])C(=O)[O-].[NH3+]CC(O)=O
WEJHAV,-0.16569999999999968,368.001589196,2,6,CN(C)C=O.NS(=O)(=O)c1cc2c(NC=NS2(=O)=O)cc1Cl
WEJHAV01,-0.16569999999999974,368.00158919600005,2,6,NS(=O)(=O)c1cc2c(NC=NS2(=O)=O)cc1Cl.CN(C)C=O
WEKDID,4.1727000000000025,357.147726848,2,2,NC(=O)N1c2ccccc2C=Cc2ccccc12.NC(=O)c1ccccc1
WEKDID01,4.172700000000003,357.147726848,2,2,NC(=O)c1ccccc1.NC(=O)N1c2ccccc2C=Cc2ccccc12
WEMPIR,-5.1261,251.96017973191002,3,8,O=S(=O)([O-])OOS(=O)(=O)[O-].NC(N)=[NH2+]
WEMQEM,3.465300000000001,240.025104174,1,1,F[P-](F)(F)(F)(F)F.Nc1cc[nH+]cc1
WEMQIQ,-2.249299999999999,224.08287409599998,2,3,Nc1cc[nH+]cc1.Nc1ccncc1.[Cl-]
WEMQIQ01,-2.249299999999997,224.08287409599998,2,3,[Cl-].Nc1cc[nH+]cc1.Nc1ccncc1
WEMQOW,-2.249299999999999,268.032358516,2,3,Nc1cc[nH+]cc1.Nc1ccncc1.[Br-]
WEMWEQ,-1.5574999999999983,117.078978592,0,2,C[N+](C)(C)CC(=O)[O-]
WEMWEQ01,-1.5574999999999983,117.078978592,0,2,C[N+](C)(C)CC(=O)[O-]
WEMWEQ02,-1.5574999999999983,117.078978592,0,2,C[N+](C)(C)CC(=O)[O-]
WEMWEQ03,-1.5574999999999983,117.078978592,0,2,C[N+](C)(C)CC(=O)[O-]
WEMWEQ04,-1.5574999999999983,117.078978592,0,2,C[N+](C)(C)CC(=O)[O-]
WEMWEQ05,-1.5574999999999983,117.078978592,0,2,C[N+](C)(C)CC(=O)[O-]
WEMWEQ06,-1.5574999999999983,117.078978592,0,2,C[N+](C)(C)CC(=O)[O-]
WEMWEQ07,-1.5574999999999983,117.078978592,0,2,C[N+](C)(C)CC(=O)[O-]
WEMWEQ08,-1.5574999999999983,117.078978592,0,2,C[N+](C)(C)CC(=O)[O-]
WEMWEQ09,-1.5574999999999983,117.078978592,0,2,C[N+](C)(C)CC(=O)[O-]
WEMWEQ10,-1.5574999999999983,117.078978592,0,2,C[N+](C)(C)CC(=O)[O-]
WEMWEQ11,-1.5574999999999983,117.078978592,0,2,C[N+](C)(C)CC(=O)[O-]
WEMWEQ12,-1.5574999999999983,117.078978592,0,2,C[N+](C)(C)CC(=O)[O-]
WEMWEQ13,-1.5574999999999983,117.078978592,0,2,C[N+](C)(C)CC(=O)[O-]
WEMWEQ14,-1.5574999999999983,117.078978592,0,2,C[N+](C)(C)CC(=O)[O-]
WEMWEQ15,-1.5574999999999983,117.078978592,0,2,C[N+](C)(C)CC(=O)[O-]
WENDAY,-5.255799999999999,374.12625743200005,4,6,NC(=O)C1=NC(=C[N-]C1=O)F.NC(=O)C1=NC(=C[N-]C1=O)F.[NH3+]CC[NH3+]
WEPTIV01,-0.1495599999999997,261.11134134,2,5,Oc1ccccc1C(=O)[O-].Cc1[nH+]c(N)nc(C)c1
WEPTUH,0.01909999999999984,200.043321356,2,4,[NH3+]c1ccc(cc1)C(O)=O.O=N(=O)[O-]
WEPTUH01,0.01909999999999984,200.043321356,2,4,[NH3+]c1ccc(cc1)C(O)=O.O=N(=O)[O-]
WEPVAP,-5.322499999999999,255.01457934,2,5,[NH3+]c1ccc(cc1)C(O)=O.O=[Cl](=O)(=O)[O-].O
WEPVET,-0.8215999999999992,372.0627364719999,4,6,[NH3+]c1ccc(cc1)C(O)=O.[NH3+]c1ccc(cc1)C(O)=O.O=S(=O)([O-])[O-]
WEPVET01,-0.8215999999999974,372.062736472,4,6,O=S(=O)([O-])[O-].[NH3+]c1ccc(cc1)C(O)=O.[NH3+]c1ccc(cc1)C(O)=O
WEQHEF01,2.781600000000002,294.100442308,1,4,CCN1C=C(C(O)=O)C(=O)c2ccc(cc12)c1ccncc1
WERCEB,-2.3573999999999993,134.04588131591,1,4,O=C([O-])CCC(=O)[O-].[NH4+]
WERLAH,-0.8567999999999993,225.10010796,2,3,O=C([O-])c1ccccc1.[NH3+]CCCC(O)=O
WERLAK,4.299200000000001,430.07117911200015,4,6,OC(=O)Cc1ccccc1Nc1c(Cl)cccc1Cl.Nc1ncnc2NC=Nc12
WERLEL,-4.420699999999998,192.05136061991,2,5,[NH3+]CCCC(O)=O.O=C([O-])C(=O)[O-]
WERLEL01,-4.420699999999998,192.05136061991,2,5,[NH3+]CCCC(O)=O.O=C([O-])C(=O)[O-]
WERNOW01,2.527,243.125928784,1,2,COc1ccc2cccc(CCNC(C)=O)c2c1
WERVEU,0.18999999999999984,198.038904672,2,5,NC(=O)NN=CC1=CC=C(O1)N(=O)=O
WERVEU01,0.18999999999999984,198.038904672,2,5,NC(=O)NN=CC1=CC=C(O1)N(=O)=O
WERVEU02,0.18999999999999984,198.038904672,2,5,NC(=O)NN=CC1=CC=C(O1)N(=O)=O
WERVEU03,0.18999999999999984,198.038904672,2,5,NC(=O)NN=CC1=CC=C(O1)N(=O)=O
WERVEU04,0.18999999999999984,198.038904672,2,5,NC(=O)NN=CC1=CC=C(O1)N(=O)=O
WERVEU05,0.18999999999999984,198.038904672,2,5,NC(=O)NN=CC1=CC=C(O1)N(=O)=O
WERVEU06,0.18999999999999984,198.038904672,2,5,NC(=O)NN=CC1=CC=C(O1)N(=O)=O
WESGUA,0.6542000000000008,497.1962138359999,3,7,CC[NH+]1CCN(CC1)c1cc2N(C=C(C(O)=O)C(=O)c2cc1F)C1CC1.Oc1ccccc1C(=O)[O-]
WETNEO,-3.819699999999999,155.036462148,3,3,CS(=O)(=O)[O-].NC(N)=[NH2+]
WETNEO01,-3.819699999999999,155.036462148,3,3,CS(=O)(=O)[O-].NC(N)=[NH2+]
WETNEO03,-3.819699999999999,155.036462148,3,3,CS(=O)(=O)[O-].NC(N)=[NH2+]
WETNIS,-2.9297000000000004,209.008196712,3,3,FC(F)(F)S(=O)(=O)[O-].NC(N)=[NH2+]
WETNIS01,-2.9297000000000004,209.008196712,3,3,FC(F)(F)S(=O)(=O)[O-].NC(N)=[NH2+]
WETNOY,-3.429599999999999,169.052112212,3,3,NC(N)=[NH2+].CCS(=O)(=O)[O-]
WETNUE,-2.649399999999998,197.08341234,3,3,CCCCS(=O)(=O)[O-].NC(N)=[NH2+]
WETPAM,-2.0540999999999974,291.125277152,3,4,NC(N)=[NH2+].CC1(C)C2CCC1(CS(=O)(=O)[O-])C(=O)C2
WETPOA,-1.237199999999999,267.067762276,3,3,NC(N)=[NH2+].O=S(=O)([O-])c1cccc2ccccc12
WEVMOC,-5.194699999999994,286.22162006,3,3,O=C([O-])[O-].O.NC(N)=[NH2+].O.CC[N+](CC)(CC)CC
WEWZAA,-5.419199999999998,312.05492233200005,4,5,[Cl-].NC1=[NH+]C(=O)NC=C1F.O.NC1=NC(=O)NC=C1F
WEXPUL,3.3917200000000034,404.22459726399995,2,6,CN1CCN(CC1)C1=Nc2ccccc2NC2=C1C=C(C)S2.O.CCC(C)O
WEXQIA,0.16300000000000026,278.174275944,2,6,Oc1ccc(O)cc1.C1CN2CN3CCN(CN1C3)C2
WEXWUT,3.073200000000001,206.130679816,1,1,CC(C)Cc1ccc(cc1)C(C)C(O)=O
WEYDIN,-2.0645999999999933,378.17102040400005,2,3,[Cl-].O.COc1ccc2nccc(C(O)C3CC4CC[NH+]3CC4C=C)c2c1
WEYFEN,3.099000000000001,352.1059216119999,3,3,NC(=O)N1c2ccccc2C=Cc2ccccc12.OC(=O)C=CC(O)=O
WEZCOT,3.2081000000000017,276.072176872,1,3,CC(C)C(=O)Nc1ccc(c(c1)C(F)(F)F)N(=O)=O
WEZTIF,-2.1271999999999993,207.05291991408998,4,2,OP(O)(=O)[O-].[NH3+]c1ccc([NH3+])cc1
WIBWOW,0.3895999999999998,400.13828435999994,2,8,CN1C=NC2=C1C(=O)N(C)C(=O)N2C.OC(=O)c1ccc2cc(O)ccc2c1.O
WIDBIU,-7.907800000000004,249.061529532,4,7,O=[Cl](=O)(=O)[O-].OCC[NH+](CCO)CCO
WIDNAZ,1.6632,240.102940844,1,3,Oc1ccc(Cl)cc1.C1CN2CCN1CC2
WIGCEW,1.5655999999999999,265.179026976,4,4,CC(=O)Nc1ccc(O)cc1.NC1CCC(N)CC1
WIGFUP,-1.3668999999999967,328.16556798409005,3,4,Oc1ccccc1C=Nc1cccc(c1)C(=O)[O-].[NH2+]1CC[NH2+]CC1
WIGHOM,2.533400000000001,483.19362699199996,2,6,COC1CN(CCCOc2ccc(F)cc2)CCC1NC(=O)c1cc(Cl)c(N)cc1OC.O
WIGNAD,-2.1305999999999994,268.99075158791004,2,6,[NH3+]c1ccc(cc1)S(N)(=O)=O.O=S(=O)([O-])[O-]
WIHFAW,0.1241000000000006,274.131742436,3,3,[NH3+]CCNC(=O)c1ccccc1[O-].Oc1ccccc1
WIHROY,1.3101,180.042258736,1,3,CC(=O)Oc1ccccc1C(O)=O
WIHVUF,1.6632,240.102940844,1,3,Oc1ccc(Cl)cc1.C1CN2CCN1CC2
WIJBOJ,-2.7666999999999984,248.99588708409,2,2,ClC(Cl)(Cl)C(=O)[O-].[NH2+]1CC[NH2+]CC1
WIKTEP,2.3781999999999996,350.04986327999995,2,8,O=N(=O)c1cc(cc(c1)N(=O)=O)N(=O)=O.Nc1ccc(cc1)C(O)=O
WINFIL,0.7359000000000001,311.057591516,2,6,[NH3+]c1ccc(cc1)S(=O)(=O)c1ccc(N)cc1.O=N(=O)[O-]
WINFOR,-0.2119999999999988,374.0532344079999,2,8,[NH3+]c1ccc(cc1)S(=O)(=O)c1ccc([NH3+])cc1.O=N(=O)[O-].O=N(=O)[O-]
WINFOR01,-0.2119999999999988,374.0532344079999,2,8,[NH3+]c1ccc(cc1)S(=O)(=O)c1ccc([NH3+])cc1.O=N(=O)[O-].O=N(=O)[O-]
WINJAE,-3.7682999999999973,440.12293103999986,2,6,CCCCNc1cc(cc(c1Oc1ccccc1)S(N)(=O)=O)C(=O)[O-].[Na+].O.O.O
WINJUB,4.948320000000003,307.10308516400005,0,2,CN(C(=S)Oc1ccc2ccccc2c1)c1cccc(C)c1
WINJUB01,4.948320000000003,307.10308516400005,0,2,CN(C(=S)Oc1ccc2ccccc2c1)c1cccc(C)c1
WINRIY,0.8572,92.07060498009,2,1,CCC(O)=O.[NH4+]
WINROE,-0.9549999999999983,182.126657056,2,4,CCC(=O)[O-].CCC(=O)[O-].[NH4+].[NH4+]
WINWUL,2.7586000000000013,308.04669248399995,1,5,CS(=O)(=O)Nc1ccc(cc1Oc1ccccc1)N(=O)=O
WINWUL02,2.7586000000000013,308.04669248399995,1,5,CS(=O)(=O)Nc1ccc(cc1Oc1ccccc1)N(=O)=O
WINWUL03,2.7586000000000013,308.04669248399995,1,5,CS(=O)(=O)Nc1ccc(cc1Oc1ccccc1)N(=O)=O
WINXEA,-1.6278,184.015392356,3,5,[NH3+]C(CS)C(O)=O.O=N(=O)[O-]
WINXOJ,-3.2402999999999986,160.0136383,1,3,[Na+].Oc1ccccc1C(=O)[O-]
WINXOJ01,-3.2402999999999995,160.0136383,1,3,Oc1ccccc1C(=O)[O-].[Na+]
WIPYOL,3.515640000000002,378.157957184,1,5,COC(C(Oc1nc(C)cc(C)n1)C(O)=O)(c1ccccc1)c1ccccc1
WIQQOC01,-3.2187999999999963,244.991276624,1,1,[I-].C[N+](C)(C)CC(O)=O
WIRREU,2.0769000000000006,424.13204805199996,3,4,Clc1cccc(Cl)c1Nc1ccccc1CC(=O)[O-].OCC[NH+]1CCCCC1
WIRRIY,0.9232000000000005,426.11131260799993,3,5,Clc1cccc(Cl)c1Nc1ccccc1CC(=O)[O-].OCC[NH+]1CCOCC1
WIRROE,0.4962000000000009,425.12729702,4,5,Clc1cccc(Cl)c1Nc1ccccc1CC(=O)[O-].OCC[NH+]1CCNCC1
WITRUQ,-5.850499999999996,286.052819188,2,3,[Br-].[NH3+]CCC(O)=O.C[N+](C)(C)CC(=O)[O-]
WITSIF,-5.850499999999996,334.03895508799997,2,3,[I-].[NH3+]CCC(O)=O.C[N+](C)(C)CC(=O)[O-]
WIVBEJ,0.09019999999999967,394.08010078800004,2,6,OC(=O)c1ccc2C(=O)N(CC(=O)[O-])C(=O)c2c1.Oc1cccc2ccc[nH+]c12
WIVQOH,0.7870199999999998,243.125928784,1,2,[NH3+]Cc1cccc(C)c1.O=C([O-])c1ccccc1
WIVQUN,0.30729999999999974,281.081871052,1,2,[NH3+]Cc1ccc(Cl)cc1.O=C([O-])c1ccccc1.O
WIYWAG,0.2080000000000003,435.15763989999994,2,7,Nc1[nH+]c(cc(N)[n+]1[O-])N1CCCCC1.O=S(=O)([O-])c1ccc2ccccc2c1.O
WIYWEK,1.3405400000000007,481.2325190919999,3,7,Nc1[nH+]c(cc(N)[n+]1[O-])N1CCCCC1.Cc1ccccc1C(=O)[O-].Cc1ccccc1C(O)=O
WIYWOU,-0.17899999999999905,417.09705951200004,2,6,Clc1cc(Cl)cc(c1)C(=O)[O-].Nc1[nH+]c(cc(N)[n+]1[O-])N1CCCCC1.O
WIYWUA,0.44381999999999905,379.1855688999999,4,7,Nc1cc(nc(N)[n+]1[O-])N1CCCCC1.Cc1ccc(C(O)=O)c(O)c1.O
WIYXEL,0.9527000000000003,375.15426877199997,4,7,Nc1cc(nc(N)[n+]1[O-])N1CCCCC1.OC(=O)c1ccc(cc1)C(O)=O
WIZLOH,-2.7377999999999982,216.973840596,2,1,[Br-].[NH3+]c1ccc(cc1)C(O)=O
WIZZAH,-1.5686999999999935,367.17770664799997,3,5,OS(=O)(=O)[O-].CC(C)[NH+](CCNC(=O)CN1CCCC1=O)C(C)C
WOBQAG,-2.902799999999999,212.065788116,1,7,CN1N=NC2=C(N=CN2C1=O)C(N)=O.O
WOBQAG01,-2.902799999999999,212.065788116,1,7,CN1N=NC2=C(N=CN2C1=O)C(N)=O.O
WOBQEK,-1.4576999999999967,382.113800928,1,9,CN1N=NC2=C(N=CN2C1=O)C(N)=O.[O-][n+]1ccc(cc1)c1cc[n+]([O-])cc1
WOBQIO,-1.4576999999999967,382.113800928,1,9,CN1N=NC2=C(N=CN2C1=O)C(N)=O.[O-][n+]1ccc(cc1)c1cc[n+]([O-])cc1
WOBQOW,-0.31770000000000026,276.07462148400003,3,4,Oc1ccccc1C(=O)[O-].OC(=O)C=CC1=C[NH+]=CN1
WOBXIU,-5.143499999999997,183.09754800009,3,3,[NH3+]CC[NH3+].OC(=O)CC(=O)[O-].O
WOCGOM,-0.7666000000000008,308.11206961199997,3,7,CN1C(=O)N(C)C2=C(NC=N2)C1=O.Oc1cccc(O)c1.O
WOCGUS,-1.0610000000000006,324.10698423199995,4,8,CN1C(=O)N(C)C2=C(NC=N2)C1=O.Oc1cc(O)cc(O)c1.O
WOCHAZ,-1.2828800000000005,340.1382843599999,3,7,CN1C(=O)N(C)C2=C(NC=N2)C1=O.Cc1cc(O)cc(O)c1.O.O
WOCHED,-2.983999999999998,352.10189885200003,3,8,Oc1cccc(O)c1C(=O)[O-].O.CN1C(=O)N(C)C2=C([NH+]=CN2)C1=O
WOCHED01,-2.9839999999999987,352.1018988519999,3,8,CN1C(=O)N(C)C2=C([NH+]=CN2)C1=O.Oc1cccc(O)c1C(=O)[O-].O
WOCHIH,-0.24370000000000014,334.09133416799995,4,8,CN1C(=O)N(C)C2=C(NC=N2)C1=O.OC(=O)c1cc(O)cc(O)c1
WOCHIH01,-0.24370000000000014,334.09133416799995,4,8,CN1C(=O)N(C)C2=C(NC=N2)C1=O.OC(=O)c1cc(O)cc(O)c1
WOCHON,-0.24370000000000014,334.09133416799995,4,8,CN1C(=O)N(C)C2=C(NC=N2)C1=O.OC(=O)c1ccc(O)c(O)c1
WOCHON01,-0.24370000000000014,334.09133416799995,4,8,CN1C(=O)N(C)C2=C(NC=N2)C1=O.OC(=O)c1ccc(O)c(O)c1
WOCHON02,-0.24369999999999997,334.091334168,4,8,OC(=O)c1ccc(O)c(O)c1.CN1C(=O)N(C)C2=C(NC=N2)C1=O
WOCHUT,0.7447000000000001,328.117154992,2,6,OC(=O)C=Cc1ccccc1.CN1C(=O)N(C)C2=C(NC=N2)C1=O
WOCREN,1.6397200000000005,312.04961267390996,3,3,F[Si-2](F)(F)(F)(F)F.Cc1[nH+]cc(CO)c(CO)c1O
WOCTAM,-5.3732999999999995,101.08848121208999,2,0,F.[F-].[NH3+]CC[NH3+]
WOCVIT,2.10748,255.100776656,3,4,Nc1ccc(cc1)C(O)=O.Nc1ccc(cc1)C#N
WODBEW,-0.4500799999999991,467.0126921239999,3,8,CN1C(=C(O)c2ccccc2S1(=O)=O)C(=O)NC1=[NH+]C=C(C)S1.OS(=O)(=O)[O-].O
WODBOG,1.1294199999999994,368.06129699200005,2,6,[NH4+].CN1C(=C([O-])c2ccccc2S1(=O)=O)C(=O)NC1=NC=C(C)S1
WOGWOH,1.7841,304.06953610399995,3,5,NC(=O)c1cccc(c1)N(=O)=O.OC(=O)c1ccccc1O
WOHBAZ,-1.6109999999999944,366.134458466,3,4,OP(=O)([O-])C(=O)[O-].[NH2+](CC[NH2+]Cc1ccccc1)Cc1ccccc1
WOHFEE,-3.801099999999999,143.05800529409,3,2,OP(=O)[O-].[NH3+]CC[NH3+]
WOHWIC,3.845600000000002,435.025224536,2,6,CO.OC(=O)CSC1=NN=C(Br)N1c1ccc(C2CC2)c2ccccc12
WOHWOI,4.235700000000003,449.0408746,2,6,CCO.OC(=O)CSC1=NN=C(Br)N1c1ccc(C2CC2)c2ccccc12
WOHWOI01,4.235700000000004,449.0408746,2,6,OC(=O)CSC1=NN=C(Br)N1c1ccc(C2CC2)c2ccccc12.CCO
WOHXEZ,3.2609000000000004,463.03137253600005,3,6,OC(=O)CSC1=NN=C(Br)N1c1ccc(C2CC2)c2ccccc12.NC(N)=O
WOJHEI,0.5561999999999999,306.08518616799995,2,4,[O-][n+]1ccccc1c1cccc[n+]1[O-].OC(=O)CCC(O)=O
WOJSUL,-3.9691999999999936,350.16891579199995,4,6,[NH3+]CC=C.[NH3+]CC=C.OC(=O)CCC(=O)[O-].OC(=O)CCC(=O)[O-]
WOLXEA,3.905400000000002,432.29880775999993,3,3,CC(C)(C)NC(=O)C1CCC2C3CCC4NC(=O)C=CC4(C)C3CCC12C.CC(O)=O
WOLXEA01,3.905400000000002,432.29880775999993,3,3,CC(C)(C)NC(=O)C1CCC2C3CCC4NC(=O)C=CC4(C)C3CCC12C.CC(O)=O
WOLXOK01,3.8145000000000024,372.277678392,2,2,CC(C)(C)NC(=O)C1CCC2C3CCC4NC(=O)C=CC4(C)C3CCC12C
WOLXOK02,3.8145000000000024,372.277678392,2,2,CC(C)(C)NC(=O)C1CCC2C3CCC4NC(=O)C=CC4(C)C3CCC12C
WOLXOK04,3.8145000000000024,372.277678392,2,2,CC(C)(C)NC(=O)C1CCC2C3CCC4NC(=O)C=CC4(C)C3CCC12C
WOMCUA,-0.13097999999999893,404.12196560000007,4,6,OC(=O)CC(O)(CC(O)=O)C(=O)[O-].COc1ccc2c(Nc3c(C)[nH+]ccc23)c1
WOPCOV,1.6307999999999998,231.100776656,3,4,Nc1ccc(cc1)C(O)=O.Nc1ccccn1
WOPDAK,-1.3395999999999977,297.172227344,4,4,O=S(=O)([O-])C1CCCCC1.NC(N)=[NH2+].CCC(C)O
WOPDEM,1.9711999999999992,346.03564913200006,1,5,Clc1cc(ccc1C(=O)[O-])N(=O)=O.Oc1cccc2ccc[nH+]c12
WOPJOE,-2.0835999999999952,311.1514919,3,5,O=S(=O)([O-])C1CCCCC1.NC(N)=[NH2+].C1COCCO1
WOPJUK,0.6273000000000041,377.2348276000001,3,4,O=S(=O)([O-])C1CCCCC1.CC12CCC(CC1)C(C)(C)O2.NC(N)=[NH2+]
WOPLUM,-2.116799999999998,223.099062404,3,3,O=S(=O)([O-])C1CCCCC1.NC(N)=[NH2+]
WOQBOT,2.7188000000000008,298.095356928,2,4,OC(=O)CCC(O)=O.c1ccc2nc3ccccc3nc2c1
WOQDAH01,2.309600000000001,258.05282342000004,2,4,OC(=O)c1ccccc1OC(=O)c1ccccc1O
WORNID,3.514800000000001,353.08993719999995,2,6,COc1c2OC=Cc2cc2C=CC(=O)Oc12.Nc1ccc(cc1)C(O)=O
WORQEB,-0.16790000000000027,362.94674397209,3,3,OC(=O)c1c(Cl)c(Cl)c(Cl)c(Cl)c1C(=O)[O-].[NH3+]CC[NH3+]
WOSSAB,-4.083200000000001,258.057348672,3,8,O=N(=O)C1=NC2=NN=C(N2[N-]1)N(=O)=O.NC(N)=[NH2+]
WOVQUW,1.5720999999999998,432.0917280919999,3,9,O=C1CN(N=CC2=CC=C(O2)N(=O)=O)C(=O)N1.COc1cc(C=CC(O)=O)ccc1O
WOVYOV,-3.866199999999999,165.027336944,3,4,[NH3+]CC(O)=O.OC(=O)C(=O)[O-]
WOXVEO,3.563900000000002,399.03887594,2,5,Oc1ccc(Cl)cc1C(=O)Nc1ccc(cc1Cl)N(=O)=O.CN(C)C=O
WOXVIS,3.8542000000000023,404.00004790799994,2,5,Oc1ccc(Cl)cc1C(=O)Nc1ccc(cc1Cl)N(=O)=O.CS(C)=O
WOXVOY,3.9540000000000033,413.054526004,2,5,Oc1ccc(Cl)cc1C(=O)Nc1ccc(cc1Cl)N(=O)=O.CN(C)C(C)=O
WOXWAL,3.8927000000000023,414.03854159199994,2,6,Oc1ccc(Cl)cc1C(=O)Nc1ccc(cc1Cl)N(=O)=O.C1COCCO1
WOYHIF,3.888600000000002,390.1691905640001,1,7,CCCOC(=O)c1ccc(O)cc1.c1cc(ccn1)C=NN=Cc1ccncc1
WOYPEH,2.3570200000000003,230.105527688,2,3,Nc1ccc(cc1)C(O)=O.Cc1ccncc1
WOYPIJ,-0.02469999999999839,404.130754368,2,8,FC(F)(F)C(=O)[O-].COc1cc(Cc2c[nH+]c(N)nc2N)cc(OC)c1OC
WOYVIP,-8.04620000000001,416.06900005999995,3,9,O=[Cl](=O)(=O)[O-].[NH3+]C(CCSC)C(=O)[O-].[NH3+]C(CCSC)C(O)=O.O
WOZMIK,0.21340000000000098,273.11134134,4,2,OC(=O)[O-].[NH2+]=C(Nc1ccccc1)Nc1ccccc1
WUCGUW01,4.073300000000003,402.2406241879999,1,4,CC(CCC(O)=O)C1CCC2C3C(CC(=O)C12C)C1(C)CCC(=O)CC1CC3=O
WUCGUW02,4.073300000000003,402.2406241879999,1,4,CC(CCC(O)=O)C1CCC2C3C(CC(=O)C12C)C1(C)CCC(=O)CC1CC3=O
WUCZON,-1.4606999999999961,440.25225149199997,0,4,O=C([O-])CCC(=O)[O-].O.C[N+](C)(C)c1ccc(cc1)c1ccc(cc1)[N+](C)(C)C.O.O
WUDDAE,-0.4780000000000002,330.0167252559999,2,6,NC1=[NH+]C(=O)NC=C1F.Clc1cc(ccc1C(=O)[O-])N(=O)=O
WUDPOC,-2.5745999999999993,220.91016446791,2,1,[Se-][Se-].[NH3+]CCN
WULTIJ,3.3988200000000015,437.98348665199995,1,3,Cc1ccc2N=C([Te]c2n1)C(F)(F)F.OC(=O)c1ccccc1
WURCUI,-3.056499999999998,358.1488490439999,4,6,C[NH2+]C(C)C(O)c1ccccc1.O=C1NC(=O)C(=N[O-])C(=O)N1.O.O
WURNUW,4.748580000000004,400.1423071199999,2,4,N#CC(=Cc1ccc(cc1)c1ccccc1)c1cccnc1.OC(=O)CCC(O)=O
WURPOO,-6.8646999999999965,341.00414856799995,3,5,OC(Cc1c[nH+]ccc1)(P(O)(=O)[O-])P(O)(=O)[O-].O.[Na+].O
WURPUU,-7.689399999999996,359.0147132519999,3,5,OC(Cc1c[nH+]ccc1)(P(O)(=O)[O-])P(O)(=O)[O-].O.[Na+].O.O
WURPUU02,-7.689399999999996,359.0147132519999,3,5,OC(Cc1c[nH+]ccc1)(P(O)(=O)[O-])P(O)(=O)[O-].O.[Na+].O.O
WURZAO,-2.2853999999999965,233.0899372,3,4,[NH3+]C(C(C)C)C(=O)[O-].OC(=O)C=CC(O)=O
WUTDOH,4.912300000000004,344.15247788000005,1,4,COc1cc(CC=C)ccc1O.c1ccc2nc3ccccc3nc2c1
WUTFEZ,1.1095,304.189926008,1,6,COc1cc(CC=C)ccc1O.C1N2CN3CN1CN(C2)C3
WUTJAY,-0.0726999999999996,317.11240396,3,7,CN1C(=O)N(C)C2=C(NC=N2)C1=O.Nc1cccc(c1)C(O)=O
WUVKEE,3.188600000000001,407.0551946999999,3,8,Nc1nnc(c(N)n1)c1cccc(Cl)c1Cl.COC(=O)c1ccc(O)cc1
WUVKEE01,3.1886,407.0551947,3,8,COC(=O)c1ccc(O)cc1.Nc1nnc(c(N)n1)c1cccc(Cl)c1Cl
WUVKEE02,3.188600000000001,407.0551946999999,3,8,Nc1nnc(c(N)n1)c1cccc(Cl)c1Cl.COC(=O)c1ccc(O)cc1
WUVKII,1.3655999999999997,395.06642808,3,7,Nc1nnc(c(N)n1)c1cccc(Cl)c1Cl.NC(=O)c1cccnc1.O
WUVKOO,2.3317000000000005,438.00686460400004,2,7,O=C1[N-]S(=O)(=O)c2ccccc12.Nc1[nH+]nc(c(N)n1)c1cccc(Cl)c1Cl
WUVKOO01,2.3317000000000005,438.00686460400004,2,7,O=C1[N-]S(=O)(=O)c2ccccc12.Nc1[nH+]nc(c(N)n1)c1cccc(Cl)c1Cl
WUVKUU,-0.5245000000000004,400.0584829319099,2,8,Nc1[nH+]nc(c(N)n1)c1cccc(Cl)c1Cl.O=C([O-])CCCCC(=O)[O-]
WUVLEF,0.09099999999999964,442.09230847999993,4,9,Nc1[nH+]nc(c(N)n1)c1cccc(Cl)c1Cl.O=C([O-])c1cccnc1.CO.CO
WUVLEF01,0.09099999999999964,442.09230847999993,4,9,Nc1[nH+]nc(c(N)n1)c1cccc(Cl)c1Cl.O=C([O-])c1cccnc1.CO.CO
WUVLIJ,1.2267999999999997,319.0602800799999,4,7,Nc1nnc(c(N)n1)c1cccc(Cl)c1Cl.CO.CO
WUVLIJ01,1.2267999999999997,319.0602800799999,4,7,Nc1nnc(c(N)n1)c1cccc(Cl)c1Cl.CO.CO
WUVLOP,1.1836999999999995,319.0602800799999,3,6,Nc1nnc(c(N)n1)c1cccc(Cl)c1Cl.CCO.O
WUVSEN,-2.816499999999998,255.04450141191,1,5,CCc1[nH+]ccc(c1)C(N)=S.O=C([O-])C(=O)[O-]
WUVSEN01,-2.816499999999998,255.04450141191,1,5,CCc1[nH+]ccc(c1)C(N)=S.O=C([O-])C(=O)[O-]
WUVSIR,0.7753999999999999,367.06604802400005,1,4,O=C1[N-]S(=O)(=O)c2ccccc12.CCc1[nH+]ccc(c1)C(N)=S.O
WUVXUI,-0.9255999999999982,282.067427928,2,4,CCc1[nH+]ccc(c1)C(N)=S.OC(=O)C=CC(=O)[O-]
WUVXUI01,-0.9255999999999982,282.067427928,2,4,CCc1[nH+]ccc(c1)C(N)=S.OC(=O)C=CC(=O)[O-]
WUWRAK,2.529300000000001,332.13722174,4,5,Nc1ccc(cc1)C(O)=O.Nc1ccc(cc1)C(O)=O.CC(C)=O
WUYROX,-3.878499999999998,284.123302992,3,7,CN1C(=O)N(C)C2=C(NC=N2)C1=O.[NH3+]CCNC(=O)[O-]
WUZDEC,-0.8811799999999941,406.17737229999994,1,6,Cc1ccc(cc1)S(=O)(=O)[O-].C[N+](C)(C)CC(=O)[O-].C[N+](C)(C)CC(O)=O
WUZDIG,-1.7058799999999932,424.1879369839999,1,6,Cc1ccc(cc1)S(=O)(=O)[O-].O.C[N+](C)(C)CC(O)=O.C[N+](C)(C)CC(=O)[O-]
WUZDIG01,-1.7058799999999932,424.1879369839999,1,6,Cc1ccc(cc1)S(=O)(=O)[O-].O.C[N+](C)(C)CC(O)=O.C[N+](C)(C)CC(=O)[O-]
WUZDIG02,-1.7058799999999932,424.1879369839999,1,6,Cc1ccc(cc1)S(=O)(=O)[O-].O.C[N+](C)(C)CC(O)=O.C[N+](C)(C)CC(=O)[O-]
XABLOE,-1.2138999999999993,222.04629856,2,3,O=C([O-])c1ccccc1.[NH2+]=C1NC=CS1
XACNAQ,-2.757999999999993,415.0994350319999,1,4,[Br-].C[N+]1(C)C2CC(CC1C1OC21)OC(=O)C(CO)c1ccccc1.O
XACWUX,1.5984000000000003,341.10282398999993,4,3,COc1ccc2cccc(CCNC(C)=O)c2c1.OP(O)(O)=O
XACWUX01,1.5984000000000003,341.10282398999993,4,3,COc1ccc2cccc(CCNC(C)=O)c2c1.OP(O)(O)=O
XACZUZ,-2.5777,268.066850736,3,6,O=N(=O)c1cc2N=N[N-]c2c(c1)N(=O)=O.NC(N)=[NH2+]
XADBAI,-2.3875,284.061765356,3,8,O=N(=O)c1cc2N([O-])N=Nc2c(c1)N(=O)=O.NC(N)=[NH2+]
XADTOL,-4.863899999999997,262.116486296,3,5,[NH3+]CCCCC([NH3+])C(=O)[O-].OC(=O)C=CC(=O)[O-]
XAFREG,4.664200000000002,414.043202316,2,8,NC1=Nc2ccc(OC(F)(F)F)cc2S1.COc1ccc2N=C(N)Sc2c1
XAFSOP,-1.664299999999998,225.10010796,2,4,Oc1ccccc1C(=O)[O-].[NH2+]1CCOCC1
XAFTIJ,1.1789,108.057514876,1,1,OCc1ccccc1
XAFVIO,4.562500000000004,336.2412928839999,2,3,NC(=O)c1cccnc1.CCCCCCCCCCCCC(O)=O
XAGFAM,-3.2253999999999996,197.080041212,4,3,NC(N)=[NH2+].Oc1ccccc1C(=O)[O-]
XAGFER,1.3489999999999995,346.09133416799995,2,7,O=C1CN(N=CC2=CC=C(O2)c2ccc(cc2)N(=O)=O)C(=O)N1.CO
XAGYEN,-0.2890999999999977,329.17394159599996,2,5,COc1ccccc1N1CC[NH2+]CC1.Nc1ccc(cc1)C(=O)[O-]
XAHWOS,-7.171300000000006,201.14766542408998,4,2,[Cl-].O.[NH3+]CCNCCNCC[NH3+]
XAHWUY,-7.171300000000006,245.09714984408998,4,2,[Br-].O.[NH3+]CCNCCNCC[NH3+]
XAHXAF,-7.171300000000006,293.08328574409,4,2,[I-].O.[NH3+]CCNCCNCC[NH3+]
XAJYAN,4.434800000000002,434.976723532,1,4,CC1(C)NC(=O)N(C1=O)c1ccc(c(c1)C(F)(F)F)N(=O)=O.ClC(Cl)Cl
XAKKEE,-3.498,291.06757900800005,3,7,CN(C1=C([N-]N=C1N(=O)=O)N(=O)=O)N(=O)=O.NC(N)=[NH2+]
XAMDUO,-0.5121999999999991,409.02813829200005,4,7,NS(=O)(=O)c1cc2c(NCNS2(=O)=O)cc1Cl.O.Nc1ccccn1
XANDAR,0.08189999999999897,271.132076784,3,2,[NH2+]=C(Nc1ccccc1)Nc1ccccc1.CC(=O)[O-]
XANDOF,-5.803499999999997,235.045879468,1,5,C[N+](C)(C)CC(O)=O.O=[Cl](=O)(=O)[O-].O
XANSEO,2.1449999999999996,332.116092372,2,4,Nc1ccc(c(O)c1)C(=O)[O-].[nH+]1c2ccccc2cc2ccccc12
XANTOX,2.5478000000000005,216.042258736,0,4,COc1c2OC=Cc2cc2C=CC(=O)Oc12
XANTOX01,2.5478000000000005,216.042258736,0,4,COc1c2OC=Cc2cc2C=CC(=O)Oc12
XANTOX03,2.5478000000000005,216.042258736,0,4,COc1c2OC=Cc2cc2C=CC(=O)Oc12
XAPTAK,3.3834000000000026,271.19361442,0,2,COc1ccc2CC3C4CCCCC4(CCN3C)c2c1
XAPTAK01,3.3834000000000026,271.19361442,0,2,COc1ccc2CC3C4CCCCC4(CCN3C)c2c1
XAPYUL,1.9487999999999996,218.105527688,4,4,Nc1ccc(N)cc1.Oc1cccc(O)c1
XAPZAS,3.1020000000000003,268.121177752,4,4,Nc1ccc(N)cc1.Oc1ccc2ccc(O)cc2c1
XAPZEW,3.539600000000002,308.15247788,4,4,Nc1ccc(Cc2ccc(N)cc2)cc1.Oc1ccc(O)cc1
XAPZIA,1.9487999999999999,218.105527688,4,4,Nc1ccc(N)cc1.Oc1ccccc1O
XAPZUM,3.539600000000002,308.15247787999994,4,4,Nc1ccc(Cc2ccc(N)cc2)cc1.Oc1cccc(O)c1
XAQBAV,3.741100000000001,310.13174243599997,4,5,Nc1ccc(Oc2ccc(N)cc2)cc1.Oc1cccc(O)c1
XAQNUA,-3.1995999999999993,288.995571648,3,5,ClC1=C(NC2=[NH+]CCN2)C2=NSN=C2C=C1.[Cl-]
XAQPAI,-1.7206799999999953,372.1300048639099,3,7,CCc1[nH+]c(C)ccc1O.O=C([O-])CCC(=O)[O-].OC(=O)CCC(O)=O
XAQPEM,-0.32177999999999995,255.110672644,2,4,CCc1[nH+]c(C)ccc1O.OC(=O)CCC(=O)[O-]
XAQPUB,2.8325000000000005,499.1339272519999,3,9,NC(=O)c1cccnc1.CN(C)c1cccc(c1)C(O)=O.OC(=O)c1cc(cc(c1)N(=O)=O)N(=O)=O
XAQQEM,1.2709,260.079706864,3,4,OC(=O)c1ccccc1O.NC(=O)c1ccncc1
XAQQEM01,1.2709,260.079706864,3,4,OC(=O)c1ccccc1O.NC(=O)c1ccncc1
XAQQIQ,1.2709000000000001,260.079706864,3,4,NC(=O)c1cccnc1.OC(=O)c1cccc(O)c1
XAQQOW,0.3714999999999998,277.06987045200003,4,6,NC(=O)c1cnccn1.OC(=O)c1cc(O)ccc1O
XAQRIR,3.8652000000000015,403.11682064400003,3,4,OC(=O)c1cccc(n1)C(O)=O.NC(=O)N1c2ccccc2C=Cc2ccccc12
XAQVOA,0.48414000000000224,478.11120106791003,3,6,O=S(=O)([O-])c1ccc(cc1)c1ccc(cc1)S(=O)(=O)[O-].NC(N)=[NH2+].Cc1ccc(C)cc1
XATJAF,-1.6259799999999975,430.960910028,2,5,[Br-].CN1C(=C(O)c2ccccc2S1(=O)=O)C(=O)NC1=[NH+]C=C(C)S1
XATQES,0.20259999999999978,212.079706864,3,4,NC(N)=O.COC(=O)c1ccc(O)cc1
XAVTEW,4.953420000000004,491.20563564800005,3,8,COc1c(C)c2COC(=O)c2c(O)c1CC=C(C)CCC(O)=O.N(c1ccccn1)c1ccccn1
XAXCOQ,1.2451,64.00797784,0,0,CCCl
XAXCOQ01,1.2451,64.00797784,0,0,CCCl
XAXCOQ02,1.2451,64.00797784,0,0,CCCl
XAXCOQ03,1.2451,64.00797784,0,0,CCCl
XAYGEJ,-2.741999999999997,355.15434902399994,1,5,CCN1C=C(C(=O)[O-])C(=O)c2cc(F)c(cc12)N1CC[NH2+]CC1.O.O
XAYGEJ01,-2.741999999999997,355.15434902399994,1,5,CCN1C=C(C(=O)[O-])C(=O)c2cc(F)c(cc12)N1CC[NH2+]CC1.O.O
XAYGIP,-1.0143999999999977,272.07164071600005,2,0,[Cl-].[NH2+]=C(O)N1c2ccccc2C=Cc2ccccc12
XAYGIP01,-1.0143999999999977,272.07164071600005,2,0,[Cl-].[NH2+]=C(O)N1c2ccccc2C=Cc2ccccc12
XAYGIP02,-1.0143999999999977,272.07164071600005,2,0,[Cl-].[NH2+]=C(O)N1c2ccccc2C=Cc2ccccc12
XAYGUB,-4.6061999999999985,230.057053272,1,4,[Cl-].CN1C(=O)N(C)C2=C([N+](=CN2)C)C1=O
XAYGUB01,-4.6061999999999985,230.057053272,1,4,[Cl-].CN1C(=O)N(C)C2=C([N+](=CN2)C)C1=O
XAYSUN,-1.3605,258.12157167600003,2,4,Nc1cc[nH+]cc1.OC(=O)CCCCC(=O)[O-].O
XAYXIE,1.4677999999999989,403.1631021400001,3,5,CC1(CC(C)(CC(C)(C1)C(=O)[O-])C(O)=O)C(O)=O.Oc1cccc2ccc[nH+]c12
XAZQEX,-1.1000000000000003,234.04880066,3,5,[NH3+]c1ccc(O)c(c1)C(O)=O.O=N(=O)[O-].O
XAZQIB,-1.8562999999999994,269.02053731200004,4,5,OS(=O)(=O)[O-].[NH3+]c1ccc(O)c(c1)C(O)=O.O
XAZQUN,-3.5352999999999977,240.13426785609,4,4,Nc1ccc(O)c(c1)C(=O)[O-].[NH2+]1CC[NH2+]CC1
XAZRAU,-0.8747999999999991,249.030708072,3,5,CS(=O)(=O)[O-].[NH3+]c1ccc(O)c(c1)C(O)=O
XAZRIC,0.7726999999999994,309.11134134,2,5,[NH3+]c1ccc(O)c(c1)C(=O)[O-].c1cc(ccn1)c1ccncc1
XAZROI,0.07029999999999964,314.94680539599995,3,4,ClC(Cl)(Cl)C(=O)[O-].[NH3+]c1ccc(O)c(c1)C(O)=O
XAZRUN,0.22670000000000168,397.0499192919999,3,4,C[NH+]=C1CN(=C(c2ccccc2)c2cc(Cl)ccc2N1)=O.OS(=O)(=O)[O-]
XAZRUO,-0.5792000000000004,247.095691276,3,5,Nc1ccc(O)c(c1)C(=O)[O-].Nc1cc[nH+]cc1
XAZSAV,1.4088999999999994,351.1582915320001,2,5,Nc1ccc(O)c(c1)C(=O)[O-].C(Cc1cc[nH+]cc1)Cc1ccncc1
XAZVOK01,-0.5835000000000001,313.05760511399995,4,6,OP(O)(=O)[O-].C(Nc1nc[nH+]c2N=CNc12)C1=CC=CO1
XEBCUG,-0.29119999999999785,403.11865048399994,1,5,[Cl-].COc1ccc2cc3[n+](CCc4cc5OCOc5cc34)cc2c1OC.CO
XEBFAN,-4.540699999999994,326.14778642399995,2,6,[NH2+]1CC[NH2+]CC1.CC(Oc1ccc(OCC(=O)[O-])cc1)C(=O)[O-]
XEBGOB,-0.2500999999999969,438.2154720599999,2,5,C1CC23C4CC5C6C(CCN(C26)c2ccccc32)OCC=C5C[NH+]14.OC(=O)CCC(=O)[O-]
XEBPID,1.1216000000000002,327.198048168,2,3,NC(N)=S.O=C([O-])c1ccccc1.CC[N+](CC)(CC)CC
XEBTEF,-0.04019999999999996,186.027671292,1,4,OC(=O)c1c[nH+]ccc1.O=N(=O)[O-]
XECQAA,-1.6621999999999952,460.1473862439098,3,9,C(N1C=C[NH+]=C1C1=NC=CN1)c1ccccn1.O=C([O-])CCC(=O)[O-].OC(=O)CCC(O)=O
XECQOO,3.101300000000001,347.138224784,2,5,C(N1C=CN=C1C1=NC=CN1)c1cccnc1.OC(=O)c1ccccc1
XECREF,3.101300000000001,347.138224784,2,5,C(N1C=CN=C1C1=NC=CN1)c1ccncc1.OC(=O)c1ccccc1
XECRIJ,1.6522999999999999,343.12805402399994,3,6,C(N1C=CN=C1C1=NC=CN1)c1ccncc1.OC(=O)CCC(O)=O
XECTOR,1.8269,335.111735264,4,6,Nc1ccc(cc1)C(O)=O.Nc1ccc(cc1)C(O)=O.CN(=O)=O
XECZUD,-5.5262,205.9805781,2,4,O=[Se](=O)([O-])[O-].[NH3+]CC[NH3+]
XEFFAT,0.6830999999999996,321.09608519999995,3,7,NC(=O)c1cnccn1.COc1cc(cc(OC)c1O)C(O)=O
XEFTIO,-2.5733999999999977,290.05388604,1,5,OC(=O)c1cc[nH+]c(c1)C(=O)[O-].O=C([O-])c1c[nH+]ccc1
XEGHIC,1.3242000000000003,394.14078289599996,3,6,CCc1[nH+]c(N)nc(N)c1c1ccc(Cl)cc1.OC(=O)CCCCC(=O)[O-]
XEGHIC01,1.3242000000000003,394.14078289599996,3,6,CCc1[nH+]c(N)nc(N)c1c1ccc(Cl)cc1.OC(=O)CCCCC(=O)[O-]
XEGHOI,1.7143000000000002,408.15643295999996,3,6,CCc1[nH+]c(N)nc(N)c1c1ccc(Cl)cc1.OC(=O)CCCCCC(=O)[O-]
XEGJAW,2.1029999999999998,468.21394783599993,4,7,CO.CCc1[nH+]c(N)nc(N)c1c1ccc(Cl)cc1.OC(=O)CCCCCCCC(=O)[O-]
XEHNAA,-2.5299999999999976,295.108578066,3,2,O=P([O-])(c1ccccc1)c1ccccc1.NC(N)=[NH2+].O
XEHNON,4.533000000000005,341.199093724,2,3,CCC(c1ccc(O)cc1)=C(CC)c1ccc(O)cc1.CN(C)C=O
XEHPOP,3.567900000000005,364.2249741239999,3,3,CCC(c1ccc(O)cc1)=C(CC)c1ccc(O)cc1.O.CCCO.O
XEHTOX,4.882560000000004,447.17626716800004,2,6,Nc1ccc(cc1)S(=O)(=O)N=C1NC=CS1.N#CCCCCCCCCCCC#N
XEHTUD,3.152000000000002,437.0844141179999,2,8,Nc1ccc(cc1)S(=O)(=O)N=C1NC=CS1.CCOP(=O)(OCC)OCC
XEHVAL,2.2580800000000005,324.07146775200005,2,5,Nc1ccc(cc1)S(=O)(=O)N=C1NC=CS1.CCCC#N
XEHVEP,2.648180000000001,338.08711781600005,2,5,Nc1ccc(cc1)S(=O)(=O)N=C1NC=CS1.CCCCC#N
XEHVIT,0.7476799999999995,367.077281404,2,7,Nc1ccc(cc1)S(=O)(=O)N=C1NC=CS1.N#CN1CCOCC1
XEHVOZ,3.7122600000000023,405.12931697600004,2,6,Nc1ccc(cc1)S(=O)(=O)N=C1NC=CS1.N#CCCCCCCCC#N
XEHVUF,2.5419600000000004,363.08236678400004,2,6,Nc1ccc(cc1)S(=O)(=O)N=C1NC=CS1.N#CCCCCC#N
XEHWAM,1.4245999999999996,335.0510666560001,2,6,Nc1ccc(cc1)S(=O)(=O)N=C1NC=CS1.c1ccnnc1
XEHWEQ,0.9293999999999996,415.08717739199994,2,8,Nc1ccc(cc1)S(=O)(=O)N=C1NC=CS1.C1OCC2(CO1)COCOC2
XEHWIU,1.6614999999999998,355.066048024,2,6,Nc1ccc(cc1)S(=O)(=O)N=C1NC=CS1.O=C1CCCCO1
XEHWOA,1.5433,313.05548334,2,5,Nc1ccc(cc1)S(=O)(=O)N=C1NC=CS1.CC(C)=O
XEJKUS,-0.08929999999999905,335.15328640399997,3,4,C[NH2+]C(C)C(O)c1ccccc1.OC(C(=O)[O-])c1ccccc1F
XEJLAZ,-0.08929999999999905,335.15328640399997,3,4,OC(C(=O)[O-])c1ccccc1F.C[NH2+]C(C)C(O)c1ccccc1
XEJWUF,-1.8840999999999994,270.06003403999995,3,7,OC(=O)C(O)=O.CN1C(=O)N(C)C2=C(NC=N2)C1=O
XEJXAM,-1.4939999999999996,284.075684104,3,7,OC(=O)CC(O)=O.CN1C(=O)N(C)C2=C(NC=N2)C1=O
XEJXAM02,-1.4939999999999993,284.075684104,3,7,CN1C(=O)N(C)C2=C(NC=N2)C1=O.OC(=O)CC(O)=O
XEJXAM04,-1.4939999999999993,284.075684104,3,7,CN1C(=O)N(C)C2=C(NC=N2)C1=O.OC(=O)CC(O)=O
XEJXEQ,-1.3278999999999992,296.07568410399995,3,7,CN1C(=O)N(C)C2=C(NC=N2)C1=O.OC(=O)C=CC(O)=O
XELJON,-6.071499999999999,240.13213636,2,5,O=C([O-])CCC(=O)[O-].[NH3+]CCOCC[NH3+].O
XEMMEK,0.8699000000000001,338.030563752,2,5,Clc1cc(ccc1C(=O)[O-])N(=O)=O.[NH3+]c1ccc(cc1)C(O)=O
XENHAD,1.2874999999999996,378.0568803080001,2,8,CC(=O)NC1=NN=C(S1)S(N)(=O)=O.c1cc(ccn1)c1ccncc1
XENJAF,-0.23569999999999913,410.046709548,2,8,CC(=O)NC1=NN=C(S1)S(N)(=O)=O.[O-][n+]1ccc(cc1)c1cc[n+]([O-])cc1
XEPBEB,2.8278,302.10150492799994,2,6,c1cncc(c1)N=Nc1cccnc1.OC(=O)CCC(O)=O
XEQCON,3.427100000000001,332.127325752,2,6,C1=CN(C=N1)c1ccc(cc1)c1cncnc1.Oc1cccc(O)c1
XEQCUT,2.636400000000001,267.100776656,2,5,c1cc(ccn1)c1cncnc1.Oc1cccc(O)c1
XEQDAA,2.6364,267.100776656,2,5,c1cc(ccn1)c1cncnc1.Oc1ccc(O)cc1
XERPIU,-4.7635000000000005,314.0359445320001,3,9,O=N(=O)C1=C([O-])C2=[N+]([O-])ON=C2C2=[N+]([O-])ON=C12.NC(N)=[NH2+]
XETLIS,-0.11010000000000053,304.105921612,2,5,[NH3+]C(Cc1ccccc1)C(=O)[O-].Oc1ccc(cc1)N(=O)=O
XEXCAE,3.3425400000000014,439.131425152,4,6,Cc1cc(C)nc(NS(=O)(=O)c2ccc(N)cc2)n1.OC(=O)C1=Cc2ccccc2N1
XEZTON,4.305900000000004,366.21949481999997,0,3,CC12CCC(=O)C=C1C1CC1C1C2CCC2(C)C1C1CC1C12CCC(=O)O1
XEZTON01,4.305900000000004,366.21949481999997,0,3,CC12CCC(=O)C=C1C1CC1C1C2CCC2(C)C1C1CC1C12CCC(=O)O1
XEZTON02,4.305900000000004,366.21949481999997,0,3,CC12CCC(=O)C=C1C1CC1C1C2CCC2(C)C1C1CC1C12CCC(=O)O1
XEZTON03,4.305900000000004,366.21949481999997,0,3,CC12CCC(=O)C=C1C1CC1C1C2CCC2(C)C1C1CC1C12CCC(=O)O1
XICPIK,-1.1252999999999975,458.12440271208993,3,5,Clc1cccc(Cl)c1Nc1ccccc1CC(=O)OCC(=O)[O-].[NH2+]1CC[NH2+]CC1.O
XICPOQ,-0.30059999999999754,440.11383802808996,3,5,Clc1cccc(Cl)c1Nc1ccccc1CC(=O)OCC(=O)[O-].[NH2+]1CC[NH2+]CC1
XICPUW,-0.06459999999999883,464.06542503599997,4,6,Clc1cccc(Cl)c1Nc1ccccc1CC(=O)OCC(=O)[O-].[NH2+]=C1NC(=O)NC=C1
XICRAE,0.02839999999999976,293.10117058000003,4,5,Nc1ccc(C(O)=O)c(O)c1.NC(=O)c1cccnc1.O
XICREI,-0.8748000000000005,249.030708072,3,5,[NH3+]c1ccc(C(O)=O)c(O)c1.CS(=O)(=O)[O-]
XIFBUN,-0.005400000000000127,213.074955832,3,5,Nc1ncccn1.OC(=O)CCC(O)=O
XIFKUT01,3.1376000000000017,451.1777066479999,2,8,Nc1ccc(cc1)S(=O)(=O)Nc1ccccn1.CCCCOC(=O)C(=O)OCCCC
XIFLAA01,2.2765200000000005,342.115046816,2,4,Nc1ccc(cc1)S(=O)(=O)N=C1NC=CC=C1.Cc1ccncc1
XIFNAC01,-0.21869999999999823,301.10962708799997,2,5,CC(=O)N1CCOCC1.Nc1ccc(cc1)S(N)(=O)=O
XIFPAE01,1.6832999999999998,321.114712468,2,4,Nc1ccc(cc1)S(=O)(=O)N=C1NC=CC=C1.C1CCOC1
XIFPAE02,1.6832999999999998,321.11471246800005,2,4,C1CCOC1.Nc1ccc(cc1)S(=O)(=O)N=C1NC=CC=C1
XIFREL,2.3080000000000003,419.115106392,3,6,CN1C(=C(O)c2ccccc2S1(=O)=O)C(=O)Nc1ccccn1.CC(C)C(O)=O
XIFRIO,1.1002,148.970212428,0,3,CN1SC(=CC1=O)Cl
XIFWIT,3.921300000000003,486.2617535559999,0,7,COC(=O)C1CC2=CC(=O)CCC2(C)C23OC2CC2(C)C(CCC42CCC(=O)O4)C13.C1CCOC1
XIGQEN,-5.679499999999999,384.1543628878199,2,8,[NH3+]CCCCC[NH3+].O=C([O-])c1ccc(cc1)C(=O)[O-].O=C([O-])CCC(=O)[O-]
XIGSIR,-7.0726,348.0265683599999,4,8,[NH3+]CC[NH3+].[NH3+]CC[NH3+].O=S(=O)([O-])[S-].O=S(=O)([O-])[S-]
XIJBIE,-2.387299999999999,269.01401245200003,3,5,NS(=O)(=O)[O-].[NH3+]c1ccc(cc1)S(N)(=O)=O
XIJBOK,-2.7701999999999973,416.046040852,4,7,[NH3+]c1ccc(cc1)S(N)(=O)=O.NS(=O)(=O)c1ccc(NC(=O)C(=O)[O-])cc1
XIJKIK,-7.675800000000002,226.01319587199998,4,2,[Cl-].[Cl-].[NH3+]CCS.[NH3+]CCS
XIJKIK01,-3.837899999999999,113.00659793599999,2,1,[NH3+]CCS.[Cl-]
XIJKIK02,-3.837899999999999,113.00659793599999,2,1,[Cl-].[NH3+]CCS
XIKWOH,2.1436200000000025,462.1512378039999,4,6,Cc1ccc(cc1CC1=CC=C(S1)c1ccc(F)cc1)C1OC(CO)C(O)C(O)C1O.O
XINSAP,-3.1116999999999946,363.12373586399997,3,4,[Cl-].Oc1ccc2CC3[NH+](CCC45C(Oc1c24)C(=O)CCC35O)CC=C
XINSET,-2.8876999999999944,377.13938592799997,3,4,[Cl-].Oc1ccc2CC3[NH+](CCC45C(Oc1c24)C(=O)CCC35O)CC1CC1
XIPDAB,2.6108000000000002,479.0964791239999,2,8,Oc1cccc2ccc[nH+]c12.OC(=O)c1ccc(cc1)N(=O)=O.O=C([O-])c1ccc(cc1)N(=O)=O
XIPDAB01,2.6108000000000002,479.0964791239999,2,8,Oc1cccc2ccc[nH+]c12.OC(=O)c1ccc(cc1)N(=O)=O.O=C([O-])c1ccc(cc1)N(=O)=O
XIPNUI,1.9618799999999996,427.14918339200005,3,8,CCN(CC)C(=O)C(=Cc1cc(O)c(O)c(c1)N(=O)=O)C#N.NC(=O)c1ccncc1
XIPPAQ,1.3568799999999996,428.14443236000005,3,9,CCN(CC)C(=O)C(=Cc1cc(O)c(O)c(c1)N(=O)=O)C#N.NC(=O)c1cnccn1
XIPPEU,1.2729799999999998,364.13828436,3,7,CCN(CC)C(=O)C(=Cc1cc(O)c(O)c(c1)N(=O)=O)C#N.CC(N)=O
XIQFOS,0.13110000000000033,394.08920469599997,2,2,CCNC(=[NH+]CC)c1ccc(Br)cc1.O=C([O-])c1ccccc1.O
XIRKOA,2.2411399999999997,437.206304344,2,8,Nc1ccccc1C(O)=O.CN1C=NC2=C1C(=O)N(C)C(=O)N2C.Cc1ccccc1C
XISREX,-3.729899999999998,254.11353241209,3,4,OC(=O)c1cccnc1C(=O)[O-].[NH2+]1CC[NH2+]CC1
XISVOK,-1.7960999999999951,300.16045572,2,3,CCCCNc1ccc(cc1)C(=O)OCC[NH+](C)C.[Cl-]
XISVOK01,-1.7960999999999951,300.16045572,2,3,CCCCNc1ccc(cc1)C(=O)OCC[NH+](C)C.[Cl-]
XITKAP,0.4074999999999996,243.125928784,1,2,O=C([O-])Cc1ccccc1.[NH3+]Cc1ccccc1
XITKET,-0.41720000000000024,261.136493468,1,2,O=C([O-])Cc1ccccc1.O.[NH3+]Cc1ccccc1
XITKET01,-0.41720000000000024,261.136493468,1,2,O=C([O-])Cc1ccccc1.O.[NH3+]Cc1ccccc1
XIVBOV,-1.1930999999999983,374.133867676,3,7,OC(=O)c1cccc(c1)C(=O)[O-].Nc1[nH+]cnc2NC=Nc12.CN(C)C=O
XIVBUD,3.5064400000000013,274.204513452,1,2,CCCN1CCCCC1C(=O)Nc1c(C)cccc1C
XIYRAC,-9.632100000000001,353.17286124808993,0,6,[OH2][Mg+2]([OH2])([OH2])([OH2])([OH2])[OH2].C1N2CN3CN1CN(C2)C3.O=C[O-].O.O
XIYREG,-8.851900000000002,381.2041613760899,0,6,[OH2][Mg+2]([OH2])([OH2])([OH2])([OH2])[OH2].C1N2CN3CN1CN(C2)C3.CCC(=O)[O-].O.O
XIYSAC,1.4517999999999993,452.16197424399985,3,9,OC(CN1C=NC=N1)(CN1C=NC=N1)c1ccc(F)cc1F.OC(=O)CCCCC(O)=O
XIYSIK,-0.37710000000000116,440.1255887359998,3,9,OC(CN1C=NC=N1)(CN1C=NC=N1)c1ccc(F)cc1F.O.OC(=O)C=CC(O)=O
XIYWEH,-2.1126999999999923,384.3100411399999,2,6,C1C[NH+]2CCCN3CCCN(C1)CCCN(CCC2)CCC3.OCC(=O)[O-]
XIYZEN,-4.050099999999999,215.090605896,4,3,Oc1ccc(cc1)C(=O)[O-].NC(N)=[NH2+].O
XIZNIG,-0.23789999999999584,438.13800602399994,3,4,[Cl-].C[NH+](C)C(C)CN1c2ccccc2Sc2ccccc12.OC(=O)CCC(O)=O
XIZQAB,-9.909900000000002,297.912911552,2,6,OC(=O)CC(O)(CC(=O)[O-])C(=O)[O-].[Na+].[Rb+]
XIZQIJ,-9.909900000000002,345.906573712,2,6,OC(=O)CC(O)(CC(=O)[O-])C(=O)[O-].[Na+].[Cs+]
XOBCAT,0.061100000000000154,332.11206961199997,2,8,CN1C=NC2=C1C(=O)N(C)C(=O)N2C.OC(=O)c1ccccc1O
XOBCAT01,0.061100000000000154,332.11206961199997,2,8,CN1C=NC2=C1C(=O)N(C)C(=O)N2C.OC(=O)c1ccccc1O
XOBCEX,2.932900000000001,340.1059216119999,3,3,NC(=O)N1c2ccccc2C=Cc2ccccc12.OC(=O)CC(O)=O
XOBCIB,3.3230000000000013,354.1215716759999,3,3,NC(=O)N1c2ccccc2C=Cc2ccccc12.OC(=O)CCC(O)=O
XOBCOH,-0.11825999999999826,461.08276070799997,3,7,CC1=CC(=NC(N1)=[NH+]S(=O)(=O)c1ccc(N)cc1)C.O=C1[N-]S(=O)(=O)c2ccccc12
XOBCOH01,-0.11825999999999826,461.08276070799997,3,7,CC1=CC(=NC(N1)=[NH+]S(=O)(=O)c1ccc(N)cc1)C.O=C1[N-]S(=O)(=O)c2ccccc12
XOBCOH02,-0.1182599999999987,461.082760708,3,7,O=C1[N-]S(=O)(=O)c2ccccc12.CC1=CC(=NC(N1)=[NH+]S(=O)(=O)c1ccc(N)cc1)C
XOBCUN,-0.9209999999999989,363.063739516,2,8,CN1C(=O)N(C)C2=C(NC=N2)C1=O.O=C1NS(=O)(=O)c2ccccc12
XOBFIE,-2.7018999999999953,441.18212333199995,4,6,O=C([O-])CS(=O)C(c1ccccc1)c1ccccc1.OCC[NH+](CCO)CCO.O
XOBHIF,-2.8059999999999965,309.105981188,4,6,OC(=O)CC(O)(CC(O)=O)C(O)=O.C[N+](C)(C)CC(=O)[O-]
XOCGOO,-2.024199999999998,396.0993739879999,3,8,OC(CN1C=NC=N1)(C[N+]1=CNC=N1)c1ccc(F)cc1F.OC(=O)C(=O)[O-]
XOCXUI02,3.370000000000002,228.115029752,0,2,COc1ccc2cc(CCC(C)=O)ccc2c1
XOCXUI04,3.370000000000002,228.115029752,0,2,COc1ccc2cc(CCC(C)=O)ccc2c1
XOGCIH,0.5172999999999999,370.98012548,1,5,CN1C(=C([O-])C2=C(C=C(Cl)S2)S1(=O)=O)C(=O)Nc1[nH+]cccc1
XOGCIH01,0.5172999999999999,370.98012548,1,5,CN1C(=C([O-])C2=C(C=C(Cl)S2)S1(=O)=O)C(=O)Nc1[nH+]cccc1
XOGCON,1.4744,388.0066745760001,2,6,CN1C(=C([O-])C2=C(C=C(Cl)S2)S1(=O)=O)C(=O)Nc1ccccn1.[NH4+]
XOGCUT,-1.2809999999999997,406.95680319200005,2,5,CN1C(=C(O)C2=C(C=C(Cl)S2)S1(=O)=O)C(=O)Nc1[nH+]cccc1.[Cl-]
XOGDAA,0.8763999999999998,466.96824046800003,2,8,CS(=O)(=O)[O-].CN1C(=C(O)C2=C(C=C(Cl)S2)S1(=O)=O)C(=O)Nc1[nH+]cccc1
XOGDEE,-1.7749999999999972,458.0718002520901,3,6,CN1C(=C([O-])C2=C(C=C(Cl)S2)S1(=O)=O)C(=O)Nc1ccccn1.[NH2+]1CC[NH2+]CC1
XOGMOX,0.4446000000000011,316.16343648799995,3,4,CCC(N1CCCC1=O)C(N)=O.CC(C)(CC(O)=O)C(O)=O
XOHXAU,2.8416000000000006,275.152143532,2,2,O=C1CC2(CCCCC2)CN1.OC(=O)c1ccccc1
XOHZIH,0.47649999999999987,427.17433551999994,3,6,O.O.CCOc1ccc2[nH+]c3cc(N)ccc3c(N)c2c1.Oc1ccccc1C(=O)[O-]
XOHZON,1.5208999999999997,451.1743355199999,2,7,CCOc1ccc2[nH+]c3cc(N)ccc3c(N)c2c1.CC(=O)Oc1ccccc1C(=O)[O-].O
XOJBEH,2.1258999999999997,391.153206152,3,6,CCOc1ccc2[nH+]c3cc(N)ccc3c(N)c2c1.Oc1ccccc1C(=O)[O-]
XOJMOZ,1.98574,303.121906024,2,6,Cc1cc(C)nc(N)n1.CC(=O)Oc1ccccc1C(O)=O
XOJNOB,1.872600000000001,485.2689848519999,2,5,CC[NH+]1CCN(CC1)c1cc(c2ccc(F)cc2)c2CCCCCCc2n1.OC(=O)CCC(=O)[O-]
XOJPIX,2.7166000000000006,490.27440458,1,5,CC[NH+]1CCN(CC1)c1cc(c2ccc(F)cc2)c2CCCCCCc2n1.O=C([O-])c1cccnc1
XOKBOO,0.8798199999999996,194.141913196,3,3,Cc1ccc(O)cc1.C1CNCCN1
XOKKEP,3.6770000000000027,425.211469976,2,5,Fc1ccc(cc1)C(=O)CCCN1CCC(=CC1)N1C(=O)Nc2ccccc12.CCO
XOKKIT,2.8537000000000017,397.180169848,1,4,Fc1ccc(cc1)C(=O)CCCN1CCC(=CC1)N1C(=O)Nc2ccccc12.O
XOKLAM,3.2869000000000015,411.195819912,2,5,Fc1ccc(cc1)C(=O)CCCN1CCC(=CC1)N1C(=O)Nc2ccccc12.CO
XOKSUN,0.0706,278.13789043599996,2,6,OC(=O)c1cccc(O)c1.C1N2CN3CN1CN(C2)C3
XOKTAU,-1.590799999999997,416.1695844880001,4,8,OC(=O)c1cccc(O)c1.Oc1cccc(c1)C(=O)[O-].C1[NH+]2CN3CN1CN(C2)C3
XOKTEY,-2.4154999999999953,434.1801491720001,4,8,OC(=O)c1cccc(O)c1.Oc1cccc(c1)C(=O)[O-].C1[NH+]2CN3CN1CN(C2)C3.O
XOKTIC,-0.22380000000000022,294.132805056,3,7,OC(=O)c1ccc(O)c(O)c1.C1N2CN3CN1CN(C2)C3
XOKVIE,-1.3428999999999998,328.13828436,4,8,OC(=O)c1cc(O)c(O)c(O)c1.C1N2CN3CN1CN(C2)C3.O
XOKZEG,-2.412799999999992,412.17649970799994,1,5,[Cl-].CCC(=O)N(c1ccccc1)C1(CC[NH+](CCC(=O)OC)CC1)C(=O)OC
XOLHUD,0.11529999999999896,471.1823936119999,2,4,OC1(CC[NH+](CCCC(=O)c2ccc(F)cc2)CC1)c1ccc(Cl)cc1.CC(=O)[O-].O.O
XOLJAL,1.0754,467.1510934839999,3,5,OC1(CC[NH+](CCCC(=O)c2ccc(F)cc2)CC1)c1ccc(Cl)cc1.O=C[O-].OC=O
XOLKUE,-1.901499999999997,268.11904625591,1,5,C[N+](C)(C)CCO.O=C([O-])c1ccc(cc1)C(=O)[O-]
XOLLAL,0.8881999999999999,275.152143532,1,3,O=C([O-])c1ccc2ccccc2c1.C[N+](C)(C)CCO
XOLLIT,0.7816999999999992,259.214743788,1,3,C[N+](C)(C)CCO.O=C([O-])CCC1CCCCC1
XOLLOZ,-2.3375999999999926,378.272986936,2,6,O=C([O-])C1CCCCC1C(=O)[O-].C[N+](C)(C)CCO.C[N+](C)(C)CCO
XOLZAB,-5.487399999999999,176.079706864,2,4,O=C([O-])C=CC(=O)[O-].[NH3+]CC[NH3+]
XOMHOY,-4.873299999999999,192.111006992,2,4,O=C([O-])CCCC(=O)[O-].[NH3+]CC[NH3+]
XOMPAQ,-3.456599999999998,187.06423354609,3,2,OP(F)(=O)[O-].[NH2+]1CC[NH2+]CC1
XOMPOE,-3.5645,159.020905934,4,2,OP(F)(=O)[O-].NC(N)=[NH2+]
XOMWOL,-1.1235000000000004,205.09502258,2,2,CC(=O)Nc1ccc(O)cc1.O.O.O
XONJUJ,4.352000000000005,476.2311221239999,2,7,COc1ccc2nccc(C(O)C3CC4CCN3CC4C=C)c2c1.COC(=O)c1ccc(O)cc1
XONPUN,2.702000000000001,250.050905272,2,3,Nc1cccc(Cl)n1.OC(=O)c1ccccc1
XONSUQ,0.6984,277.06363414400005,1,2,ClC(Cl)C(=O)[O-].CC(C)[NH2+]Cc1ccccc1
XONSUQ01,0.6984,277.06363414400005,1,2,ClC(Cl)C(=O)[O-].CC(C)[NH2+]Cc1ccccc1
XONSUQ02,0.6984,277.06363414400005,1,2,ClC(Cl)C(=O)[O-].CC(C)[NH2+]Cc1ccccc1
XONSUQ03,0.6984,277.06363414400005,1,2,ClC(Cl)C(=O)[O-].CC(C)[NH2+]Cc1ccccc1
XONSUQ04,0.6983999999999994,277.063634144,1,2,CC(C)[NH2+]Cc1ccccc1.ClC(Cl)C(=O)[O-]
XOPVEG,0.6080999999999998,372.05044366799996,3,7,Nc1nnc(c(N)n1)c1cccc(Cl)c1Cl.O.O=C1CCC(=O)N1
XOQHUK,2.0712,452.05573294400006,4,7,NS(=O)(=O)c1cc(C(O)=O)c(NCC2=CC=CO2)cc1Cl.NC(=O)c1ccccn1
XOQHUK01,2.0712,452.05573294400006,4,7,NS(=O)(=O)c1cc(C(O)=O)c(NCC2=CC=CO2)cc1Cl.NC(=O)c1ccccn1
XOQRAZ,-3.7507,375.0462551199999,4,8,[NH2+]=C1NC(=O)NC=C1F.Oc1c(cc(cc1N(=O)=O)N(=O)=O)C(=O)[O-].O
XOSGUH,3.4647000000000014,369.21647510400004,1,6,O=C1CCc2cc(OCCCCC3=NN=NN3C3CCCCC3)ccc2N1
XOSGUH01,3.4647000000000014,369.21647510400004,1,6,O=C1CCc2cc(OCCCCC3=NN=NN3C3CCCCC3)ccc2N1
XOSGUL,-1.1961999999999993,322.06405054390996,4,8,NC(N)=O.[NH3+]c1ccc(cc1)C(O)=O.O=N(=O)[O-].O=N(=O)[O-]
XOSGUL01,-1.1961999999999993,322.06405054390996,4,8,NC(N)=O.[NH3+]c1ccc(cc1)C(O)=O.O=N(=O)[O-].O=N(=O)[O-]
XOSWEL,1.0481999999999998,273.136493468,1,3,[NH3+]C(C)c1ccc(OC)cc1.O=C([O-])c1ccccc1
XOSWIN,2.9612000000000016,392.194736616,4,4,OC(=O)CCCCCC(O)=O.COc1ccc2NC=C(CCNC(C)=O)c2c1
XOSWIP,1.0481999999999998,273.136493468,1,3,[NH3+]C(C)c1ccc(OC)cc1.O=C([O-])c1ccccc1
XOSWUB,1.0481999999999994,273.136493468,1,3,O=C([O-])c1ccccc1.[NH3+]C(C)c1ccc(OC)cc1
XOVBIU,-0.30109999999999604,403.21798832009,0,0,[I-].C[N+](C)(C)CCCCCCCCCC[N+](C)(C)C.O
XOWWEO,1.9711999999999992,346.03564913200006,1,5,Clc1cccc(C(=O)[O-])c1N(=O)=O.Oc1cccc2ccc[nH+]c12
XOXGUM,-7.069499999999997,272.1219656,3,5,[NH3+]CCCCC([NH3+])C(=O)[O-].OC(=O)C(=O)[O-].O.O
XOXHEY,4.354200000000002,373.14264146799997,3,3,NC(=O)N1c2ccccc2C=Cc2ccccc12.Nc1ccc(cc1)C(O)=O
XOZSOV,-1.0071999999999952,436.1957992359999,4,6,NC(=O)CN1CCCC1=O.NC(=O)CN1CCCC1=O.OC(C(O)=O)c1ccccc1
XOZTOZ,1.9513899999999995,348.01330124400005,4,8,CC1=NC=C(N1CCO)N(=O)=O.S=C1NC(=S)NC(=S)N1
XUBJIQ,1.66934,400.1317595,2,6,Cc1[nH+]c(nc(C)c1)[N-]S(=O)(=O)c1ccc(N)cc1.NC(=O)c1cccnc1
XUBJOW,2.13502,401.11577508799996,4,7,Cc1ccnc(NS(=O)(=O)c2ccc(N)cc2)n1.Nc1ccccc1C(O)=O
XUBKUD,1.6591199999999997,401.11577508799996,4,7,Cc1ccnc(NS(=O)(=O)c2ccc(N)cc2)n1.NC(=O)c1ccccc1O
XUBVEW,3.211800000000001,338.03949892799994,2,6,S(Sc1ccccn1)c1ccccn1.OC(=O)CCC(O)=O
XUCZIH,-1.5867999999999993,289.90320101182004,2,5,S=[As]([S-])([S-])[S-].[NH2+]1CCNCC1
XUCZIH01,-1.5867999999999993,289.90320101182004,2,5,S=[As]([S-])([S-])[S-].[NH2+]1CCNCC1
XUDBEG,-1.6925999999999994,365.8309768040901,2,3,[S][As]([S-])SS[As].[NH2+]1CC[NH2+]CC1
XUDBIK,-2.340799999999998,333.85890580409006,2,2,[S][As]([S-])S[As].[NH2+]1CC[NH2+]CC1
XUFDOV,-1.074899999999999,331.153206152,4,5,Nc1ccc(cc1)C(=O)NCC(=O)[O-].[NH3+]CCc1ccc(O)cc1
XUFDUB,-1.8084999999999987,266.126657056,3,4,[NH3+]CCc1ccc(O)cc1.O=C([O-])C1CCC(=O)N1
XUFYIK,-2.2421999999999978,406.03843005191,4,7,O=S(=O)([O-])c1cccc2c1cccc2S(=O)(=O)[O-].CC(O)=O.NC(N)=[NH2+]
XUFZOR,0.9758000000000013,482.14250119591003,3,6,O=S(=O)([O-])c1cccc2c1cccc2S(=O)(=O)[O-].NC(N)=[NH2+].CC(=C)C1CCC(=CC1)C
XUFZUX,-2.333099999999998,346.01730068391004,3,6,O=S(=O)([O-])c1cccc2c1cccc2S(=O)(=O)[O-].NC(N)=[NH2+]
XUGRIA,-12.309700000000005,229.05154523599998,3,0,[Cl-].[Cl-].[Cl-].[NH4+].O.[NH2+]1CC[NH2+]CC1
XULNEZ,-3.801899999999998,147.05632500000002,2,1,[NH3+]CCC1=CNC=N1.[Cl-]
XULNEZ01,-3.801899999999998,147.056325,2,1,[Cl-].[NH3+]CCC1=CNC=N1
XULRUT,3.8141000000000016,376.1092927399999,2,6,CC(C)COc1ccc(cc1C#N)C1=NC(=C(S1)C(O)=O)C.CC(O)=O
XULRUT01,3.8141000000000016,376.1092927399999,2,6,CC(C)COc1ccc(cc1C#N)C1=NC(=C(S1)C(O)=O)C.CC(O)=O
XULVEI,-1.4946999999999981,416.18081786800013,4,8,O=C([O-])Cc1ccccc1.OC(=O)Cc1ccccc1.Nc1[nH+]c(N)nc(N)n1.O
XUMSUT,-10.422100000000004,219.062198228,4,5,[NH3+]CC(=O)[O-].[NH3+]CC(=O)[O-].[NH3+]O.[Cl-]
XUNFES,-1.5490999999999995,407.1135651039999,0,4,COc1ccc2cc3[n+](CCc4cc5OCOc5cc34)cc2c1OC.[Cl-].O.O
XUNFES01,-1.5490999999999995,407.1135651039999,0,4,COc1ccc2cc3[n+](CCc4cc5OCOc5cc34)cc2c1OC.[Cl-].O.O
XUNFES02,-1.5490999999999995,407.1135651039999,0,4,COc1ccc2cc3[n+](CCc4cc5OCOc5cc34)cc2c1OC.[Cl-].O.O
XUNHUJ,2.2612,283.14197277200003,3,3,O=C1NC=CC=C1.OC(=O)CCCCCCCC(O)=O
XUPROT,-3.4935,227.001219512,4,4,[NH2+]=C1NC(=O)NC=C1F.OS(=O)(=O)[O-]
XUPSAG,-5.4940999999999995,165.01051768,3,1,[Cl-].[NH2+]=C1NC(=O)NC=C1F
XUQNUW,-3.2311999999999994,175.06888864009,2,2,FC(F)(F)C(=O)[O-].[NH3+]CC[NH3+]
XURCAO,2.897800000000001,237.092041812,1,2,CNC1(CCCCC1=O)c1ccccc1Cl
XUTCAQ,-3.029499999999997,244.12918247609,2,3,O=N(=O)c1ccc([O-])cc1.O.[NH2+]1CC[NH2+]CC1
XUTCAQ01,-3.029499999999998,244.12918247609,2,3,O=N(=O)c1ccc([O-])cc1.[NH2+]1CC[NH2+]CC1.O
XUTCEU,-3.185799999999997,400.159413728,2,6,O=N(=O)c1ccccc1[O-].O=N(=O)c1ccccc1[O-].[NH2+]1CC[NH2+]CC1.O.O
XUVLOP,1.1850999999999996,273.018415268,2,5,Nc1nnc(c(N)n1)c1cccc(Cl)c1Cl.O
XUVLOP01,1.1850999999999996,273.018415268,2,5,Nc1nnc(c(N)n1)c1cccc(Cl)c1Cl.O
XUVQOV,2.49804,291.067762276,2,6,CC1=NN2C=C(C)N=C2S1.OC(=O)c1ccccc1O
XUWGUV,4.317680000000004,349.179026976,0,3,CC#N.CCCCC1C(=O)N(N(C1=O)c1ccccc1)c1ccccc1
XUYBUR,2.6894,321.26677936000004,1,2,O=C([O-])Cc1ccccc1.CCCCCC[NH2+]CCCCCC
XUYCEC,2.1941999999999986,317.23547923200005,1,2,O=C([O-])Cc1ccccc1.[NH2+](C1CCCCC1)C1CCCCC1
XUYDUU,-0.3381800000000004,351.019491756,3,7,[NH3+]c1ccc(cc1)S(=O)(=O)NC1=NOC(=C1)C.OS(=O)(=O)[O-]
XUYNUC,-9.909900000000002,251.964828492,2,6,OC(=O)CC(O)(CC(=O)[O-])C(=O)[O-].[Na+].[K+]
XYANAC,3.7452400000000017,241.11027872,2,2,Cc1cccc(Nc2ccccc2C(O)=O)c1C
XYANAC02,3.7452400000000017,241.11027872,2,2,Cc1cccc(Nc2ccccc2C(O)=O)c1C
XYANAC03,3.7452400000000017,241.11027872,2,2,Cc1cccc(Nc2ccccc2C(O)=O)c1C
XYANAC04,3.7452400000000017,241.11027872,2,2,Cc1cccc(Nc2ccccc2C(O)=O)c1C
XYANAC05,3.7452400000000017,241.11027872,2,2,Cc1cccc(Nc2ccccc2C(O)=O)c1C
XYANAC06,3.7452400000000017,241.11027872,2,2,Cc1cccc(Nc2ccccc2C(O)=O)c1C
XYANAC07,3.7452400000000017,241.11027872,2,2,Cc1cccc(Nc2ccccc2C(O)=O)c1C
XYANAC08,3.7452400000000017,241.11027872,2,2,Cc1cccc(Nc2ccccc2C(O)=O)c1C
XYANAC09,3.7452400000000017,241.11027872,2,2,Cc1cccc(Nc2ccccc2C(O)=O)c1C
YABFEO,0.42629999999999957,139.063328528,1,2,[NH4+].O=C([O-])c1ccccc1
YABFEO01,0.4262999999999999,139.063328528,1,2,O=C([O-])c1ccccc1.[NH4+]
YABFUE01,0.6110999999999995,221.141578848,1,2,O=C([O-])c1ccccc1.[NH3+]C1CCCCC1
YABGAL,1.9948999999999997,337.131408088,2,3,O=C([O-])c1ccccc1.OC(=O)c1ccccc1.[NH3+]c1ccccc1
YABGOZ,-1.2498999999999991,199.120843404,1,2,CCC(=O)[O-].[NH3+]Cc1ccccc1.O
YABVAY,0.8168399999999996,470.03336790399993,2,4,ClC(Cl)C(=O)[O-].[NH3+]c1ccc(C)cc1.ClC(Cl)C(=O)[O-].[NH3+]c1ccc(C)cc1
YABVEC,0.7168399999999993,249.032334016,1,2,ClC(Cl)C(=O)[O-].[NH3+]c1ccc(C)c(C)c1
YACGUE,-2.132,271.128054024,4,7,NC1=NC2=C(N=CN2CCC(CO)CO)C(=O)N1.O
YACGUE01,-2.132,271.128054024,4,7,NC1=NC2=C(N=CN2CCC(CO)CO)C(=O)N1.O
YACNOF,1.3802999999999999,357.017077876,2,4,OC(=O)COc1ccc(Cl)cc1Cl.[NH3+]c1ccc(cc1)C(=O)[O-]
YACQOL,4.8034200000000045,450.21547206,4,7,Oc1ccc(O)cc1.Oc1ccc(O)cc1.CC(C)C1=C(C)N(C)N(c2ccccc2)C1=O
YACQOL01,4.803420000000007,450.2154720599999,4,7,CC(C)C1=C(C)N(C)N(c2ccccc2)C1=O.Oc1ccc(O)cc1.Oc1ccc(O)cc1
YACQUR,3.7866200000000028,382.18925731199994,1,6,CC(C)C1=C(C)N(C)N(c2ccccc2)C1=O.COC(=O)c1ccc(O)cc1
YACQUR01,3.7866200000000028,382.18925731199994,1,6,CC(C)C1=C(C)N(C)N(c2ccccc2)C1=O.COC(=O)c1ccc(O)cc1
YADJUK,1.8987,132.057514876,0,1,O=CC=Cc1ccccc1
YADSEE,2.866460000000001,371.14159591200007,2,6,Cc1cc(C)nc(NS(=O)(=O)c2ccc(N)cc2)n1.Cc1cccnc1
YADZAH,2.5625000000000018,254.105527688,1,1,NC(=O)N1c2ccccc2C=Cc2ccccc12.O
YAGMUR,0.9052000000000002,428.12696267199993,4,5,Clc1cccc(Cl)c1Nc1ccccc1CC(=O)[O-].CC[NH+](CCO)CCO
YAGVIN,-3.2833999999999977,366.088557296,2,6,O=C([O-])c1ccc(cc1)S(=O)(=O)c1ccc(cc1)C(=O)[O-].[NH3+]CC[NH3+]
YAHJAV,1.7348,447.14090592,0,3,CC(C)[N+](C)(CCOC(=O)C1c2ccccc2Oc2ccccc12)C(C)C.[Br-]
YAHQEF,2.8579000000000008,366.13280505599994,4,8,C1=CN(C=N1)c1cncnc1.Oc1ccc(O)cc1.Oc1ccc(O)cc1
YAHZAK,-0.5792000000000008,247.095691276,3,5,Nc1[nH+]cccc1N.Oc1ccccc1C(=O)[O-]
YAJGEY,4.041200000000003,435.071133404,2,4,O=S1(=O)NC(=S)c2ccccc12.NC(=O)N1c2ccccc2C=Cc2ccccc12
YAJQIM,-3.9042999999999974,421.0710486599999,2,5,[NH3+]C(C(=O)NC1C2SCC(=C(N2C1=O)C(=O)[O-])Cl)c1ccccc1.O.O.O
YAKWAJ,-1.7306000000000006,160.084792244,1,2,NC(=O)CN1CCCC1=O.O
YAKWAJ01,-1.7306000000000006,160.084792244,1,2,NC(=O)CN1CCCC1=O.O
YALVAK,0.35510000000000136,459.1440711279099,3,8,CCc1[nH+]c(N)nc(N)c1c1ccc(Cl)cc1.O=C([O-])c1ccc(cc1)C(=O)[O-].CCO
YALVEO,-0.03499999999999853,445.1284210639099,3,8,CCc1[nH+]c(N)nc(N)c1c1ccc(Cl)cc1.O=C([O-])c1ccc(cc1)C(=O)[O-].CO
YALWEO,2.7416,429.194008344,2,4,COc1ccc2cc(ccc2c1)C(C)C(=O)[O-].[NH3+]C1C(O)Cc2cc3ccccc3cc12
YALWUF,-3.6881999999999975,315.0021375720001,4,6,OP(=O)([O-])OP(O)(=O)[O-].[NH3+]NC(=O)c1cc[nH+]cc1
YALYUH,2.6407800000000003,305.12766010000007,0,5,CCN(C(C)=O)c1cccc(c1)C1=CC=NC2=C(C=NN12)C#N
YANQAH,-0.45039999999999963,453.05514000800014,2,7,CC(C)(C)c1cc2C(=O)O[Se-]3OC(=O)c(c1)c23.O.Nc1nc[nH+]c2N=CNc12
YANROW,-4.3973,204.08316949599998,4,7,NC1=NN=NN1[N-]N(=O)=O.NC(N)=[NH2+]
YAPQUF,-4.994199999999994,377.15630028999993,1,5,[OH2][Li+]1([OH2])([OH2])n2cccc3ccc4cccn1c4c23.Nc1ccc(cc1)C(=O)[O-]
YAPZEU,4.221000000000004,337.204179104,1,3,CC12CC3=C(ON=C3)C=C1CCC1C2CCC2(C)C1CCC2(O)C#C
YAPZEU01,4.221000000000004,337.204179104,1,3,CC12CC3=C(ON=C3)C=C1CCC1C2CCC2(C)C1CCC2(O)C#C
YASGAC,0.6687000000000005,324.13213635999995,4,5,CCC(N1CCCC1=O)C(N)=O.OC(=O)c1ccc(O)cc1O
YASGAC01,0.6687000000000005,324.13213635999995,4,5,CCC(N1CCCC1=O)C(N)=O.OC(=O)c1ccc(O)cc1O
YASGIK,0.677300000000001,322.152871804,3,4,CCC(N1CCCC1=O)C(N)=O.OC(C(O)=O)c1ccccc1
YASGOQ,2.0712,452.05573294400006,4,7,NS(=O)(=O)c1cc(C(O)=O)c(NCC2=CC=CO2)cc1Cl.NC(=O)c1cccnc1
YASGOQ01,2.0712,452.05573294400006,4,7,NS(=O)(=O)c1cc(C(O)=O)c(NCC2=CC=CO2)cc1Cl.NC(=O)c1cccnc1
YASGOQ02,2.0712,452.05573294400006,4,7,NS(=O)(=O)c1cc(C(O)=O)c(NCC2=CC=CO2)cc1Cl.NC(=O)c1cccnc1
YASGOQ03,2.0712,452.05573294400006,4,7,NS(=O)(=O)c1cc(C(O)=O)c(NCC2=CC=CO2)cc1Cl.NC(=O)c1cccnc1
YASGOQ04,2.0712,452.05573294400006,4,7,NS(=O)(=O)c1cc(C(O)=O)c(NCC2=CC=CO2)cc1Cl.NC(=O)c1cccnc1
YASHIL,0.4218,488.076862312,4,7,NS(=O)(=O)c1cc(C(O)=O)c(NCC2=CC=CO2)cc1Cl.NC(=O)c1cccnc1.O.O
YAVRAO,0.2664000000000002,251.152143532,2,3,Oc1ccccc1C(=O)[O-].CC1[NH2+]C(C)CCC1
YAWLAM,3.2265200000000016,382.144805656,2,3,Cc1c(Cl)cccc1Nc1ccccc1C(=O)[O-].[NH3+]CCc1ccccc1
YAWLEQ,2.932120000000001,398.139720276,3,4,Cc1c(Cl)cccc1Nc1ccccc1C(=O)[O-].[NH3+]CCc1ccc(O)cc1
YAWLIU,0.33701999999999993,352.11898483199997,4,5,Cc1c(Cl)cccc1Nc1ccccc1C(=O)[O-].[NH3+]C(CO)CO
YAXJUG,2.5129,476.1419877480001,2,9,OC(=O)c1cccnc1Nc1cccc(c1)C(F)(F)F.CN1C=NC2=C1C(=O)N(C)C(=O)N2C
YAXJUG01,2.5129,476.1419877480001,2,9,OC(=O)c1cccnc1Nc1cccc(c1)C(F)(F)F.CN1C=NC2=C1C(=O)N(C)C(=O)N2C
YAXPIA,0.018399999999999472,485.1598283279999,4,8,OC(=O)C1=CN(C2CC2)c2cc(N3CC[NH2+]CC3)c(F)cc2C1=O.Oc1cccc(O)c1C(=O)[O-]
YAXXEC,-0.8824000000000001,263.17327290000003,2,3,OC(=O)CCC(=O)[O-].[NH3+]C1CCCCCCC1.O
YEBGEU,3.3387600000000015,332.104003464,2,6,CC1=NN(C(=C1)O)c1nc(C)cc(C)n1.Oc1ccc(Cl)cc1
YECGIZ,-4.881399999999998,248.013678104,2,6,O=S(=O)([O-])S(=O)(=O)[O-].[NH2+]1CC[NH2+]CC1
YECXAJ,-6.514300000000002,343.17244425609005,2,8,CN1C(=O)N(C)C2=C(N(CC(=O)[O-])C=N2)C1=O.O.[NH2+]1CC[NH2+]CC1
YEDDAP,-1.4260099999999973,284.10633885608996,2,5,[NH3+]CC[NH3+].O=C([O-])CCN1C(=S)Oc2ccccc12
YEFTIN,-3.492499999999999,336.04875341599995,4,5,OC(Cc1c[nH+]ccc1)(P(O)(=O)[O-])P(O)(=O)[O-].O.O.[NH4+]
YEFXIR,-5.194399999999997,291.15616003591003,2,6,[NH3+]CCCCC([NH3+])C(=O)[O-].O=C([O-])CCCCC(=O)[O-]
YEFXOX,-3.8596999999999957,292.163436488,3,5,[NH3+]CCCCC([NH3+])C(=O)[O-].OC(=O)CCCCC(=O)[O-]
YEGVIS,-1.9368999999999954,269.11825656,1,2,[Cl-].COC(=O)C(C1[NH2+]CCCC1)c1ccccc1
YEHJOM01,-6.001799999999993,359.0874842679999,4,5,CCCCC[NH+](C)CCC(O)(P(O)(=O)[O-])P(O)(=O)[O-].[Na+].O
YEJSAH,-3.115199999999998,251.06734503191,1,5,O=C1C=C([O-])C(=O)C=C1[O-].Nc1cc[nH+]cc1.O
YEJWEP,3.0356000000000005,250.044150556,2,2,OC(=O)c1cc(ccc1O)c1ccc(F)cc1F
YEJZAO,-3.408999999999999,287.0501976280001,4,7,Oc1c(cc(cc1N(=O)=O)N(=O)=O)C(=O)[O-].NC(N)=[NH2+]
YEJZAO01,-3.408999999999999,287.0501976280001,4,7,Oc1c(cc(cc1N(=O)=O)N(=O)=O)C(=O)[O-].NC(N)=[NH2+]
YEKJAB,-4.859000000000001,145.07120784399999,4,3,O=C1NN=N[N-]1.NC(N)=[NH2+]
YEPBIF,-1.571499999999995,303.215806408,4,3,CC(C)NC(NC(C)C)=[NH+]C(C)C.OC(=O)CCC(=O)[O-]
YEPHOT,4.275700000000001,428.06537724000003,3,7,COc1cc(C=CC(O)=O)ccc1O.NC1=Nc2ccc(OC(F)(F)F)cc2S1
YEPJEL,0.23919999999999947,349.070796968,2,6,NC1=Nc2ccc(OC(F)(F)F)cc2S1.O=C([O-])C1[NH2+]CCC1
YEPJIP,1.2659999999999998,420.0602918599999,4,8,NC1=[NH+]c2ccc(OC(F)(F)F)cc2S1.Oc1ccc(c(O)c1)C(=O)[O-].CO
YEPJOV,2.4889,350.018427048,3,6,NC1=Nc2ccc(OC(F)(F)F)cc2S1.OC(=O)C=CC(O)=O
YEPJUB,3.8761000000000023,402.0497271759999,3,7,NC1=Nc2ccc(OC(F)(F)F)cc2S1.COc1cc(ccc1O)C(O)=O
YEPKAI,4.561500000000002,382.059897936,2,5,NC1=Nc2ccc(OC(F)(F)F)cc2S1.OC(=O)C=Cc1ccccc1
YEQGOU,0.35669999999999985,333.0596996920001,4,6,OC(=O)c1cc(cc(c1)C(O)=O)C(O)=O.NC(=O)c1cnccn1
YEQGUA,0.6585000000000001,289.06987045200003,3,5,OC(=O)c1ccc(cc1)C(O)=O.NC(=O)c1cnccn1
YEQZAW,-5.064599999999999,253.10625596,2,5,O=C([O-])c1cccc(n1)C(=O)[O-].[NH2+]1CC[NH2+]CC1
YERHIP,-0.47650000000000015,254.12665705600003,3,4,[NH3+]c1ccc(N)cc1.OC(=O)CCCCC(=O)[O-]
YERYUS,3.0932000000000013,480.157974248,4,7,CC(N(O)C(N)=O)C1=Cc2ccccc2S1.NC(=O)c1cccnc1.NC(=O)c1cccnc1
YESCEI02,-3.6614999999999993,241.063345592,4,4,NC(=[NH2+])NC(N)=S.O=C([O-])c1cccnc1
YESCEI03,-3.6614999999999993,241.063345592,4,4,NC(=[NH2+])NC(N)=S.O=C([O-])c1cccnc1
YESKIR,0.12590000000000012,495.101303232,3,7,NS(=O)(=O)c1cc2c(NCNS2(=O)=O)cc1Cl.CN1CCCC1=O.CN1CCCC1=O
YETJUF01,3.588400000000001,303.138305036,3,4,CCOC(=O)Nc1ccc(NCc2ccc(F)cc2)cc1N
YETKUG,1.1843999999999997,429.12959081999986,3,8,[NH3+]c1cc([NH2+]Cc2ccc(F)cc2)ccc1NC(=O)OCC.O=N(=O)[O-].O=N(=O)[O-]
YEVMIY,-0.5486000000000002,317.11240396,3,7,CN1C(=O)N(C)C2=C(NC=N2)C1=O.NC(=O)c1ccc(O)cc1
YEWFEP,1.3199199999999995,473.11914621599993,1,7,CN(C)c1cc[nH+]cc1.CN1C(=C([O-])c2ccccc2S1(=O)=O)C(=O)NC1=NC=C(C)S1
YEWFIT,-2.1199799999999964,438.1264226680901,3,6,CN1C(=C([O-])c2ccccc2S1(=O)=O)C(=O)NC1=NC=C(C)S1.[NH2+]1CC[NH2+]CC1
YEWKAQ,0.46620000000000034,425.11577508800013,2,6,CN1C(=C([O-])c2ccccc2S1(=O)=O)C(=O)Nc1ccccn1.Nc1cc[nH+]cc1
YEWNIB,-2.489899999999996,418.1543516680901,3,5,CN1C(=C([O-])c2ccccc2S1(=O)=O)C(=O)Nc1ccccn1.[NH2+]1CC[NH2+]CC1
YEWNOH,0.95,453.14707521600013,1,6,CN1C(=C([O-])c2ccccc2S1(=O)=O)C(=O)Nc1ccccn1.CN(C)c1cc[nH+]cc1
YEWNUN,0.8361199999999995,445.0878460880001,2,7,CN1C(=C([O-])c2ccccc2S1(=O)=O)C(=O)NC1=NC=C(C)S1.Nc1cc[nH+]cc1
YEXFUD,0.8815999999999997,494.0872230999999,3,8,Nc1[nH+]nc(c(N)n1)c1cccc(Cl)c1Cl.OC(=O)c1ccccc1C(=O)[O-].CN(C)C=O
YEXGEQ,3.992480000000003,464.093009632,1,4,CNC(=O)c1ccc(cc1F)N1C(=S)N(C(=O)C1(C)C)c1ccc(C#N)c(c1)C(F)(F)F
YEXHOZ,2.128400000000001,461.073357168,1,7,CC(C)OS(=O)(=O)[O-].COC(=O)C([NH+]1CCC2=C(C1)C=CS2)c1ccccc1Cl
YEYWIJ,3.2851000000000017,451.27225866400005,2,4,O=C([O-])c1ccc(cc1)C(=O)C12CCCCC1CCCC2.C[NH2+]C(C)C(O)c1ccccc1
YEYWUV,-4.604,175.059305768,4,3,OC(=O)C=CC(=O)[O-].NC(N)=[NH2+]
YEYWUV01,-4.604,175.059305768,4,3,OC(=O)C=CC(=O)[O-].NC(N)=[NH2+]
YEYXOT,-1.6259799999999975,387.011425608,2,5,[Cl-].CN1C(=C(O)c2ccccc2S1(=O)=O)C(=O)NC1=[NH+]C=C(C)S1
YEYYAD,2.5632,441.21513771199994,1,7,CC(=O)OCC(=O)C12N=C(C)OC1CC1C3CCC4=CC(=O)C=CC4(C)C3C(O)CC21C
YICJEA,-1.1018000000000008,236.040876744,1,3,NC(=O)c1c[nH+]ccc1.FC(F)(F)C(=O)[O-]
YICNEH,-1.628400000000001,283.06044863999995,4,6,NC1=[NH+]C(=O)NC=C1F.Oc1ccc(cc1O)C(=O)[O-]
YIDJIE,1.665,352.12052611999997,2,7,COc1cnc(NS(=O)(=O)c2ccc(N)cc2)nc1.C1CCOC1
YIDJIE01,1.665,352.12052611999997,2,7,COc1cnc(NS(=O)(=O)c2ccc(N)cc2)nc1.C1CCOC1
YIDJOO,-0.5170999999999979,374.11140091600004,3,6,OC(=O)CC(O)(CC(=O)[O-])C(O)=O.[nH+]1ccc(cc1)C=Cc1ccncc1
YIFLOP,-2.030599999999999,286.04371527999996,3,6,OC(=O)c1cccc(c1C(=O)[O-])N(=O)=O.[NH3+]CC(O)=O
YIFMUW,-6.713999999999997,289.127385328,2,5,O=C([O-])c1ccc(nc1)C(=O)[O-].[NH2+]1CC[NH2+]CC1.O.O
YIFQOU,-0.39418,330.97810552399994,3,5,Cc1[nH+]cc(CO)c(CO)c1O.ClC(Cl)(Cl)C(=O)[O-]
YIFXOB,-1.7259999999999998,373.0579854399999,4,7,NNC(=O)c1cc[nH+]cc1.OC(=O)c1cc(ccc1O)S(=O)(=O)[O-].O
YIFYUI,3.2429000000000006,336.093617408,2,3,CCc1[nH+]c(N)nc(N)c1c1ccc(Cl)cc1.F[B-](F)(F)F
YIGMEI,0.18490000000000062,460.09565978199987,4,4,F[Si-2](F)(F)(F)(F)F.[NH3+]C(CCSC)C(O)=O.[NH3+]C(CCSC)C(O)=O.O
YIGMUY,1.9176000000000002,260.05469805391,1,1,F[Si-2](F)(F)(F)(F)F.C[N+](C)(C)CC(O)=O
YIGNEI02,-0.2975799999999995,291.138992004,1,1,C[NH2+]CCC(Oc1ccccc1C)c1ccccc1.[Cl-]
YIGNEJ,-0.5281,294.02379184990997,3,2,F[Si-2](F)(F)(F)(F)F.[NH3+]C(CC(O)=O)C(O)=O.O
YIJVUI,2.6384000000000016,397.22530847199994,1,3,C[N+](C)(CC(O)COc1ccccc1)Cc1ccccc1.[O-]c1ccccc1.O
YIKMAI,1.1430000000000005,332.0830779919999,2,3,[NH2+]=C(O)N1c2ccccc2C=Cc2ccccc12.CS(=O)(=O)[O-]
YIKNUD,0.9554000000000009,445.1404485479999,2,6,C[NH+]1CCN(CC1)C1=Nc2ccccc2Oc2ccc(Cl)cc12.OC(=O)CCC(=O)[O-]
YIPKEQ,1.8213999999999995,300.183778008,1,3,CC(C)Cc1ccc(cc1)C(C)C(=O)[O-].Nc1cc[nH+]cc1
YIQGAH,0.8747,127.943184664,1,1,OC(=O)C(Cl)Cl
YIQGAH01,0.8747,127.943184664,1,1,OC(=O)C(Cl)Cl
YIQGAH02,0.8747,127.943184664,1,1,OC(=O)C(Cl)Cl
YIQGAH03,0.8747,127.943184664,1,1,OC(=O)C(Cl)Cl
YIRLOE,2.4188,425.977882676,1,5,FC(F)(F)S(=O)(=O)[N-]S(=O)(=O)C(F)(F)F.Oc1cccc2ccc[nH+]c12
YIRYEH,-12.02360000000001,352.13615286390996,4,9,O=C([O-])C[NH+](CC[NH+](CC(=O)[O-])CC(=O)[O-])CC(=O)[O-].[NH3+]CCO
YITKUJ,-4.336899999999995,378.16596190808997,2,4,O.[NH2+]1CC[NH2+]CC1.O.O=C([O-])CN1C(=O)c2cccc3cccc(C1=O)c23
YIVQIE,4.297720000000003,352.085766556,1,4,Cc1ccnc2N(C3CC3)c3ncccc3C(=O)Nc12.ClCCl.[H].[H]
YIVQOK,4.646240000000002,358.179361324,1,4,Cc1ccccc1.Cc1ccnc2N(C3CC3)c3ncccc3C(=O)Nc12
YIWLAT,-0.0394000000000001,263.07937251600003,2,4,Oc1[nH+]ccc2ccccc12.OC(=O)CCC(=O)[O-]
YIWWUY,-0.6308999999999972,493.22276557608996,2,7,CCCC1=NN(C)C2=C1N=C(NC2=O)c1cc(ccc1OCC)S(=O)(=O)N1CC[NH+](C)CC1.O
YIXGOF,-6.4602000000000075,398.21543752018005,4,6,O=C([O-])C1=CC=CO1.O=C([O-])C1=CC=CO1.[NH2+]1CC[NH2+]CC1.[NH2+]1CC[NH2+]CC1
YIXVEI,-3.773599999999999,121.09715407608999,2,2,CC(=O)[O-].[NH3+]CC[NH3+]
YIYPUR,0.8515999999999995,409.109060112,1,4,[Cl-].OC(=O)c1ccccc1.CN(C)[c+]1c(N(C)C)c1N(C)C.ClCCl
YIYRAZ,0.8297000000000009,391.20265487999995,2,5,[Cl-].CN(C)[c+]1c(N(C)C)c1N(C)C.Oc1ccccc1.Oc1ccccc1
YIZGEW,-3.9606999999999974,327.09037150809,3,6,CC(=O)[N-]C1=NN=C(S1)S(N)(=O)=O.[NH2+]1CC[NH2+]CC1.O
YOCZUL,4.209820000000003,408.1222403720001,1,6,COc1ccc2cc(ccc2c1)C(C)C(O)=O.N#Cc1cc(C#N)c(cc1C#N)C#N
YOCZUL01,4.209820000000003,408.1222403720001,1,6,COc1ccc2cc(ccc2c1)C(C)C(O)=O.N#Cc1cc(C#N)c(cc1C#N)C#N
YODTOC,-4.914099999999997,406.02135843199994,2,6,NS(=O)(=O)c1cc(C(=O)[O-])c(NCC2=CC=CO2)cc1Cl.[Na+].O.O.O
YODTUI,-3.2646999999999986,385.97416646399995,2,6,NS(=O)(=O)c1cc(C(=O)[O-])c(NCC2=CC=CO2)cc1Cl.[K+].O
YODXAR,3.124500000000002,414.20423867999995,0,6,COC(=O)C1CC2=CC(=O)CCC2(C)C23OC2CC2(C)C(CCC42CCC(=O)O4)C13
YOFKAI,-2.249299999999999,316.018494416,2,3,Nc1cc[nH+]cc1.Nc1ccncc1.[I-]
YOFKAI01,-2.249299999999997,316.01849441600007,2,3,[I-].Nc1ccncc1.Nc1cc[nH+]cc1
YOGGEJ,0.37288000000000276,499.22195440800004,2,7,O=C([O-])c1cccnc1.[NH3+]C(C([NH3+])c1ccccc1)c1ccccc1.O=C([O-])c1cccnc1.CC#N
YOGNOB,-3.2045999999999983,250.106590308,3,4,CN1CC(=O)NC1=[NH2+].Nc1ccc(cc1)C(=O)[O-]
YOGWIE,3.790400000000003,467.2208917879999,3,5,CC[n+]1c2cc(N)ccc2c2ccc(N)cc2c1c1ccccc1.O=C([O-])c1ccccc1.CO
YOHCUX,4.090540000000004,417.287908728,2,4,C[N+](C)(C)CC(=O)[O-].CC(C)c1ccc(C)cc1O.CC(C)c1ccc(C)cc1O
YOHIBM10,-1.7659999999999951,390.171020404,3,3,[Cl-].COC(=O)C1C(O)CCC2C[NH+]3CCC4=C(Nc5ccccc45)C3CC12
YOKSAU,0.47769999999999996,309.011288724,2,4,Nc1ccc(cc1)C(=O)[O-].Nc1[nH+]cc(Br)cc1
YOKTIF,-7.811999999999998,221.030229404,4,7,O=[Cl](=O)(=O)[O-].[NH3+]C(CO)(CO)CO
YOLQOF,0.19349999999999962,292.15354049999996,1,7,C1N2CN3CN1CN(C2)C3.COc1cc(C=O)ccc1O
YONKUJ,-0.2977000000000003,360.05621161199997,2,7,[NH3+]c1ccc(cc1)S(=O)(=O)Nc1ncccn1.CCS(=O)(=O)[O-]
YONLAQ,-1.2023000000000006,460.07225559999983,3,8,[NH3+]c1ccc(cc1)S(=O)(=O)Nc1ncccn1.Oc1ccc(cc1)S(=O)(=O)[O-].O.O
YORJOF,-1.1998999999999989,267.11067264400003,3,4,O=C([O-])C1C[NH2+]CCC1.OC(=O)c1ccccc1O
YOSMOI,2.1783,460.1052699799999,3,9,COc1cnc(NS(=O)(=O)c2ccc(N)cc2)nc1.CC(=O)Oc1ccccc1C(O)=O
YOTMUQ,-3.5159999999999996,249.017077876,4,5,ClC(Cl)C(=O)[O-].[NH3+]C(CO)(CO)CO
YOTXOV,-2.146599999999993,384.2027758799099,2,7,COCCc1ccc(OCC(O)C[NH2+]C(C)C)cc1.O=C([O-])CCC(=O)[O-]
YOTYUF,0.0030000000000012794,382.12886254800003,2,7,CCN1C=C(C(O)=O)C(=O)c2cc(F)c(cc12)N1CC[NH2+]CC1.O=N(=O)[O-]
YOVCOD,1.9134,223.120843404,2,3,CCCCOc1ccc(CC(=O)NO)cc1
YOVCOD01,1.9134,223.120843404,2,3,CCCCOc1ccc(CC(=O)NO)cc1
YOVMAA,1.6031199999999994,371.093977024,1,6,O=C1NS(=O)(=O)c2ccccc12.CN1N(C(=O)C=C1C)c1ccccc1
YOVMEE,1.26222,347.14812077199997,2,6,CN(C)C1=C(C)N(C)N(c2ccccc2)C1=O.OC(=O)C=CC(O)=O
YOVMUS,-0.9497,316.09153449999997,4,6,[S-]C1=Nc2ccccc2S1.OCC[NH+](CCO)CCO
YOVMUU,1.1962199999999998,304.105921612,2,5,CN1N(C(=O)C=C1C)c1ccccc1.OC(=O)C=CC(O)=O
YOVMUU01,1.1962199999999998,304.105921612,2,5,CN1N(C(=O)C=C1C)c1ccccc1.OC(=O)C=CC(O)=O
YOVYUD,2.7613000000000003,468.97590904,1,1,C[NH+](C)CCC=C1c2ccccc2Sc2ccc(Cl)cc12.[Cl-].ClC(Cl)Cl
YOVZEO,-0.24449999999999572,313.159727448,1,0,[Cl-].C[NH+](C)CCC=C1c2ccccc2CCc2ccccc12
YOWDIX,-9.592600000000008,327.15213727591,4,6,[NH3+]C(CCCNC(N)=[NH2+])C(=O)[O-].O=C([O-])CCC(=O)[O-].O.O
YOWTAH,4.402500000000004,455.23078777599994,1,7,CCOC(=O)C1=C(C)NC(=C(C1c1ccccc1C=CC(=O)OC(C)(C)C)C(=O)OCC)C
YOWTAH01,4.402500000000004,455.23078777599994,1,7,CCOC(=O)C1=C(C)NC(=C(C1c1ccccc1C=CC(=O)OC(C)(C)C)C(=O)OCC)C
YOWYIS,2.3632,401.22932699999996,0,0,[Br-].CCCCCCCCCCCC[N+](C)(C)Cc1ccccc1.O
YOYWUE,-1.4409999999999945,333.13261318008995,3,5,C[N+](C)(C)CC(O)=O.C[N+](C)(C)CC(O)=O.OS(=O)(=O)[O-]
YOYXUI,1.4652999999999996,233.068807832,3,3,OC(=O)c1ccccc1O.O=C1NC=CC=C1
YOYYAP,-0.0380000000000002,233.068807832,2,4,Oc1ccccc1C(=O)[O-].Oc1c[nH+]ccc1
YOYYAP01,-0.0380000000000002,233.068807832,2,4,Oc1ccccc1C(=O)[O-].Oc1c[nH+]ccc1
YUBDIM,-0.6143999999999977,404.2311221239999,2,4,O=C1CCCC2C3CCC[NH+]4CCCC(CN12)C34.Oc1ccccc1C(=O)[O-].O
YUCPIW,1.8295,312.15862588,2,6,Oc1ccc(O)cc1.C1N2CN3CN1CN(C2)c1ccccc31
YUCRAQ,-1.5671000000000002,290.98452829599995,2,4,Nc1[nH+]nc(c(N)n1)c1cccc(Cl)c1Cl.[Cl-]
YUDDIM,-0.08059999999999962,378.04814902799995,2,9,[NH3+]C(CCSC)C(O)=O.O=N(=O)c1cc(c([O-])c(c1)N(=O)=O)N(=O)=O
YUFMAN,-3.739999999999998,300.08136374,4,7,CN(C)C(=S)SCC(=O)[O-].[NH3+]C(CO)(CO)CO
YUGZEI,1.1683000000000001,388.130218212,2,5,CCc1[nH+]c(N)nc(N)c1c1ccc(Cl)cc1.O=C([O-])c1ccccc1.O
YUGZEI01,1.1683000000000001,388.130218212,2,5,CCc1[nH+]c(N)nc(N)c1c1ccc(Cl)cc1.O=C([O-])c1ccccc1.O
YUGZEI02,1.1683000000000001,388.130218212,2,5,CCc1[nH+]c(N)nc(N)c1c1ccc(Cl)cc1.O=C([O-])c1ccccc1.O
YUHGAJ,-4.8748999999999985,192.111006992,2,4,[NH3+]CCCCC([NH3+])C(=O)[O-].O=C[O-]
YUHGEN,-4.8748999999999985,192.111006992,2,4,[NH3+]CCCCC([NH3+])C(=O)[O-].O=C[O-]
YUJBIS,3.057800000000002,368.105833304,2,3,Clc1cccc(Cl)c1Nc1ccccc1CC(=O)[O-].[NH3+]CCCC
YUJBUE,3.8380000000000036,396.137133432,2,3,Clc1cccc(Cl)c1Nc1ccccc1CC(=O)[O-].[NH3+]CCCCCC
YUJCAL,3.5004000000000026,416.105833304,2,3,Clc1cccc(Cl)c1Nc1ccccc1CC(=O)[O-].[NH3+]CCc1ccccc1
YUJHAM,-3.1984999999999966,443.13469447199986,0,4,[Cl-].COc1ccc2cc3[n+](CCc4cc5OCOc5cc34)cc2c1OC.O.O.O.O
YUJHAM01,-3.1984999999999983,443.13469447199986,0,4,COc1ccc2cc3[n+](CCc4cc5OCOc5cc34)cc2c1OC.[Cl-].O.O.O.O
YUJHER,3.314440000000002,274.204513452,0,2,CC(C)N1C=[N+](C(C)C)C(=C1C)C.[O-]c1ccccc1
YUJHIU,-0.7257999999999973,435.1448652319999,1,5,[Cl-].COc1ccc2cc3[n+](CCc4cc5OCOc5cc34)cc2c1OC.CCO.O
YUJHOA,-1.5490999999999977,451.0630495239999,0,4,[Br-].COc1ccc2cc3[n+](CCc4cc5OCOc5cc34)cc2c1OC.O.O
YUJHUG,0.10030000000000117,463.0280560559999,0,4,[I-].COc1ccc2cc3[n+](CCc4cc5OCOc5cc34)cc2c1OC
YUJJOE,4.971240000000004,467.18450627999994,3,5,Cc1ccc(cc1)C(=NNC(=O)c1ccncc1)c1ccc(C)cc1.OC(=O)c1ccccc1O
YUJJOE01,4.971240000000004,467.18450627999994,3,5,Cc1ccc(cc1)C(=NNC(=O)c1ccncc1)c1ccc(C)cc1.OC(=O)c1ccccc1O
YUJKAR,4.420400000000004,482.19540531199993,3,6,CN(C)c1ccc(cc1)C(=NNC(=O)c1ccncc1)c1ccccc1.OC(=O)c1ccccc1O
YUJNAU,3.9366000000000025,454.16410518399994,4,6,Nc1ccc(cc1)C(=NNC(=O)c1ccncc1)c1ccccc1.OC(=O)c1ccccc1O
YUJNEY,3.9366000000000025,454.16410518399994,4,6,Nc1ccc(cc1)C(=NNC(=O)c1ccncc1)c1ccccc1.OC(=O)c1ccccc1O
YUJQUR,4.354400000000004,439.15320615199994,3,5,O=C(NN=C(c1ccccc1)c1ccccc1)c1ccncc1.OC(=O)c1ccccc1O
YUJRAY,4.662820000000004,453.16885621599994,3,5,Cc1ccc(cc1)C(=NNC(=O)c1ccncc1)c1ccccc1.OC(=O)c1ccccc1O
YULGIW,2.972200000000001,295.095691276,2,4,COC(=O)NC1=Nc2cc(ccc2N1)C(=O)c1ccccc1
YULREF,1.3892999999999989,493.1860430759999,3,7,CC(=O)NCC1CN(C(=O)O1)c1ccc(N2CCOCC2)c(F)c1.OC(=O)c1ccc(O)cc1.O
YULSIL,3.3872000000000018,236.094963004,1,1,NC(=O)N1c2ccccc2C=Cc2ccccc12
YUPNUV,0.3641999999999995,281.11240396,3,7,CCN1C=Nc2c(N)ncnc12.OC(=O)CCC(O)=O
YUQWIU,-2.691099999999998,272.08691748399997,3,6,OC(=O)C(=O)[O-].CN(C)N=NC1=C(NC=[NH+]1)C(N)=O
YUQWOA,-2.9595999999999982,316.11313223199994,3,6,CN(C)N=NC1=C([NH+]=CN1)C(N)=O.OC(=O)C=CC(=O)[O-].O
YUQWUG,-0.21929999999999988,298.10256754799997,4,6,CN(C)N=NC1=C(NC=N1)C(N)=O.OC(=O)C=CC(O)=O
YUQXAN,0.004700000000000482,300.11821761199997,4,6,OC(=O)CCC(O)=O.CN(C)N=NC1=C(NC=N1)C(N)=O
YUQXUH,3.644280000000002,410.19540531200005,4,6,Nc1ccc(cc1)C(O)=O.Nc1ccc(cc1)C(O)=O.Cc1nc(C)c(C)nc1C
YUSKEG,0.7737000000000027,427.1914215,1,3,[Cl-].OC(C(=O)OC1CC2CCC(C1)[N+]12CCCC1)(c1ccccc1)c1ccccc1
YUSSOY,0.1931000000000026,470.0833836079999,3,4,[Cl-].C[NH+](C)CCCN1c2ccccc2Sc2ccc(Cl)cc12.OC(=O)C=CC(O)=O
YUSSUE,0.41710000000000147,472.09903367199985,3,4,C[NH+](C)CCCN1c2ccccc2Sc2ccc(Cl)cc12.[Cl-].OC(=O)CCC(O)=O
YUTBUK,3.9785800000000036,449.314123476,4,5,CC(CCC(O)=O)C1CCC2C3C(O)CC4CC(O)CCC4(C)C3CC(O)C12C.CC#N
YUXDOM,0.05840000000000267,425.04826646391007,2,6,O=S(=O)([O-])CCS(=O)(=O)[O-].[NH2+]=C(O)N1c2ccccc2C=Cc2ccccc12
YUYBAY,0.7610799999999995,247.08916641599998,2,5,[S-]C#N.Nc1cc[nH+]cc1.Nc1ccncc1
YUYFUU,4.352000000000005,476.2311221239999,2,7,COc1ccc2nccc(C(O)C3CC4CCN3CC4C=C)c2c1.COC(=O)c1ccc(O)cc1
YUYNUB,0.7516,393.9151423840001,0,4,II.C1N2CN3CN1CN(C2)C3
YUYQAM,3.223100000000002,407.0551946999999,3,8,Nc1nnc(c(N)n1)c1cccc(Cl)c1Cl.COc1cc(C=O)ccc1O
YUYQEQ,1.7144799999999998,434.06609373199996,3,8,Nc1[nH+]nc(c(N)n1)c1cccc(Cl)c1Cl.Oc1ccccc1C(=O)[O-].CC#N
YUYVIX,0.5290000000000001,429.1609939639999,3,5,C[NH+]1CCC(CC1)=C1c2ccccc2CCc2sccc12.OC(CC(O)=O)C(=O)[O-]
YUZTET,-6.454099999999993,297.19988157200004,1,2,[NH3+]CC1(CCCCC1)CC(=O)[O-].O.O.O.O.O.O.O
ZABWIM,3.7448000000000023,292.121177752,2,4,Oc1ccc(O)cc1.c1cncc(c1)C=Cc1cccnc1
ZADYIQ,-9.909900000000002,313.88684895200004,2,6,OC(=O)CC(O)(CC(=O)[O-])C(=O)[O-].[Rb+].[K+]
ZADYIQ01,-9.909900000000002,313.88684895200004,2,6,OC(=O)CC(O)(CC(=O)[O-])C(=O)[O-].[K+].[Rb+]
ZADYIQ02,-9.909900000000002,313.88684895200004,2,6,OC(=O)CC(O)(CC(=O)[O-])C(=O)[O-].[K+].[Rb+]
ZADZAJ,-12.905900000000003,398.79809011209005,2,6,OC(=O)CC(O)(CC(=O)[O-])C(=O)[O-].[Rb+].[K+].[Rb+]
ZADZEN,-9.909900000000002,313.88684895200004,2,6,OC(=O)CC(O)(CC(=O)[O-])C(=O)[O-].[Rb+].[K+]
ZADZIR,3.2183200000000003,454.12864619199996,1,5,Cc1ccc(cc1)C1=CC(=NN1c1ccc(cc1)S(N)(=O)=O)C(F)(F)F.CN(C)C=O
ZADZOX,3.6084200000000015,468.14429625599996,1,5,Cc1ccc(cc1)C1=CC(=NN1c1ccc(cc1)S(N)(=O)=O)C(F)(F)F.CN(C)C(C)=O
ZADZUD,3.7525200000000014,480.14429625599996,1,5,Cc1ccc(cc1)C1=CC(=NN1c1ccc(cc1)S(N)(=O)=O)C(F)(F)F.CN1CCCC1=O
ZAFBAN,3.743520000000002,497.17084535199996,1,5,Cc1ccc(cc1)C1=CC(=NN1c1ccc(cc1)S(N)(=O)=O)C(F)(F)F.CN(C)C(=O)N(C)C
ZAFBIV,3.5086200000000005,459.0898181599999,1,5,Cc1ccc(cc1)C1=CC(=NN1c1ccc(cc1)S(N)(=O)=O)C(F)(F)F.CS(C)=O
ZAGVIR,2.420600000000001,498.1573055519999,2,9,COc1cc(Cc2c[nH+]c(N)nc2N)cc(OC)c1OC.O=S(=O)([O-])c1ccc2ccccc2c1
ZAGVUD,1.2088999999999999,498.10728984800005,2,8,Clc1cc(Cl)cc(c1)C(=O)[O-].COc1cc(Cc2c[nH+]c(N)nc2N)cc(OC)c1OC.O
ZAKSAI,-0.3533,227.042987008,4,4,NC(=O)c1ccccc1O.OC(=O)C(O)=O
ZAKSAI01,-0.3533,227.042987008,4,4,NC(=O)c1ccccc1O.OC(=O)C(O)=O
ZAMXUG,-8.738100000000005,298.071179112,4,4,[Cl-].[Cl-].O.O.[NH3+]Nc1n[nH+]c(NN)c2ccccc12
ZAPDAY,-1.1530999999999978,237.10010796,2,3,O=C([O-])C1[NH2+]CCC1.OC(=O)c1ccccc1
ZAPFAX,-0.08340000000000003,142.07422756,4,4,Oc1ccc(O)cc1.NN
ZAPFEB,0.21960000000000024,156.089877624,3,4,COc1ccc(O)cc1.NN
ZAPFEE,-0.6049000000000009,358.03093940400004,2,9,O=N(=O)c1cc(c([O-])c(c1)N(=O)=O)N(=O)=O.NC1=[NH+]C(=O)NC=C1F
ZAPXOF,-3.467799999999995,197.081871052,2,2,[Cl-].C[N+](C)(C)CC(O)CC(O)=O
ZAQMAH,-5.8775000000000075,359.1823133600001,3,6,[Cl-].C1COCCOCCOCCOCCOCCO1.NC(N)=[NH2+]
ZAQRAO,2.6246,230.105527688,1,3,c1cc(ccn1)c1ccncc1.CCC(O)=O
ZARHAD,-5.877500000000009,403.13179778000006,3,6,C1COCCOCCOCCOCCOCCO1.NC(N)=[NH2+].[Br-]
ZASLUE,1.9458999999999997,497.20813418399996,2,5,CC(C)(Oc1ccc(CCNC(=O)c2ccc(Cl)cc2)cc1)C(=O)[O-].C[NH+](C)Cc1cccnc1
ZATFEJ,2.7279999999999998,327.21982916800005,1,2,CC(C)Cc1ccc(cc1)C(C)C(=O)[O-].[NH3+]C(C)c1ccccc1
ZATGAG,1.4971199999999998,249.10010796,3,5,CN1C=CC(=O)C(=C1C)O.Oc1ccccc1O
ZATGAG01,1.4971199999999998,249.10010796,3,5,CN1C=CC(=O)C(=C1C)O.Oc1ccccc1O
ZATGIO,1.4971199999999998,249.10010796,3,5,CN1C=CC(=O)C(=C1C)O.Oc1ccc(O)cc1
ZATGOU,1.8964399999999995,388.16343648799995,4,8,CN1C=CC(=O)C(=C1C)O.CN1C=CC(=O)C(=C1C)O.Oc1cccc(O)c1
ZATGUA,1.4971199999999996,249.10010796,3,5,CN1C=CC(=O)C(=C1C)O.Oc1cccc(O)c1
ZATJUD,-2.7444999999999986,239.046358136,3,5,[NH3+]C(CCSC)C(O)=O.OC(=O)C(=O)[O-]
ZATYEY,2.44208,476.1596885,3,7,[NH3+]c1nc2Nc3ccccc3N=C(NC(=O)c3ccccc3)c2cc1C#N.O=C([O-])c1ccccc1
ZAZGAK,3.4496400000000014,314.16304256399997,2,3,Cc1cccc(Nc2ccccc2C(O)=O)c1C.CN(C)C=O
ZECSIJ,-0.32359999999999894,424.095662544,2,4,Clc1ccccc1C=CC(=O)[O-].Clc1ccccc1C=CC(=O)[O-].[NH3+]CC[NH3+]
ZECSOP,-1.8139999999999974,446.14376366400006,2,8,O=C([O-])C=Cc1cccc(c1)N(=O)=O.O=C([O-])C=Cc1cccc(c1)N(=O)=O.[NH3+]CC[NH3+]
ZECWUB,-3.8877500000000005,168.075958876,4,3,NC(=O)[C-](C#N)C#N.NC(N)=[NH2+]
ZECWUB01,-3.8877500000000005,168.075958876,4,3,NC(=O)[C-](C#N)C#N.NC(N)=[NH2+]
ZEFTOV,2.18384,246.100442308,2,4,OC(=O)c1ccccc1O.Cc1nccnc1C
ZEFTOV01,2.18384,246.100442308,2,4,OC(=O)c1ccccc1O.Cc1nccnc1C
ZEGBIY,-5.376099999999997,315.10664988400003,2,6,O=C([O-])c1cc(cc(c1)N(=O)=O)C(=O)[O-].[NH2+]1CC[NH2+]CC1.O
ZEGBIY01,-5.376099999999997,315.10664988400003,2,6,O=C([O-])c1cc(cc(c1)N(=O)=O)C(=O)[O-].[NH2+]1CC[NH2+]CC1.O
ZEGBOE,-3.1248999999999976,253.11828344409,3,3,OC(=O)c1ccccc1C(=O)[O-].[NH2+]1CC[NH2+]CC1
ZEGCAR,-4.753999999999998,268.10592161200003,3,5,Oc1cc(cc(c1)C(=O)[O-])C(=O)[O-].[NH2+]1CC[NH2+]CC1
ZEHZEU,1.4069999999999996,476.13323463200004,2,8,NC(=O)C1=CN(Cc2c(F)cccc2F)N=N1.NC(=O)C1=CN(Cc2c(F)cccc2F)N=N1
ZEHZEU01,1.4069999999999996,476.13323463200004,2,8,NC(=O)C1=CN(Cc2c(F)cccc2F)N=N1.NC(=O)C1=CN(Cc2c(F)cccc2F)N=N1
ZEHZEU03,0.7035000000000001,238.066617316,1,4,NC(=O)C1=CN(Cc2c(F)cccc2F)N=N1
ZEJFEZ,4.824200000000005,494.36073931999994,4,5,CC(CCC(O)=O)C1CCC2C3C(O)CC4CC(O)CCC4(C)C3CC(O)C12C.CCC(=O)CC
ZEJFEZ01,4.824200000000005,494.36073931999994,4,5,CC(CCC(O)=O)C1CCC2C3C(O)CC4CC(O)CCC4(C)C3CC(O)C12C.CCC(=O)CC
ZEJLEI,0.2620000000000002,346.0760780279999,1,8,C[N+](C)(C)CC(O)=O.O=N(=O)c1cc(c([O-])c(c1)N(=O)=O)N(=O)=O
ZEJLIM,3.718700000000002,320.116092372,2,3,OC(=O)c1ccccc1.O=C(Nc1cccnc1)c1ccccc1
ZELBIE,-3.6346999999999943,364.16343648799995,3,5,[NH3+]C(CC(=O)[O-])C(=O)[O-].[NH3+]C(C(O)c1ccccc1)c1ccccc1.O
ZELDAY,2.3751999999999995,233.10519334,3,4,COc1ccc(N)cc1.Oc1ccc(O)cc1
ZEMBOL,-3.902899999999998,182.98949066,2,1,[Br-].[NH3+]CCCC(O)=O
ZEMBUR,-3.902899999999998,230.97562656,2,1,[I-].[NH3+]CCCC(O)=O
ZEMCAY,-3.1226999999999974,167.071306368,2,1,[Cl-].[NH3+]CCCCCC(O)=O
ZEMCEC,-3.9473999999999982,229.031355472,2,1,[NH3+]CCCCCC(O)=O.[Br-].O
ZEMCIG,-3.9473999999999982,277.017491372,2,1,[NH3+]CCCCCC(O)=O.[I-].O
ZEMCOM,-0.3658000000000002,194.090271548,2,4,[NH3+]CCCCCC(O)=O.O=N(=O)[O-]
ZEMCUS,-4.882699999999998,231.050964848,2,5,O=[Cl](=O)(=O)[O-].[NH3+]CCCCCC(O)=O
ZEQCEG,-0.35669999999999913,347.12296864399997,3,9,CN1C=NC2=C1C(=O)N(C)C(=O)N2C.Nc1ccc(C(O)=O)c(O)c1
ZEQCIK,-3.668699999999994,395.25325453600004,3,7,Nc1ccc(c(O)c1)C(=O)[O-].C1CN2CCN1CC2.C1CN2CC[NH+]1CC2.O
ZEWRUR,0.18939999999999962,255.957310504,1,3,Nc1cc[nH+]cc1.ClC(Cl)(Cl)C(=O)[O-]
ZEXGUH,4.685100000000003,398.02660443999997,2,4,Oc1ccc(Br)cc1C=Nc1cccnc1.OC(=O)c1ccccc1
ZEXHAO,4.390700000000003,414.02151905999995,3,5,Oc1ccc(Br)cc1C=Nc1cccnc1.OC(=O)c1ccccc1O
ZEXPAW,-0.11240000000000033,425.1829820559999,0,6,Clc1cccc(c1)N1CCN(CCCN2N=C3C=CC=CN3C2=O)CC1.O.O.O
ZEXPAW01,0.7122999999999997,407.1724173719999,0,6,Clc1cccc(c1)N1CCN(CCCN2N=C3C=CC=CN3C2=O)CC1.O.O
ZEXPEA,-2.0513999999999957,499.063586036,1,5,Clc1cccc(c1)N1CC[NH+](CCCN2N=C3C=CC=CN3C2=O)CC1.[I-]
ZEXPOJ,-0.7439000000000007,333.059699692,2,6,NC(=O)c1c[nH+]ccc1.OC(=O)c1cc(ccc1C(=O)[O-])N(=O)=O
ZEXTIF,0.1372999999999996,318.107652928,2,8,CN1C(=O)N(C)C2=C(NC=N2)C1=O.Nc1ccc(cc1)N(=O)=O
ZEXVUV,2.5208200000000005,342.121571676,3,6,CCN1C=C(C(O)=O)C(=O)c2ccc(C)nc12.Oc1cccc(O)c1
ZEXWAC,1.4017199999999992,376.12705098000004,4,7,Oc1cccc(O)c1O.CCN1C=C(C(O)=O)C(=O)c2ccc(C)nc12.O
ZEXWEG,2.5208200000000005,342.121571676,3,6,CCN1C=C(C(O)=O)C(=O)c2ccc(C)nc12.Oc1ccc(O)cc1
ZEXWIK,2.520820000000001,342.121571676,3,6,CCN1C=C(C(O)=O)C(=O)c2ccc(C)nc12.Oc1ccccc1O
ZEYJIY,-9.8208,366.04216472799993,4,4,[Cl-].NC1=[NH+]C(=O)NC=C1F.[Cl-].NC1=[NH+]C(=O)NC=C1F.O.O
ZEYLEX,-2.726,322.9955005319099,2,6,[NH2+]=C1Nc2ccc(OC(F)(F)F)cc2S1.O=C([O-])C(=O)[O-]
ZEYLEX01,-2.726,322.9955005319099,2,6,[NH2+]=C1Nc2ccc(OC(F)(F)F)cc2S1.O=C([O-])C(=O)[O-]
ZEYLEX04,-2.726,322.9955005319099,2,6,[NH2+]=C1Nc2ccc(OC(F)(F)F)cc2S1.O=C([O-])C(=O)[O-]
ZEYRII,0.20339000000000013,310.055817688,3,4,CCc1[nH+]ccc(c1)C(N)=S.O=C1NC(=S)NC(=C1)[O-]
ZEYRII01,0.20339000000000013,310.055817688,3,4,CCc1[nH+]ccc(c1)C(N)=S.O=C1NC(=S)NC(=C1)[O-]
ZEYRII02,0.20339000000000013,310.055817688,3,4,CCc1[nH+]ccc(c1)C(N)=S.O=C1NC(=S)NC(=C1)[O-]
ZEYRII03,0.20339000000000013,310.055817688,3,4,CCc1[nH+]ccc(c1)C(N)=S.O=C1NC(=S)NC(=C1)[O-]
ZEYRII04,0.20339000000000013,310.055817688,3,4,CCc1[nH+]ccc(c1)C(N)=S.O=C1NC(=S)NC(=C1)[O-]
ZEYRII05,0.20339000000000013,310.055817688,3,4,CCc1[nH+]ccc(c1)C(N)=S.O=C1NC(=S)NC(=C1)[O-]
ZEYRII06,0.20339000000000013,310.055817688,3,4,CCc1[nH+]ccc(c1)C(N)=S.O=C1NC(=S)NC(=C1)[O-]
ZEYRII07,0.20339000000000013,310.055817688,3,4,CCc1[nH+]ccc(c1)C(N)=S.O=C1NC(=S)NC(=C1)[O-]
ZEYRII08,0.20339000000000013,310.055817688,3,4,CCc1[nH+]ccc(c1)C(N)=S.O=C1NC(=S)NC(=C1)[O-]
ZEYRII09,0.20339000000000013,310.055817688,3,4,CCc1[nH+]ccc(c1)C(N)=S.O=C1NC(=S)NC(=C1)[O-]
ZEYRII10,0.20339000000000013,310.055817688,3,4,CCc1[nH+]ccc(c1)C(N)=S.O=C1NC(=S)NC(=C1)[O-]
ZEYRII11,0.20339000000000013,310.055817688,3,4,CCc1[nH+]ccc(c1)C(N)=S.O=C1NC(=S)NC(=C1)[O-]
ZEYRII12,0.20339000000000013,310.055817688,3,4,CCc1[nH+]ccc(c1)C(N)=S.O=C1NC(=S)NC(=C1)[O-]
ZEYRII13,0.20339000000000013,310.055817688,3,4,CCc1[nH+]ccc(c1)C(N)=S.O=C1NC(=S)NC(=C1)[O-]
ZEYRII14,0.20339000000000013,310.055817688,3,4,CCc1[nH+]ccc(c1)C(N)=S.O=C1NC(=S)NC(=C1)[O-]
ZEYRII15,0.20339000000000013,310.055817688,3,4,CCc1[nH+]ccc(c1)C(N)=S.O=C1NC(=S)NC(=C1)[O-]
ZEYRII16,0.20339000000000013,310.055817688,3,4,CCc1[nH+]ccc(c1)C(N)=S.O=C1NC(=S)NC(=C1)[O-]
ZEYRII17,0.20339000000000013,310.055817688,3,4,CCc1[nH+]ccc(c1)C(N)=S.O=C1NC(=S)NC(=C1)[O-]
ZEYRII18,0.20339000000000013,310.055817688,3,4,CCc1[nH+]ccc(c1)C(N)=S.O=C1NC(=S)NC(=C1)[O-]
ZEYRII19,0.20339000000000013,310.055817688,3,4,CCc1[nH+]ccc(c1)C(N)=S.O=C1NC(=S)NC(=C1)[O-]
ZEYRII20,0.20339000000000013,310.055817688,3,4,CCc1[nH+]ccc(c1)C(N)=S.O=C1NC(=S)NC(=C1)[O-]
ZEYRII21,0.20339000000000013,310.055817688,3,4,CCc1[nH+]ccc(c1)C(N)=S.O=C1NC(=S)NC(=C1)[O-]
ZEYRII22,0.20339000000000013,310.055817688,3,4,CCc1[nH+]ccc(c1)C(N)=S.O=C1NC(=S)NC(=C1)[O-]
ZEYRII23,0.20339000000000013,310.055817688,3,4,CCc1[nH+]ccc(c1)C(N)=S.O=C1NC(=S)NC(=C1)[O-]
ZEYRII24,0.20339000000000013,310.055817688,3,4,CCc1[nH+]ccc(c1)C(N)=S.O=C1NC(=S)NC(=C1)[O-]
ZEYRII52,0.20339000000000013,310.055817688,3,4,CCc1[nH+]ccc(c1)C(N)=S.O=C1NC(=S)NC(=C1)[O-]
ZEYRII53,0.20339000000000013,310.055817688,3,4,CCc1[nH+]ccc(c1)C(N)=S.O=C1NC(=S)NC(=C1)[O-]
ZEYSAA,2.6512200000000004,266.116761068,1,4,Cc1ccnc2N(C3CC3)c3ncccc3C(=O)Nc12
ZIBCOG,-0.5998999999999997,217.085126592,1,4,O=C([O-])c1cccnc1.[NH3+]c1ccccn1
ZICKUV,1.3072999999999997,439.1267166319999,1,7,COc1ccc2cc3[n+](CCc4cc5OCOc5cc34)cc2c1OC.OC(=O)CC(=O)[O-]
ZIDBET,-2.324899999999994,421.22445294400006,1,5,[Cl-].O=C1CC2(CCCC2)CC(=O)N1CCCC[NH+]1CCN(CC1)c1ncccn1
ZIGFON,4.702100000000003,483.19248411999996,2,5,CC(C)(Oc1ccc(CCNC(=O)c2ccc(Cl)cc2)cc1)C(O)=O.CN(C)c1ccncc1
ZIJZIF,0.8739999999999997,378.039878984,2,7,Nc1[nH+]nc(c(N)n1)c1cccc(Cl)c1Cl.O=C([O-])c1ccncc1
ZIKDUV,-3.1283999999999996,221.03328162991002,1,4,NC(=O)c1c[nH+]ccc1.O=P([O-])[O-].O
ZIKFOR,1.14277,248.15247788,1,2,CCCC1CN(C(CC)C(N)=O)C(=O)C1.[C][C][C]
ZIKGAE,1.2240600000000001,260.15247788,1,2,CCCC1CN(C(CC)C(N)=O)C(=O)C1.[C][C]([C])[C]
ZIKJOS,-2.896999999999996,239.092435736,1,3,CC(=O)OC(CC(O)=O)C[N+](C)(C)C.[Cl-]
ZIKPIU,1.9325999999999999,410.111400916,4,7,Oc1ccc(cc1)C1=COc2cc(O)cc(O)c2C1=O.NC(=O)c1cccnc1.O
ZIKPIU01,1.9325999999999999,410.111400916,4,7,Oc1ccc(cc1)C1=COc2cc(O)cc(O)c2C1=O.NC(=O)c1cccnc1.O
ZIKPOY,0.5638000000000005,400.09566254399994,4,5,Clc1cccc(Cl)c1Nc1ccccc1CC(=O)[O-].OCC[NH2+]CCO
ZIKQOB,0.06540000000000012,335.03896424799996,1,7,OC(=O)c1c[nH+]ccc1.O=C([O-])c1cc(cc(c1)N(=O)=O)N(=O)=O
ZIKQOB01,0.06540000000000012,335.03896424799996,1,7,OC(=O)c1c[nH+]ccc1.O=C([O-])c1cc(cc(c1)N(=O)=O)N(=O)=O
ZILDIL,0.4588999999999997,374.1226342959999,3,8,CN1C(=O)N(C)C2=C(NC=N2)C1=O.COc1cc(C=CC(O)=O)ccc1O
ZILNER,-3.209299999999997,270.10844703209,3,5,Oc1ccc(cc1C(=O)[O-])N(=O)=O.[NH2+]1CC[NH2+]CC1
ZIMBOO,-3.5400999999999976,173.024356176,3,1,[Cl-].[NH2+]=C(O)c1ccccc1O
ZIMCEF,-0.783199999999999,200.043321356,3,4,O=N(=O)[O-].[NH2+]=C(O)c1ccccc1O
ZIMCIJ,-5.300099999999998,237.004014656,3,5,O=[Cl](=O)(=O)[O-].[NH2+]=C(O)c1ccccc1O
ZIMCOP,-3.7399999999999984,249.000055344,3,1,[Br-].CC(O)=[NH+]c1ccc(O)cc1.O
ZIMCOP01,-3.7399999999999993,249.000055344,3,1,CC(O)=[NH+]c1ccc(O)cc1.[Br-].O
ZIMHIO,-0.4148,273.07832696,3,5,CC(=O)NS(=O)(=O)c1ccc(N)cc1.CC(N)=O
ZIMHIO01,-0.4148,273.07832696,3,5,CC(=O)NS(=O)(=O)c1ccc(N)cc1.CC(N)=O
ZINYAA,0.4136999999999994,390.15795718399994,3,5,CC1CC23C=CC(=O)CC2Nc2ccccc2C3=[NH+]1.Oc1ccccc1C(=O)[O-]
ZIPCEI,-2.6525599999999976,460.0582725439999,2,9,Cc1[nH+]cc(C[N+]2=CSC(=C2C)CCOP(=O)([O-])OP(O)(=O)[O-])c(N)n1.O.O
ZIPCIM,-3.477259999999997,478.0688372279999,2,9,Cc1[nH+]cc(C[N+]2=CSC(=C2C)CCOP(=O)([O-])OP(O)(=O)[O-])c(N)n1.O.O.O
ZIPWOM,-3.0662999999999982,121.073893212,1,2,O.[NH3+]CCCC(=O)[O-]
ZIPWOM01,-3.0662999999999982,121.073893212,1,2,O.[NH3+]CCCC(=O)[O-]
ZIQDUA,3.107500000000001,461.131088716,3,7,CN1C(=O)N(C)C2=C(NC=N2)C1=O.OC(=O)c1ccccc1Nc1cccc(c1)C(F)(F)F
ZIQFAI,4.522100000000002,376.10347700000005,3,3,OC(=O)c1ccccc1Nc1cccc(c1)C(F)(F)F.O=C1NC=CC=C1
ZIRWEG,-0.0677000000000001,275.115758024,3,4,[NH3+]CCc1ccc(O)c(O)c1.O=C([O-])c1ccccc1
ZIRWIK,-0.15949999999999975,320.10083623199995,3,6,[NH3+]CCc1ccc(O)c(O)c1.O=C([O-])c1ccc(cc1)N(=O)=O
ZIRWOQ,-2.0409999999999977,342.03228205191,3,8,O=S(=O)([O-])CCS(=O)(=O)[O-].[NH3+]CCc1ccc(O)c(O)c1
ZIRWUW,-0.6462000000000003,345.08822294799995,4,6,Oc1ccc(cc1)S(=O)(=O)[O-].[NH3+]CCc1ccc(O)c(O)c1.O
ZIVKEU,-2.8893599999999955,314.176105784,3,2,[Cl-].Cc1cc(c(O)c(C)c1CC1=[NH+]CCN1)C(C)(C)C.O
ZIVTUV,-1.5821199999999962,475.1867117719999,2,9,[NH3+]C1CCCN(C1)C1=CC(=O)N(C)C(=O)N1Cc1cc(F)ccc1C#N.OC(=O)CCC(=O)[O-]
ZIVTUV01,-1.5821199999999962,475.1867117719999,2,9,[NH3+]C1CCCN(C1)C1=CC(=O)N(C)C(=O)N1Cc1cc(F)ccc1C#N.OC(=O)CCC(=O)[O-]
ZIXCAM,0.18731999999999982,204.089877624,1,2,O=C([O-])c1ccccc1.CC1=C[NH+]=CN1
ZIYDAP,1.6574999999999998,388.0340771119999,3,7,NC1=[NH+]c2ccc(OC(F)(F)F)cc2S1.Oc1ccc(O)c(c1)C(=O)[O-]
ZIYDET,-0.7998000000000001,269.984146152,1,3,NC1=[NH+]c2ccc(OC(F)(F)F)cc2S1.[Cl-]
ZIYDET01,-2.2081999999999997,269.984146152,2,2,[NH2+]=C1Nc2ccc(OC(F)(F)F)cc2S1.[Cl-]
ZIYDOD,0.6355999999999999,331.9843636459999,3,5,NC1=[NH+]c2ccc(OC(F)(F)F)cc2S1.OP(O)(=O)[O-]
ZIYFAR,2.1544999999999996,401.0293260799999,1,7,NC1=[NH+]c2ccc(OC(F)(F)F)cc2S1.O=C([O-])c1ccc(cc1)N(=O)=O
ZIYFEV,1.9518999999999995,372.03916249199995,2,6,NC1=[NH+]c2ccc(OC(F)(F)F)cc2S1.Oc1ccccc1C(=O)[O-]
ZIYFOF,4.187700000000002,446.07594192399995,2,8,COc1cc(cc(OC)c1OC)C(O)=O.NC1=Nc2ccc(OC(F)(F)F)cc2S1
ZIYFUL,2.9576000000000002,356.05548125200005,2,6,NC1=Nc2ccc(OC(F)(F)F)cc2S1.NC(=O)c1cccnc1
ZIYRUY01,4.967620000000005,306.173213324,1,3,CC(C)c1ccc(C)cc1O.c1cc(ccn1)c1ccncc1
ZOCPIU,1.5000999999999998,206.06914218,3,3,OC(=O)c1ccccc1O.N1C=CN=C1
ZOCRIU,3.738240000000003,462.18379507200007,2,7,Cc1cc(C)nc(NS(=O)(=O)c2ccc(N)cc2)n1.C(Cc1ccncc1)c1ccncc1
ZOFPUJ,3.3872000000000018,236.094963004,1,1,NC(=O)N1c2ccccc2C=Cc2ccccc12
ZOFQAQ,3.3872000000000018,236.094963004,1,1,NC(=O)N1c2ccccc2C=Cc2ccccc12
ZOGCOP,-0.9044299999999998,131.069476528,4,2,OC(=O)C=C.NC(N)=N
ZOGSOD,1.741,446.20663869200007,2,7,CCCc1[nH+]c(c(C(=O)[O-])n1Cc1ccc(cc1)c1ccccc1C1=NN=NN1)C(C)(C)O
ZOJZAD,1.4847000000000001,448.08305522799986,4,7,NC(=O)C1=CN(Cc2c(F)cccc2F)N=N1.OC(=O)c1cc(cc(c1)C(O)=O)C(O)=O
ZOJZAD01,1.4847000000000001,448.08305522799986,4,7,NC(=O)C1=CN(Cc2c(F)cccc2F)N=N1.OC(=O)c1cc(cc(c1)C(O)=O)C(O)=O
ZOKCUB,-0.48989999999999956,213.063722452,2,3,OC(=O)CCC(O)=O.[O-]c1cc[nH+]cc1
ZOKNUM,-1.0725999999999978,349.157534528,1,1,Clc1ccc(CCCOCCC[NH+]2CCCCC2)cc1.[Cl-].O
ZOKQEZ,-1.072599999999997,349.157534528,1,1,[Cl-].Clc1ccc(CCCOCCC[NH+]2CCCCC2)cc1.O
ZOKQOJ,-1.0725999999999978,349.157534528,1,1,Clc1ccc(CCCOCCC[NH+]2CCCCC2)cc1.[Cl-].O
ZOKQUP,-1.0725999999999978,349.157534528,1,1,Clc1ccc(CCCOCCC[NH+]2CCCCC2)cc1.[Cl-].O
ZOKSIF,-9.078000000000007,472.05160264018,4,9,[O][Si]([O])([O])O[B-]12OB(O[Si])O[B-](O[Si])(OB(O[Si])O1)O2.[NH3+]CC[NH3+].[NH3+]CC[NH3+]
ZOLDOT,-8.440060000000003,238.05360617208999,3,4,NC(N)=[NH2+].[Na+].[Na+].N#CN=C([N-]C#N)[N-]C#N
ZOMDOU,3.399800000000001,415.24497706399995,1,1,[Br-].CCCC[N+](CCCC)(CCCC)CCCC.Oc1ccccc1
ZONWUY,-0.565199999999999,256.092002864,4,8,NC(N)=C(N(=O)=O)N(=O)=O.Nc1ccc(N)cc1
ZOTBOD,2.1339,489.23626707999995,3,8,C[N+](C)(C)CC(=O)[O-].COc1cc(CCC(O)=CC(=O)CCc2ccc(O)c(OC)c2)ccc1O
ZOTFAT,0.8844000000000019,448.12229453609,3,4,Clc1cccc(Cl)c1Nc1ccccc1CC(=O)[O-].CS(C)=O.[NH3+]CCC[NH3+]
ZOTHOJ,0.35810000000000014,468.0428467359099,1,7,O=S(=O)([O-])c1cccc2c1cccc2S(=O)(=O)[O-].Oc1cccc2ccc[nH+]c12.O.O
ZOTKEB,3.0215000000000005,363.12190602400005,3,5,OC(=O)c1ccc(cc1)N=Cc1ccccc1O.NC(=O)c1cccnc1
ZOTSOT,-3.114799999999998,284.11396087591,3,6,C[NH2+]CC(O)c1ccc(O)cc1.O=C([O-])CCC(=O)[O-]
ZOVQOT,1.3904,448.13290237199993,1,9,CN1N=NC(=N1)c1ccc(cn1)c1ccc(cc1F)N1CC(CO)OC1=O.CS(C)=O
ZOWZIX,-2.911699999999999,456.75327243199996,2,1,I[I-]I.[NH3+]CC(O)=O
ZOXVUF,3.306420000000001,398.104876056,3,7,CC1=CC(=NO1)NS(=O)(=O)c1ccc(N)cc1.Oc1cccc2cccnc12
ZOYCEX,1.2795,290.09027154800003,3,5,COc1cc(ccc1O)C(O)=O.NC(=O)c1cccnc1
ZOYFAU,-1.184599999999999,232.072907232,2,5,O=S(=O)([O-])[O-].[NH4+].C[N+](C)(C)CC(O)=O
ZOYMOP01,3.8792000000000026,288.208930136,1,2,CC12CCC3C(CC=C4CC(O)CCC34C)C1CCC2=O
ZOYMOP02,3.8792000000000026,288.208930136,1,2,CC12CCC3C(CC=C4CC(O)CCC34C)C1CCC2=O
ZOYMOP04,3.8792000000000026,288.208930136,1,2,CC12CCC3C(CC=C4CC(O)CCC34C)C1CCC2=O
ZOYMOP06,3.8792000000000026,288.208930136,1,2,CC12CCC3C(CC=C4CC(O)CCC34C)C1CCC2=O
ZOYMOP08,3.8792000000000026,288.208930136,1,2,CC12CCC3C(CC=C4CC(O)CCC34C)C1CCC2=O
ZOYMOT,-2.116799999999998,223.099062404,3,3,O=S(=O)([O-])C1CCCCC1.NC(N)=[NH2+]
ZOYNAC,3.4877000000000025,320.23514488399996,2,3,CC12CCC3C(CC=C4CC(O)CCC34C)C1CCC2=O.CO
ZOYNAC01,3.4877000000000025,320.23514488399996,2,3,CC12CCC3C(CC=C4CC(O)CCC34C)C1CCC2=O.CO
ZOYXAP,1.4459000000000002,318.065199672,4,4,FC1=CNC(=O)NC1=O.OC(=O)c1ccc2cc(O)ccc2c1
ZOZWOE,-0.4438999999999975,466.07481555991,3,7,O=S(=O)([O-])c1cccc2c1cccc2S(=O)(=O)[O-].NC(N)=[NH2+].CC(=O)c1ccccc1
ZOZXIZ,-1.2514999999999976,425.0594998439101,3,7,O=S(=O)([O-])c1cccc2c1cccc2S(=O)(=O)[O-].NC(N)=[NH2+].c1ccncc1
ZOZYIA,-0.20309999999999762,482.10611568791,4,7,O=S(=O)([O-])c1cccc2c1cccc2S(=O)(=O)[O-].NC(N)=[NH2+].CCC(O)c1ccccc1
ZUGQEX,-2.5565999999999987,214.24444860209,2,2,[2H]C([2H])(C([2H])([2H])C([2H])([2H])C([2H])([2H])C([2H])([2H])[2H])C(=O)[O-].[NH2+]1CC[NH2+]CC1
ZUGQEX01,-2.556599999999996,203.17540439609,2,2,CCCCCC(=O)[O-].[NH2+]1CC[NH2+]CC1
ZUHYIN,-2.005499999999998,254.112738308,2,7,NC(N)=O.CN1C=NC2=C1C(=O)N(C)C(=O)N2C
ZUJJOH,3.5718000000000014,455.1580167599999,2,7,COc1ccc(Cc2nccc3cc(OC)c(OC)cc23)cc1OC.OC(=O)C=CC(O)=O
ZUJJOH01,3.5718000000000014,455.1580167599999,2,7,COc1ccc(Cc2nccc3cc(OC)c(OC)cc23)cc1OC.OC(=O)C=CC(O)=O
ZUKXIM,-0.14969999999999956,257.10117058000003,4,5,CCC1=CC(=O)NC(=N1)N.OC(=O)CCC(O)=O
ZUMROS,-3.180099999999997,269.098016848,4,4,NC(N)=S.NC(N)=S.C[N+](C)(C)CC(=O)[O-]
ZUMSAF,-3.5098999999999974,237.143704088,4,4,NC(N)=O.NC(N)=O.C[N+](C)(C)CC(=O)[O-]
ZUPZUI,0.6219,268.97771159999996,1,2,[NH3+]Cc1ccc(Cl)cc1.ClC(Cl)C(=O)[O-]
ZURHAY,-5.420499999999994,334.1740011719999,3,5,[NH3+]CCCCC([NH3+])C(=O)[O-].OC(C(=O)[O-])c1ccccc1.O.O
ZUSMAB,1.0395999999999994,243.125928784,1,2,[NH3+]C(C)c1ccccc1.O=C([O-])c1ccccc1
ZUSPEI,2.121699999999999,307.15722891200005,1,2,O=C([O-])Cc1ccccc1.[NH3+]C(C)c1cccc2ccccc12
ZUTPIR,1.4828000000000003,310.11782368800004,3,7,Nc1nc(N)nc(n1)c1ccccc1.OC(=O)c1cccnc1
ZUTRIR,-4.485599999999999,123.053157768,2,3,[NH3+]C(CO)C(=O)[O-].O
ZUTYIA,4.040000000000003,475.32977353999996,3,5,CCCCCc1cc(O)c(C2C=C(C)CCC2C(C)=C)c(O)c1.C[N+](C)(C)CC(O)CC(=O)[O-]
ZUXFOR,0.07680000000000059,349.11863221199997,2,8,CN1C=NC2=C1C(=O)N(C)C(=O)N2C.Nc1cccc(F)c1C(O)=O
ZUYJEK,3.161800000000002,498.1096866639999,0,8,CC1=CC(=O)[N-]S(=O)(=O)O1.COc1ccc2cc3[n+](CCc4cc5OCOc5cc34)cc2c1OC
ZUYLAI,-0.6151999999999997,304.128388372,4,5,NC(=O)c1cccnc1.NC(=O)c1cccnc1.NC(N)=O
ZZZAKD10,0.7153200000000006,402.147409564,3,6,NC(N)=NS(=O)(=O)c1ccc(N)cc1.CN1N(C(=O)C=C1C)c1ccccc1
ZZZBUS01,-4.449699999999999,226.9793199,3,2,[NH3+]C(CCC(O)=O)C(O)=O.[Br-]
ZZZBUV01,-2.1703999999999986,274.96545580000003,2,3,[NH3+]C(CCC(=O)[O-])C(O)=O.I
ZZZDRQ01,-0.11140000000000017,144.042258736,0,4,COC(=O)C=CC(=O)OC
ZZZDRQ02,-0.11140000000000017,144.042258736,0,4,COC(=O)C=CC(=O)OC
ZZZDRQ03,-0.11140000000000017,144.042258736,0,4,COC(=O)C=CC(=O)OC
ZZZDRQ04,-0.11140000000000017,144.042258736,0,4,COC(=O)C=CC(=O)OC
ZZZDTW01,-2.207,209.053551692,4,5,OC(=O)CC(O)(CC(O)=O)C(=O)[O-].[NH4+]
ZZZECG01,-2.6767999999999974,172.040340588,1,2,[Cl-].C[n+]1ccccc1C=NO
ZZZFCS02,-2.742999999999996,259.057176296,2,1,[Br-].C[NH+](C)C(C)C(O)c1ccccc1
ZZZGCU01,2.3524000000000003,404.219888744,2,6,CC(=O)OCC(=O)C1(O)CCC2C3CCC4=CC(=O)CCC4(C)C3C(O)CC12C
ZZZGDA01,2.1284,402.20423868,2,6,CC(=O)OCC(=O)C1(O)CCC2C3CCC4=CC(=O)C=CC4(C)C3C(O)CC12C
ZZZGDA02,2.1284,402.20423868,2,6,CC(=O)OCC(=O)C1(O)CCC2C3CCC4=CC(=O)C=CC4(C)C3C(O)CC12C
ZZZGDA03,2.1284,402.20423868,2,6,CC(=O)OCC(=O)C1(O)CCC2C3CCC4=CC(=O)C=CC4(C)C3C(O)CC12C
ZZZGDA04,2.1284,402.20423868,2,6,CC(=O)OCC(=O)C1(O)CCC2C3CCC4=CC(=O)C=CC4(C)C3C(O)CC12C
ZZZHEM01,0.6714,297.942870584,0,4,BrBr.C1N2CN3CN1CN(C2)C3
ZZZHVI01,-15.065300000000002,323.90521222399997,1,7,[K+].[K+].[K+].O.OC(CC(=O)[O-])(CC(=O)[O-])C(=O)[O-]
ZZZHVI02,-15.065300000000002,323.90521222399997,1,7,[K+].[K+].[K+].O.OC(CC(=O)[O-])(CC(=O)[O-])C(=O)[O-]
ZZZHVI03,-15.065300000000002,323.90521222399997,1,7,[K+].[K+].OC(CC(=O)[O-])(CC(=O)[O-])C(=O)[O-].[K+].O
ZZZMLY01,1.3137,136.052429496,1,1,OC(=O)Cc1ccccc1
ZZZMLY02,1.3137,136.052429496,1,1,OC(=O)Cc1ccccc1
ZZZMNO01,-0.4065999999999991,439.15444578391003,2,7,O=S(=O)([O-])[O-].COc1ccc2nccc(C(O)C3CC4CC[NH+]3CC4C=C)c2c1.O
ZZZMNU01,-10.7346,254.001455776,2,6,OC(=O)CC(O)(CC(=O)[O-])C(=O)[O-].[Na+].O.[Na+]
ZZZMNU02,-10.7346,254.001455776,2,6,OC(=O)CC(O)(CC(=O)[O-])C(=O)[O-].[Na+].O.[Na+]
ZZZMNU03,-10.734600000000002,254.001455776,2,6,OC(=O)CC(O)(CC(=O)[O-])C(=O)[O-].[Na+].[Na+].O
ZZZNAA01,-10.734600000000002,299.94971150599997,2,6,OC(=O)CC(O)(CC(=O)[O-])C(=O)[O-].[Li+].[Rb+].O
ZZZNCU01,2.0939,164.083729624,1,1,OC(=O)CCCc1ccccc1
ZZZPIU01,-3.3110999999999966,183.025876168,1,1,[Br-].C[N+](C)(C)CCO
ZZZPNG03,1.7815999999999999,362.20932406,3,5,CC12CCC(=O)C=C1CCC1C3CCC(O)(C(=O)CO)C3(C)CC(O)C21
ZZZPUS01,1.78302,270.103813436,2,3,CCCCNC(=O)NS(=O)(=O)c1ccc(C)cc1
ZZZPUS02,1.78302,270.103813436,2,3,CCCCNC(=O)NS(=O)(=O)c1ccc(C)cc1
ZZZPUS04,1.78302,270.103813436,2,3,CCCCNC(=O)NS(=O)(=O)c1ccc(C)cc1
ZZZPUS06,1.78302,270.103813436,2,3,CCCCNC(=O)NS(=O)(=O)c1ccc(C)cc1
ZZZPUS07,1.78302,270.103813436,2,3,CCCCNC(=O)NS(=O)(=O)c1ccc(C)cc1
ZZZPUS10,1.78302,270.103813436,2,3,CCCCNC(=O)NS(=O)(=O)c1ccc(C)cc1
ZZZPUS12,1.78302,270.103813436,2,3,CCCCNC(=O)NS(=O)(=O)c1ccc(C)cc1
ZZZPUS13,1.78302,270.103813436,2,3,CCCCNC(=O)NS(=O)(=O)c1ccc(C)cc1
ZZZPUS14,1.78302,270.103813436,2,3,CCCCNC(=O)NS(=O)(=O)c1ccc(C)cc1
ZZZPUS16,1.78302,270.103813436,2,3,CCCCNC(=O)NS(=O)(=O)c1ccc(C)cc1
ZZZPUS17,1.78302,270.103813436,2,3,CCCCNC(=O)NS(=O)(=O)c1ccc(C)cc1
ZZZPUS18,1.78302,270.103813436,2,3,CCCCNC(=O)NS(=O)(=O)c1ccc(C)cc1
ZZZPUS19,1.78302,270.103813436,2,3,CCCCNC(=O)NS(=O)(=O)c1ccc(C)cc1
ZZZPUS20,1.78302,270.103813436,2,3,CCCCNC(=O)NS(=O)(=O)c1ccc(C)cc1
ZZZPUS22,1.78302,270.103813436,2,3,CCCCNC(=O)NS(=O)(=O)c1ccc(C)cc1
ZZZQOS01,-2.742999999999996,259.057176296,2,1,[Br-].C[NH+](C)C(C)C(O)c1ccccc1
ZZZQRO01,-9.9099,267.938765892,2,6,[K+].[K+].OC(=O)CC(O)(CC(=O)[O-])C(=O)[O-]
ZZZQRO02,-9.909900000000002,267.938765892,2,6,OC(=O)CC(O)(CC(=O)[O-])C(=O)[O-].[K+].[K+]
ZZZQRO03,-9.909900000000002,267.938765892,2,6,OC(=O)CC(O)(CC(=O)[O-])C(=O)[O-].[K+].[K+]
ZZZQRO04,-9.909900000000002,267.938765892,2,6,OC(=O)CC(O)(CC(=O)[O-])C(=O)[O-].[K+].[K+]
ZZZQRO05,-9.909900000000002,267.938765892,2,6,OC(=O)CC(O)(CC(=O)[O-])C(=O)[O-].[K+].[K+]
ZZZQRO06,-9.909900000000002,267.938765892,2,6,OC(=O)CC(O)(CC(=O)[O-])C(=O)[O-].[K+].[K+]
ZZZQSE01,-2.742999999999996,215.107691876,2,1,[Cl-].C[NH+](C)C(C)C(O)c1ccccc1
ZZZQSE03,-2.742999999999996,215.107691876,2,1,[Cl-].C[NH+](C)C(C)C(O)c1ccccc1
ZZZRCG01,4.840100000000005,344.23514488399996,0,3,CCC(=O)OC1CCC2C3CCC4=CC(=O)CCC4(C)C3CCC12C
ZZZRCG02,4.840100000000005,344.23514488399996,0,3,CCC(=O)OC1CCC2C3CCC4=CC(=O)CCC4(C)C3CCC12C
ZZZRFQ01,-4.561399999999995,371.1499506119999,2,3,[Cl-].COc1ccc2CC3[NH+](C)CCC45C(Oc1c24)C(O)C=CC35.O.O
ZZZSAC01,-3.5416999999999987,208.04627523991002,3,6,OC(=O)CC(O)(CC(=O)[O-])C(=O)[O-].[NH4+]
ZZZSAC02,-3.5416999999999987,208.04627523991002,3,6,OC(=O)CC(O)(CC(=O)[O-])C(=O)[O-].[NH4+]
ZZZTSE01,1.5011,299.152143532,1,4,COc1ccc2CC3C4C=CC(O)C5Oc1c2C45CCN3C
ZZZTSE03,1.5011,299.152143532,1,4,COc1ccc2CC3C4C=CC(O)C5Oc1c2C45CCN3C
ZZZTSE04,1.5011,299.152143532,1,4,COc1ccc2CC3C4C=CC(O)C5Oc1c2C45CCN3C
ZZZTZK01,-5.9771,138.974509292,3,0,[Br-].NC(N)=[NH2+]
ZZZTZK02,-5.9771,138.974509292,3,0,[Br-].NC(N)=[NH2+]
ZZZTZK03,-5.9771,138.974509292,3,0,NC(N)=[NH2+].[Br-]
ZZZTZQ02,0.6763999999999999,317.162708216,1,4,COc1ccc2CC3C4C=CC(O)C5Oc1c2C45CCN3C.O
ZZZVLG01,1.2106,144.024500496,2,2,Oc1ccc(O)cc1.S
ZZZVLG11,1.2105999999999995,144.024500496,2,2,S.Oc1ccc(O)cc1
ZZZVLI01,1.0977999999999999,110.036779432,2,2,Oc1ccc(O)cc1
